RowNumber,CustomerId,Surname,CreditScore,Geography,Gender,Age,Tenure,Balance,NumOfProducts,HasCrCard,IsActiveMember,EstimatedSalary,Exited
1,15600000,Sanchez,601,France,Male,44,1,1661.43,2,1,1,44571.32,0
2,15600001,Jones,642,Spain,Male,60,8,74492.91,2,1,1,107328.75,0
3,15600002,Miller,535,Germany,Male,76,9,71799.95,1,1,0,31618.73,1
4,15600003,Perez,383,Germany,Female,51,7,26894.62,1,1,0,107378.28,1
5,15600004,Williams,669,France,Male,42,6,0.0,1,1,0,150903.18,0
6,15600005,Martinez,850,France,Female,62,10,0.0,1,1,1,162567.65,0
7,15600006,Brown,616,France,Male,48,9,172999.14,1,1,1,139938.13,0
8,15600007,Ramirez,742,Spain,Female,43,1,0.0,2,0,1,40497.23,0
9,15600008,Gonzalez,794,Germany,Female,38,1,127052.95,2,1,1,89945.0,0
10,15600009,Rodriguez,467,Germany,Female,59,6,0.0,1,0,1,163427.52,0
11,15600010,Lopez,606,France,Female,68,6,87324.25,1,1,0,147093.8,1
12,15600011,Lee,527,Spain,Female,40,5,143336.02,2,1,0,160581.49,0
13,15600012,Smith,572,Spain,Female,49,9,49380.16,1,1,1,19020.0,0
14,15600013,White,813,France,Male,50,4,0.0,2,0,0,145536.41,0
15,15600014,Jones,671,France,Male,44,5,208770.15,1,1,1,88618.31,0
16,15600015,Thomas,725,France,Male,73,8,92528.59,2,0,0,71387.87,0
17,15600016,Williams,645,France,Male,38,3,108580.79,2,0,0,32351.6,0
18,15600017,Clark,533,Germany,Male,58,9,0.0,1,0,0,47624.69,1
19,15600018,Garcia,715,France,Male,60,0,0.0,2,1,0,120039.37,0
20,15600019,Lopez,770,France,Male,44,8,159240.29,2,1,0,140432.61,0
21,15600020,Gonzalez,680,Germany,Male,42,7,0.0,1,0,0,108932.97,0
22,15600021,Thompson,696,France,Male,46,10,67682.86,1,1,0,193026.6,0
23,15600022,Thomas,531,France,Female,35,1,0.0,2,1,1,37404.7,0
24,15600023,Martin,717,France,Male,77,3,84775.35,4,1,1,114908.98,1
25,15600024,Perez,779,France,Female,46,2,130688.25,2,1,0,148571.17,0
26,15600025,Martin,688,Spain,Male,48,2,147213.66,1,1,1,48080.58,0
27,15600026,Davis,477,France,Female,81,5,0.0,2,0,0,8678.28,1
28,15600027,Lee,807,Germany,Female,36,6,40908.19,1,1,0,47730.45,1
29,15600028,Lewis,559,Germany,Female,51,7,112974.92,1,1,0,1391.25,0
30,15600029,Perez,687,France,Female,62,6,94764.65,1,1,1,91651.85,0
31,15600030,Jackson,741,Germany,Male,77,8,261965.73,1,1,0,8768.08,1
32,15600031,Brown,753,France,Female,37,1,0.0,1,1,0,150300.62,1
33,15600032,Garcia,477,France,Female,80,9,37856.87,2,1,0,180105.88,1
34,15600033,Moore,661,Spain,Female,49,3,218941.3,2,0,1,64168.76,0
35,15600034,Garcia,654,Spain,Female,49,1,0.0,2,0,1,117522.27,0
36,15600035,Miller,788,Spain,Male,40,10,0.0,2,0,1,165175.47,0
37,15600036,White,694,France,Female,53,2,0.0,1,1,1,52508.36,0
38,15600037,Brown,789,France,Male,80,9,36133.54,1,0,0,141412.78,1
39,15600038,Gonzalez,701,Germany,Female,53,0,42679.94,2,1,1,178979.58,1
40,15600039,Gonzalez,642,France,Male,43,7,0.0,1,1,0,137328.5,0
41,15600040,White,668,France,Female,45,4,0.0,2,1,1,136042.76,0
42,15600041,Sanchez,796,France,Male,45,4,115499.52,2,1,0,21396.98,0
43,15600042,Perez,525,France,Male,74,7,77092.74,2,1,1,31720.2,0
44,15600043,Martin,736,Spain,Female,79,10,0.0,1,0,1,117229.92,1
45,15600044,Jackson,589,France,Female,38,8,51895.68,3,1,0,38081.05,1
46,15600045,Brown,569,Germany,Female,41,8,0.0,1,0,0,93439.32,0
47,15600046,Jackson,748,France,Male,42,9,94462.61,3,0,0,174029.28,1
48,15600047,Thompson,565,Germany,Male,46,8,0.0,1,1,0,190179.56,0
49,15600048,Anderson,686,Germany,Female,83,1,138095.85,2,0,1,82575.2,0
50,15600049,Lee,603,France,Female,80,6,92095.69,1,1,1,30172.86,0
51,15600050,Lopez,423,Spain,Female,52,6,93734.62,2,0,1,182628.82,1
52,15600051,Robinson,695,Spain,Male,47,3,82044.8,1,0,1,93512.28,0
53,15600052,Moore,662,Spain,Female,33,4,0.0,2,1,1,57955.35,0
54,15600053,Perez,466,Spain,Male,55,5,55565.91,1,0,1,198729.79,0
55,15600054,Anderson,582,Germany,Male,53,6,233054.9,2,0,0,179916.91,1
56,15600055,White,476,Spain,Male,40,1,152162.28,1,1,1,86413.74,0
57,15600056,Hernandez,720,France,Male,57,9,0.0,2,1,1,10118.21,0
58,15600057,Hernandez,783,France,Female,65,1,0.0,2,1,0,116873.3,0
59,15600058,Lopez,731,France,Male,40,1,102947.36,1,1,1,143310.57,0
60,15600059,Lewis,744,France,Male,46,4,201890.12,2,1,1,1068.89,0
61,15600060,Lee,600,France,Male,64,5,104137.62,2,0,1,66247.77,0
62,15600061,Garcia,702,France,Male,44,10,0.0,1,1,0,18895.36,0
63,15600062,Ramirez,649,Spain,Female,46,5,131118.38,2,1,0,175808.04,0
64,15600063,Perez,667,France,Male,47,2,20698.82,1,0,0,8399.4,0
65,15600064,Johnson,741,France,Male,58,3,89064.43,2,0,1,190075.38,0
66,15600065,Jackson,762,Germany,Female,67,6,20672.82,2,1,1,7026.41,0
67,15600066,Smith,612,France,Female,76,6,0.0,1,0,0,6795.99,1
68,15600067,Thompson,514,Spain,Female,66,5,0.0,1,1,0,86770.55,0
69,15600068,Sanchez,632,France,Male,52,0,94315.79,2,1,1,70608.42,0
70,15600069,Harris,628,Spain,Female,60,9,179017.84,1,1,0,9796.39,0
71,15600070,Garcia,677,Spain,Female,39,5,0.0,1,1,1,158300.83,0
72,15600071,Jones,729,France,Female,86,0,126083.55,2,0,1,13149.3,0
73,15600072,Sanchez,466,France,Female,43,10,0.0,1,1,0,12132.26,1
74,15600073,Thomas,585,Spain,Male,59,4,212335.14,2,1,0,97158.77,0
75,15600074,Moore,557,Germany,Female,54,5,143204.1,2,1,1,69833.89,0
76,15600075,Anderson,770,Germany,Male,38,6,50847.39,1,1,0,28319.0,0
77,15600076,Thompson,629,Spain,Male,44,7,93959.09,2,0,0,24538.49,0
78,15600077,Jones,600,France,Male,68,8,184234.02,2,1,0,193971.87,0
79,15600078,Perez,701,France,Male,50,5,0.0,1,0,1,128703.77,0
80,15600079,Lewis,593,France,Female,42,10,49869.6,2,1,0,41827.05,0
81,15600080,Williams,648,Spain,Female,49,6,0.0,2,1,0,64243.23,0
82,15600081,Rodriguez,824,Germany,Female,42,3,181360.37,2,1,0,132383.46,0
83,15600082,Hernandez,821,France,Female,46,9,160124.58,2,1,1,17477.59,0
84,15600083,Lewis,610,France,Male,37,6,0.0,1,1,0,71488.21,0
85,15600084,Moore,632,France,Male,52,9,0.0,1,0,0,5602.63,0
86,15600085,Brown,590,France,Female,54,0,35866.0,2,0,1,121109.53,0
87,15600086,Moore,465,Germany,Female,46,2,103908.66,2,1,1,170896.43,0
88,15600087,Smith,749,Germany,Male,68,0,212808.25,1,1,0,180439.86,1
89,15600088,Robinson,850,Spain,Female,47,10,0.0,2,1,1,128953.79,0
90,15600089,Davis,607,France,Male,50,7,97975.12,2,1,0,161755.77,0
91,15600090,Sanchez,571,France,Male,45,2,57183.36,1,1,0,152257.41,0
92,15600091,Garcia,623,Germany,Male,48,6,145854.59,2,1,1,4118.94,0
93,15600092,Taylor,658,Spain,Male,61,1,170221.17,1,0,0,34192.08,0
94,15600093,Johnson,540,Germany,Female,39,4,0.0,2,1,0,13182.21,0
95,15600094,Robinson,605,Spain,Female,57,2,83663.98,2,0,1,56019.5,0
96,15600095,Anderson,747,France,Male,44,9,65195.78,2,1,1,16846.4,0
97,15600096,Lewis,662,Germany,Female,40,2,28883.49,2,1,1,101832.17,0
98,15600097,Smith,771,France,Female,48,4,0.0,1,0,0,38352.07,1
99,15600098,Brown,685,France,Male,74,7,144993.12,1,0,1,34111.14,0
100,15600099,Lewis,545,France,Male,59,1,15535.55,2,1,1,196864.46,0
101,15600100,Lewis,594,France,Female,48,10,153457.05,2,1,1,182964.92,0
102,15600101,Sanchez,673,Germany,Female,42,3,0.0,2,0,0,39872.41,1
103,15600102,Perez,542,France,Female,79,3,138716.04,1,0,0,41356.78,1
104,15600103,Moore,529,Germany,Male,55,10,70744.19,1,0,0,146683.19,1
105,15600104,Jones,535,Spain,Female,52,4,0.0,1,1,0,131228.51,0
106,15600105,Jackson,699,France,Male,59,5,81004.47,2,1,0,60568.11,0
107,15600106,Rodriguez,614,France,Male,60,8,68796.08,1,1,0,173185.66,1
108,15600107,Brown,763,Spain,Male,47,4,27308.07,2,1,1,24352.36,0
109,15600108,Jones,563,France,Male,63,9,94511.02,1,1,1,155043.56,0
110,15600109,Taylor,414,France,Male,38,7,0.0,2,1,0,181372.66,0
111,15600110,Ramirez,637,France,Male,59,4,142354.42,2,1,1,30207.57,0
112,15600111,Clark,808,France,Male,47,2,24065.52,1,1,1,111427.03,0
113,15600112,Jackson,653,Spain,Female,69,5,77850.66,1,0,0,11421.86,1
114,15600113,Martinez,518,Spain,Male,46,3,0.0,2,0,1,161956.49,0
115,15600114,Lopez,494,Germany,Male,65,4,130127.27,1,1,0,145578.26,1
116,15600115,Gonzalez,764,Spain,Male,56,7,0.0,2,0,1,93809.68,0
117,15600116,Taylor,572,Spain,Male,92,10,0.0,1,1,0,58309.91,1
118,15600117,Clark,798,France,Female,62,10,269001.11,2,1,1,35915.79,0
119,15600118,Ramirez,712,Spain,Male,53,3,106833.59,2,1,1,144683.09,0
120,15600119,Lee,576,Germany,Female,36,6,0.0,2,1,0,138666.41,1
121,15600120,Lee,762,Spain,Male,67,2,0.0,1,1,0,104198.36,1
122,15600121,Lee,561,Spain,Male,68,3,0.0,1,1,1,28378.93,0
123,15600122,Thompson,511,France,Female,48,7,173153.0,1,0,1,10340.74,0
124,15600123,Brown,566,France,Female,45,7,39271.99,1,0,0,6654.55,0
125,15600124,Lee,723,France,Male,64,8,264395.58,1,1,0,176579.44,1
126,15600125,Martin,759,France,Female,56,3,0.0,1,0,1,24666.71,0
127,15600126,Jones,611,Spain,Male,50,9,0.0,2,0,1,97258.97,0
128,15600127,Martin,470,Spain,Female,58,3,0.0,1,1,1,165044.22,0
129,15600128,Jackson,500,France,Female,48,4,141667.24,1,1,0,92205.23,0
130,15600129,Robinson,547,Germany,Female,68,4,66371.02,2,1,1,2254.35,0
131,15600130,Taylor,525,France,Female,49,2,175382.68,1,0,0,161614.2,0
132,15600131,Brown,675,France,Male,64,0,0.0,2,1,1,18915.3,0
133,15600132,Hernandez,836,France,Female,53,9,28968.05,2,1,1,101778.28,0
134,15600133,Gonzalez,726,France,Male,56,0,0.0,1,1,1,163842.24,0
135,15600134,Perez,541,Spain,Male,78,7,110116.52,1,0,1,114043.37,0
136,15600135,Jackson,583,France,Male,47,3,88271.62,1,1,1,39811.9,0
137,15600136,Lewis,602,Germany,Male,63,10,21789.98,2,1,1,25038.13,1
138,15600137,Hernandez,687,Germany,Female,73,9,107509.58,2,0,1,197234.48,1
139,15600138,Moore,800,France,Female,62,10,0.0,1,1,0,49649.5,0
140,15600139,Harris,605,Spain,Female,69,1,0.0,2,1,0,2810.02,0
141,15600140,Lewis,797,Spain,Male,54,5,154609.29,1,1,0,74471.05,0
142,15600141,Martin,850,France,Male,61,8,29975.95,1,0,1,146809.22,0
143,15600142,Rodriguez,616,France,Female,65,4,72337.62,2,1,1,83075.75,0
144,15600143,Williams,613,France,Male,52,2,192156.4,2,1,0,31684.98,0
145,15600144,Robinson,615,France,Female,90,3,68076.63,1,1,1,38806.73,0
146,15600145,Lee,655,France,Female,43,1,63628.96,2,1,0,143583.5,0
147,15600146,Smith,615,Germany,Female,42,6,241895.52,2,1,1,186800.79,1
148,15600147,Brown,734,Germany,Male,76,3,161522.98,2,1,1,53611.68,0
149,15600148,Clark,501,France,Female,72,3,72462.95,2,1,0,185748.35,1
150,15600149,Thomas,598,France,Male,45,7,136011.41,2,1,1,25685.73,0
151,15600150,Anderson,681,Spain,Female,69,9,0.0,1,0,0,18589.5,0
152,15600151,Thomas,733,France,Male,58,4,0.0,2,1,0,34038.65,0
153,15600152,Perez,850,France,Male,53,2,0.0,1,1,1,78479.13,0
154,15600153,Hernandez,526,France,Male,45,5,64999.76,1,0,0,107042.54,0
155,15600154,Anderson,587,Spain,Female,51,7,48658.36,2,0,0,45942.65,0
156,15600155,Gonzalez,432,France,Male,43,9,132429.38,2,1,1,16405.59,0
157,15600156,Rodriguez,543,Germany,Male,49,0,0.0,1,1,0,147174.96,0
158,15600157,Martin,480,Spain,Male,43,8,87922.21,2,1,0,58609.31,0
159,15600158,Davis,599,France,Female,39,3,73368.19,1,1,1,109254.79,0
160,15600159,Clark,628,Germany,Female,70,4,66435.83,2,0,0,152904.32,1
161,15600160,Martinez,695,France,Female,50,9,0.0,2,1,1,21087.83,0
162,15600161,Hernandez,621,Germany,Female,57,2,137890.78,3,1,0,102604.75,1
163,15600162,Martinez,695,Germany,Male,46,8,0.0,2,1,0,166920.75,0
164,15600163,Thompson,660,Germany,Male,50,5,96960.01,2,0,1,71912.28,0
165,15600164,Jones,550,France,Female,42,0,96798.55,1,1,0,106256.89,0
166,15600165,Miller,488,Spain,Male,76,8,76555.77,1,0,0,187969.72,1
167,15600166,Hernandez,706,France,Male,33,10,0.0,1,1,0,148877.12,0
168,15600167,Rodriguez,808,France,Male,64,4,0.0,2,1,1,78233.26,0
169,15600168,Taylor,850,France,Male,46,2,103692.91,2,1,1,28946.44,0
170,15600169,Harris,739,Germany,Male,42,3,0.0,1,0,0,54470.16,0
171,15600170,Anderson,789,Germany,Male,38,4,32983.96,1,1,0,110653.85,0
172,15600171,Smith,694,France,Male,54,0,0.0,2,0,1,33302.7,0
173,15600172,Clark,678,Germany,Male,62,9,79532.0,2,0,0,71271.12,1
174,15600173,Thomas,660,France,Male,61,2,0.0,1,1,0,130631.46,0
175,15600174,Johnson,639,Germany,Male,47,6,113003.49,1,0,1,186312.62,0
176,15600175,Martin,708,France,Male,50,8,0.0,1,0,1,45005.8,0
177,15600176,Harris,600,Germany,Female,42,5,0.0,1,1,1,50824.13,0
178,15600177,Davis,635,France,Male,43,3,40524.03,1,1,1,137092.93,0
179,15600178,Lewis,536,Spain,Female,70,3,0.0,1,0,0,24093.48,0
180,15600179,Ramirez,695,France,Female,36,8,44041.17,2,0,0,33012.82,0
181,15600180,Robinson,557,France,Female,35,0,106021.59,1,1,0,34943.92,1
182,15600181,Sanchez,653,France,Male,45,5,59381.09,1,0,0,130142.96,0
183,15600182,Taylor,698,Spain,Male,76,3,0.0,1,1,1,93389.76,0
184,15600183,Smith,706,Spain,Male,53,2,0.0,1,1,0,24485.19,0
185,15600184,Ramirez,724,France,Female,90,10,0.0,2,1,1,54613.68,0
186,15600185,Miller,629,Germany,Male,49,0,47313.29,2,1,0,92182.0,1
187,15600186,Rodriguez,696,Spain,Female,61,4,0.0,1,1,1,61903.22,0
188,15600187,Jones,603,Germany,Female,67,3,149703.46,2,1,0,83286.61,1
189,15600188,Hernandez,460,Germany,Male,85,9,93048.76,1,1,1,183400.89,1
190,15600189,Anderson,700,France,Male,46,3,0.0,1,1,1,193089.14,0
191,15600190,Thomas,678,France,Female,52,7,142926.29,1,0,0,198422.59,0
192,15600191,Sanchez,747,Spain,Male,50,10,50700.02,2,0,1,5231.94,0
193,15600192,Thomas,647,Spain,Male,62,10,111846.96,1,1,1,142933.64,0
194,15600193,Moore,496,Germany,Female,74,1,75816.44,2,1,0,187018.59,1
195,15600194,Thomas,641,France,Male,73,10,0.0,1,0,0,180824.01,1
196,15600195,Robinson,735,France,Female,45,9,0.0,4,0,1,4970.27,1
197,15600196,Miller,695,Germany,Female,43,10,0.0,2,1,0,161446.94,1
198,15600197,Clark,635,Spain,Female,61,9,0.0,1,0,0,91782.09,0
199,15600198,Lee,490,Spain,Male,41,3,79392.37,1,1,0,170037.8,0
200,15600199,Lewis,551,Spain,Male,63,10,0.0,2,1,1,143117.27,0
201,15600200,Hernandez,695,Germany,Male,52,0,89677.74,1,1,0,88021.49,1
202,15600201,Perez,490,France,Male,70,1,149164.78,2,1,1,59082.96,0
203,15600202,Hernandez,619,France,Male,67,9,63369.74,2,1,0,180.3,1
204,15600203,Williams,653,Spain,Male,54,9,0.0,1,0,1,108057.44,0
205,15600204,Martin,760,Germany,Male,40,2,0.0,2,1,0,79822.09,0
206,15600205,Lopez,708,France,Male,41,0,126759.49,1,1,0,67868.62,0
207,15600206,Davis,742,France,Female,53,1,0.0,2,1,0,93666.0,0
208,15600207,Garcia,678,Germany,Male,58,6,44688.97,1,1,0,95254.15,1
209,15600208,Williams,568,France,Male,49,9,161503.87,2,1,1,115284.7,0
210,15600209,Garcia,591,France,Female,43,9,109836.63,3,1,0,131693.0,1
211,15600210,White,560,Germany,Female,49,5,0.0,1,1,0,32728.98,1
212,15600211,Rodriguez,706,Germany,Male,71,1,31327.56,1,1,1,44417.8,1
213,15600212,Thomas,583,Germany,Male,49,0,88612.39,1,1,1,91366.12,0
214,15600213,Martinez,612,France,Female,46,9,120463.57,1,1,1,53171.66,0
215,15600214,Jones,652,Germany,Female,41,8,147071.95,1,1,0,158947.89,1
216,15600215,Perez,807,France,Female,52,0,201885.9,1,1,0,96251.54,0
217,15600216,Johnson,713,France,Female,68,9,90973.21,2,0,0,107077.47,0
218,15600217,Lee,575,Germany,Male,68,4,100250.72,2,0,1,112165.5,0
219,15600218,Rodriguez,664,Germany,Male,44,8,0.0,1,0,1,145238.55,0
220,15600219,Garcia,808,Spain,Male,54,8,109309.48,1,1,0,141257.65,1
221,15600220,Robinson,709,Germany,Female,45,5,118971.71,1,1,1,137473.68,0
222,15600221,Garcia,496,Germany,Female,48,2,0.0,2,0,0,16319.14,1
223,15600222,Thomas,562,France,Female,51,1,151380.67,1,1,0,150327.21,0
224,15600223,Martin,554,France,Male,47,2,114509.84,2,1,1,158177.95,0
225,15600224,Williams,788,France,Male,29,0,119295.74,2,1,1,128451.79,0
226,15600225,Williams,770,France,Female,76,2,109294.7,1,1,1,170447.23,0
227,15600226,Sanchez,589,Spain,Female,46,1,89631.68,1,1,1,61087.37,0
228,15600227,Ramirez,587,France,Female,45,7,118735.74,1,1,0,15686.78,0
229,15600228,Jackson,654,Spain,Male,44,9,67946.16,1,1,0,61115.22,0
230,15600229,Ramirez,657,Germany,Male,38,6,0.0,1,1,1,144052.82,0
231,15600230,Martin,557,Spain,Male,77,0,48387.75,1,0,1,154620.58,0
232,15600231,Jones,626,Germany,Male,52,0,0.0,2,0,1,123806.16,1
233,15600232,White,510,Germany,Female,58,4,127355.04,2,1,0,33787.4,1
234,15600233,Martinez,772,France,Male,57,3,0.0,1,1,0,146842.96,1
235,15600234,Wilson,481,France,Female,47,7,238131.56,2,1,0,2229.45,0
236,15600235,Taylor,479,Germany,Female,52,7,121005.04,1,1,1,11668.52,0
237,15600236,Perez,691,France,Female,62,2,35039.18,2,1,1,18666.17,1
238,15600237,Thompson,531,France,Male,39,4,67064.41,1,0,0,49470.96,0
239,15600238,Jackson,601,Germany,Female,48,6,171742.62,1,1,0,88979.29,0
240,15600239,Rodriguez,656,France,Male,50,7,155723.42,1,1,0,108095.41,0
241,15600240,Thompson,714,Spain,Female,46,2,116906.72,1,0,0,102905.58,0
242,15600241,Rodriguez,628,Spain,Male,46,7,30882.75,2,0,1,145399.9,0
243,15600242,Harris,820,Spain,Male,54,9,142270.49,2,1,0,25938.24,0
244,15600243,Lewis,649,France,Male,71,8,0.0,1,1,1,120658.52,0
245,15600244,Anderson,764,France,Male,58,2,112884.33,1,1,0,94432.76,1
246,15600245,Harris,676,Spain,Female,44,1,0.0,1,1,0,135644.82,0
247,15600246,Wilson,850,France,Male,92,1,77427.46,2,1,1,194974.06,0
248,15600247,Brown,751,Spain,Female,72,4,0.0,1,0,1,74284.47,1
249,15600248,White,654,Spain,Female,47,9,146503.69,1,1,0,49272.34,0
250,15600249,Martinez,710,Spain,Male,72,0,0.0,1,0,0,171651.99,1
251,15600250,Jones,624,France,Female,55,5,0.0,2,1,1,58357.57,0
252,15600251,Wilson,623,France,Male,40,6,143535.62,1,1,0,172189.39,0
253,15600252,Smith,524,Spain,Male,69,4,0.0,1,0,0,11366.71,1
254,15600253,Robinson,572,France,Male,44,10,56749.97,1,0,0,12621.89,0
255,15600254,Perez,847,France,Female,58,7,0.0,3,0,1,125378.36,1
256,15600255,Clark,534,Germany,Male,54,5,0.0,2,1,0,56651.09,0
257,15600256,Perez,587,Spain,Female,60,0,197742.52,1,1,0,78409.4,1
258,15600257,Lee,641,Germany,Male,78,8,137714.04,1,0,0,3598.62,1
259,15600258,Clark,644,Germany,Female,52,4,0.0,1,1,1,104033.93,0
260,15600259,Miller,686,France,Male,40,4,0.0,1,0,0,2844.88,0
261,15600260,Hernandez,604,Germany,Female,45,0,145785.42,1,1,0,171177.1,1
262,15600261,Ramirez,692,Spain,Female,40,4,60446.78,2,0,0,135045.9,0
263,15600262,Martin,759,France,Female,37,2,34190.8,2,1,1,87699.54,0
264,15600263,Martinez,771,Germany,Female,67,9,116440.0,2,1,1,128109.36,1
265,15600264,Gonzalez,624,Spain,Female,53,2,0.0,2,0,0,94264.29,0
266,15600265,Smith,708,Germany,Male,51,10,93846.05,2,0,1,32446.84,0
267,15600266,Jones,539,Germany,Male,47,9,85851.53,1,1,1,107164.54,0
268,15600267,Moore,580,Germany,Male,63,7,183533.87,1,1,1,183598.74,0
269,15600268,Garcia,537,France,Male,74,8,154195.75,1,1,1,126920.03,0
270,15600269,Clark,645,France,Male,43,5,49408.27,1,1,1,163906.81,0
271,15600270,Brown,567,Spain,Male,58,2,91976.88,1,1,0,50155.32,1
272,15600271,Johnson,504,Spain,Male,66,7,121410.7,2,1,1,82902.56,0
273,15600272,Johnson,612,Spain,Female,55,2,50733.53,1,0,1,55330.61,0
274,15600273,Moore,484,Spain,Male,62,6,0.0,2,0,1,150621.16,0
275,15600274,Gonzalez,777,Germany,Female,40,1,0.0,2,1,0,127594.34,0
276,15600275,Gonzalez,596,Germany,Male,30,5,141049.99,1,1,0,114427.08,1
277,15600276,Robinson,744,Spain,Female,75,7,0.0,1,1,0,1505.28,1
278,15600277,Ramirez,602,Germany,Female,63,2,126304.22,1,1,0,171655.69,1
279,15600278,Smith,535,Germany,Male,59,8,202218.3,2,1,0,182547.59,1
280,15600279,Lee,762,Spain,Male,65,10,13962.63,2,1,1,140425.25,0
281,15600280,Martin,658,Spain,Male,49,8,78441.45,2,1,0,176819.18,0
282,15600281,Jones,831,France,Male,42,2,0.0,2,1,1,167735.85,0
283,15600282,Perez,605,France,Female,40,2,117483.41,1,1,0,163854.83,0
284,15600283,Wilson,607,France,Female,39,4,76600.68,2,1,1,147396.87,0
285,15600284,Lee,746,Germany,Male,58,8,0.0,1,1,1,12768.3,0
286,15600285,Wilson,747,France,Male,48,0,159632.54,2,1,0,25788.68,0
287,15600286,Johnson,664,France,Male,73,0,136032.39,1,1,1,168591.11,0
288,15600287,White,850,Germany,Male,69,0,0.0,2,1,1,79639.12,0
289,15600288,Harris,623,France,Female,63,3,54467.35,2,0,0,151102.6,1
290,15600289,Thompson,528,Germany,Male,60,6,127007.17,2,1,0,39786.18,0
291,15600290,Miller,553,France,Male,45,10,0.0,2,1,1,129985.27,0
292,15600291,Jackson,623,France,Male,46,1,0.0,1,1,1,48343.58,0
293,15600292,Lewis,795,Spain,Male,45,2,0.0,1,1,1,87082.2,0
294,15600293,Hernandez,632,France,Female,41,3,198624.0,2,0,1,57415.0,0
295,15600294,Williams,800,France,Male,51,0,0.0,2,0,0,89585.15,0
296,15600295,Moore,691,Germany,Female,66,1,80777.12,2,1,0,196407.4,0
297,15600296,Wilson,754,Spain,Female,50,1,0.0,1,1,1,133348.74,0
298,15600297,Brown,687,France,Male,44,10,84232.14,1,0,0,172537.29,1
299,15600298,Rodriguez,686,Germany,Male,50,5,0.0,2,1,0,96265.66,1
300,15600299,Martin,722,France,Female,54,3,243513.61,2,1,0,3288.26,1
301,15600300,Thomas,595,France,Female,47,6,0.0,1,1,0,142948.14,0
302,15600301,Jones,596,Germany,Female,51,10,78061.26,4,0,0,193492.7,1
303,15600302,Johnson,683,Germany,Male,92,7,169348.84,2,1,1,57277.76,1
304,15600303,Lewis,836,Germany,Female,38,1,0.0,2,0,0,131729.21,1
305,15600304,Wilson,502,Germany,Male,34,1,35712.81,1,0,1,87012.31,0
306,15600305,Gonzalez,455,Spain,Female,53,4,59835.64,2,0,0,108146.22,1
307,15600306,Davis,624,Germany,Female,57,3,75892.75,2,0,1,13739.89,0
308,15600307,Clark,748,France,Male,50,9,140464.71,2,1,0,150762.62,0
309,15600308,Martinez,654,Spain,Female,42,1,98751.09,2,1,0,171496.71,0
310,15600309,Martin,537,France,Male,73,8,76103.61,2,1,0,14103.76,0
311,15600310,Rodriguez,657,France,Female,53,8,0.0,2,0,0,109559.47,1
312,15600311,Lee,483,France,Male,54,9,0.0,1,1,0,152509.52,0
313,15600312,Rodriguez,710,France,Female,63,3,58417.81,2,1,1,196595.24,1
314,15600313,Smith,620,Spain,Male,50,1,166214.35,1,1,0,65222.51,1
315,15600314,Moore,642,Spain,Female,49,2,0.0,2,1,0,68088.5,0
316,15600315,Miller,691,Germany,Male,73,7,163650.64,2,0,1,175307.16,1
317,15600316,Thomas,669,France,Male,36,10,0.0,1,1,0,140439.59,0
318,15600317,Harris,598,France,Male,56,7,201081.63,2,0,0,191125.24,0
319,15600318,Williams,749,France,Female,55,6,109479.13,1,1,0,96421.89,1
320,15600319,Wilson,726,France,Male,47,3,75086.62,2,1,1,124105.59,0
321,15600320,Hernandez,479,Germany,Female,50,0,29685.12,1,1,1,15461.66,0
322,15600321,Thompson,627,Germany,Male,71,9,61456.22,1,1,1,193790.16,0
323,15600322,Gonzalez,546,Germany,Female,44,8,0.0,2,1,0,73009.6,1
324,15600323,Martin,528,France,Male,62,6,0.0,1,1,1,112897.7,1
325,15600324,Thomas,701,Spain,Male,52,0,99679.25,2,1,0,116287.08,0
326,15600325,Martin,609,Germany,Male,60,4,0.0,1,0,0,90683.78,0
327,15600326,Hernandez,636,Germany,Male,57,2,0.0,2,1,0,158151.62,0
328,15600327,Davis,585,Germany,Male,33,1,0.0,2,1,1,116286.3,0
329,15600328,Harris,685,France,Male,43,2,0.0,1,1,1,45836.86,0
330,15600329,Wilson,715,France,Female,45,5,0.0,2,1,0,68942.49,0
331,15600330,Ramirez,850,France,Female,42,6,0.0,2,1,1,190849.22,0
332,15600331,Thomas,632,Spain,Female,46,9,0.0,2,1,0,167840.97,1
333,15600332,White,510,France,Male,54,8,130426.83,1,0,1,193384.19,0
334,15600333,Wilson,601,France,Female,64,9,0.0,1,1,0,49813.39,0
335,15600334,Garcia,731,France,Male,39,10,115654.33,2,1,1,88393.02,0
336,15600335,Sanchez,575,France,Female,52,6,0.0,1,1,0,14445.84,0
337,15600336,Thompson,507,Spain,Male,56,0,105916.64,2,1,1,92441.38,0
338,15600337,Johnson,577,Germany,Male,67,6,0.0,1,1,0,47026.4,0
339,15600338,Moore,598,France,Male,75,0,87804.65,2,0,1,83240.21,0
340,15600339,Garcia,546,France,Female,50,7,113222.52,2,0,1,61255.97,0
341,15600340,Clark,670,France,Male,42,1,0.0,1,0,0,9226.99,1
342,15600341,Davis,642,France,Female,57,1,49982.77,1,1,0,53537.92,1
343,15600342,Lee,725,France,Male,43,0,0.0,1,1,1,104975.56,0
344,15600343,Lopez,607,France,Female,55,8,0.0,1,1,0,17227.49,0
345,15600344,Smith,703,France,Female,44,10,68664.55,1,1,0,125024.85,0
346,15600345,Martinez,602,Germany,Male,33,7,167524.85,1,1,1,138260.03,0
347,15600346,Smith,541,Germany,Male,59,8,124633.36,1,0,1,76802.38,0
348,15600347,Brown,597,France,Female,45,7,0.0,1,1,1,181807.97,0
349,15600348,Martinez,494,France,Male,73,3,0.0,1,1,0,16977.13,1
350,15600349,Martinez,821,Germany,Male,52,8,0.0,2,1,1,125211.21,0
351,15600350,Hernandez,663,Germany,Female,37,7,74907.23,1,1,1,147107.96,0
352,15600351,Brown,573,Spain,Female,65,0,0.0,3,1,1,157127.4,1
353,15600352,Harris,613,Germany,Male,50,9,144460.55,3,1,1,90270.37,1
354,15600353,Thomas,414,France,Female,60,4,146875.28,1,0,1,53586.54,0
355,15600354,Sanchez,787,France,Male,65,8,67514.38,1,0,1,192529.35,0
356,15600355,Davis,778,Germany,Male,53,7,135790.56,1,0,1,185443.99,0
357,15600356,Wilson,660,France,Female,39,0,0.0,1,1,0,197083.16,0
358,15600357,Robinson,680,Germany,Male,54,5,90811.61,1,1,0,144859.5,0
359,15600358,Anderson,528,Spain,Male,71,10,0.0,1,1,1,156348.67,0
360,15600359,Thomas,535,Germany,Female,51,5,0.0,2,1,0,186016.96,0
361,15600360,Garcia,487,France,Female,57,1,0.0,2,0,1,88640.22,0
362,15600361,Thompson,634,Germany,Female,44,10,93668.96,1,1,0,32528.9,1
363,15600362,Brown,751,France,Female,38,1,0.0,2,0,0,111939.09,0
364,15600363,Jackson,613,Germany,Female,50,0,0.0,1,0,0,95417.28,1
365,15600364,Lewis,683,Spain,Male,53,5,86279.07,1,0,0,156028.96,0
366,15600365,Sanchez,743,France,Male,67,8,0.0,1,1,0,147844.6,0
367,15600366,Jackson,494,Spain,Female,53,7,0.0,1,1,1,55167.09,1
368,15600367,Clark,827,Spain,Male,66,4,0.0,2,1,1,20491.41,0
369,15600368,Lopez,761,France,Female,47,7,74027.7,1,1,1,114866.89,0
370,15600369,Wilson,699,France,Female,39,1,121900.36,2,1,0,135406.0,0
371,15600370,Sanchez,738,France,Male,58,10,171677.97,2,1,0,101500.75,1
372,15600371,Clark,743,France,Female,73,5,61242.76,1,1,0,133475.43,1
373,15600372,Davis,678,France,Male,46,1,152290.96,2,1,0,150376.23,0
374,15600373,Perez,787,Germany,Male,60,7,144802.11,2,1,1,88796.3,0
375,15600374,Garcia,606,France,Female,61,1,88133.58,1,0,0,100510.53,1
376,15600375,Davis,694,France,Male,38,4,21351.98,1,1,0,126969.76,0
377,15600376,Thompson,776,Spain,Male,50,6,47756.98,2,1,0,123261.68,0
378,15600377,Lopez,391,France,Male,61,6,199130.88,2,0,0,97067.32,0
379,15600378,Jackson,692,Spain,Female,57,3,0.0,2,1,1,50697.61,0
380,15600379,Martin,719,France,Female,61,7,120633.2,4,1,1,136311.93,1
381,15600380,Smith,485,France,Female,59,6,249367.5,1,1,0,77619.74,1
382,15600381,Martinez,677,Germany,Female,51,9,102024.87,1,1,1,91663.99,1
383,15600382,Hernandez,573,Germany,Male,53,4,21047.02,1,1,0,105031.39,1
384,15600383,Johnson,688,Spain,Female,67,3,0.0,1,0,1,93585.49,0
385,15600384,Miller,640,Germany,Female,54,1,19856.38,2,0,1,132371.44,0
386,15600385,Martin,559,Spain,Male,45,1,124022.05,2,1,1,102855.61,0
387,15600386,Garcia,756,France,Male,50,3,67100.91,2,0,1,59779.96,0
388,15600387,Lee,609,France,Female,57,7,60032.16,2,1,1,191518.15,0
389,15600388,Moore,675,Spain,Female,66,10,0.0,2,1,1,197342.47,1
390,15600389,Johnson,776,Spain,Female,38,5,210038.55,1,1,1,14574.0,0
391,15600390,Ramirez,561,Spain,Female,49,8,214028.77,1,1,1,134971.18,0
392,15600391,Lee,650,France,Male,64,1,0.0,2,0,1,177342.81,0
393,15600392,Thompson,602,France,Female,43,6,154179.6,2,1,1,190268.6,0
394,15600393,Lopez,623,Spain,Female,44,0,0.0,1,1,1,162478.99,0
395,15600394,Sanchez,850,France,Male,52,1,0.0,2,0,0,178497.4,0
396,15600395,Perez,693,Spain,Female,37,10,0.0,1,1,1,71291.41,0
397,15600396,Perez,680,Spain,Male,78,8,134880.95,1,1,0,166186.07,1
398,15600397,Smith,700,France,Female,57,7,65117.43,1,1,0,122246.85,0
399,15600398,Jackson,691,Spain,Male,60,8,56684.5,1,1,0,85128.81,0
400,15600399,Wilson,474,Spain,Male,68,6,129912.74,1,1,0,161684.4,1
401,15600400,Jones,850,France,Male,89,9,0.0,2,1,1,44130.82,0
402,15600401,Ramirez,509,Spain,Male,51,10,0.0,2,1,0,189560.22,0
403,15600402,Garcia,816,Germany,Male,38,8,0.0,1,1,1,92429.46,0
404,15600403,Garcia,709,Spain,Male,56,3,81821.07,2,1,0,169787.04,1
405,15600404,Miller,667,France,Female,44,2,140758.88,2,1,1,49128.04,0
406,15600405,Brown,620,Spain,Male,41,3,84011.04,1,1,0,178728.48,0
407,15600406,Jackson,850,France,Male,47,4,0.0,2,1,0,108984.23,0
408,15600407,Sanchez,708,France,Female,51,9,0.0,2,0,0,54581.76,1
409,15600408,Clark,651,Spain,Female,68,3,0.0,2,1,0,120287.08,0
410,15600409,Sanchez,598,France,Male,78,3,164682.26,2,1,1,14802.78,0
411,15600410,Miller,587,France,Female,42,6,106647.83,1,1,1,71993.0,0
412,15600411,White,654,Spain,Female,48,3,64630.3,2,1,1,105916.65,0
413,15600412,Johnson,560,Spain,Male,59,3,102744.44,2,1,0,105296.74,0
414,15600413,Perez,715,Germany,Male,61,8,0.0,1,0,1,122821.51,1
415,15600414,Smith,588,Germany,Female,43,8,39167.34,2,0,0,8655.42,1
416,15600415,Harris,746,France,Female,64,4,123601.29,2,1,0,153298.25,1
417,15600416,Lopez,744,France,Female,45,8,135390.76,1,0,0,18661.66,0
418,15600417,Thompson,644,France,Male,42,10,205734.93,1,1,0,188181.64,0
419,15600418,Clark,705,Germany,Male,59,1,0.0,1,1,0,109591.41,1
420,15600419,White,710,Spain,Female,69,4,9762.06,1,0,0,196075.36,1
421,15600420,Martin,509,Spain,Male,56,10,0.0,1,1,1,36364.56,0
422,15600421,Wilson,816,Spain,Male,54,6,114942.41,1,1,0,155197.99,0
423,15600422,Davis,625,France,Female,51,7,0.0,1,1,1,116590.38,0
424,15600423,Hernandez,716,France,Male,53,4,0.0,2,1,0,167152.93,0
425,15600424,Ramirez,719,France,Female,50,8,0.0,2,1,1,10324.27,0
426,15600425,Lewis,411,Germany,Female,59,10,142484.38,2,1,0,73053.79,1
427,15600426,White,586,France,Male,53,2,54204.16,2,1,1,131859.94,0
428,15600427,White,730,Spain,Female,88,7,126472.93,2,1,0,57561.86,1
429,15600428,Jones,655,France,Male,56,10,0.0,1,1,1,181785.83,0
430,15600429,Harris,716,France,Female,50,8,0.0,2,1,0,154457.57,1
431,15600430,Lewis,658,France,Male,42,6,73127.0,2,1,1,74367.64,0
432,15600431,Martin,768,Spain,Male,43,4,12300.03,2,1,1,30002.48,0
433,15600432,Jackson,660,Germany,Female,57,8,0.0,1,1,0,134081.61,1
434,15600433,Taylor,786,France,Male,46,10,89442.38,3,1,1,143899.2,0
435,15600434,Davis,555,France,Female,54,7,55364.36,2,0,0,54688.09,1
436,15600435,Miller,637,Germany,Male,70,7,193406.8,1,1,1,17779.44,1
437,15600436,Martinez,593,France,Male,40,5,99750.15,2,1,0,26639.83,0
438,15600437,Thompson,687,Spain,Male,50,1,0.0,1,1,0,175570.2,0
439,15600438,Ramirez,623,Germany,Male,32,3,55987.96,4,1,0,75632.99,1
440,15600439,Sanchez,627,France,Male,38,0,0.0,2,1,0,159884.2,0
441,15600440,Perez,582,France,Female,55,9,59591.69,1,1,1,79854.05,0
442,15600441,Moore,605,Spain,Female,39,4,103167.01,2,1,1,152988.0,0
443,15600442,Garcia,649,France,Female,40,9,0.0,1,0,1,168033.65,0
444,15600443,Clark,455,France,Female,76,0,0.0,2,1,0,65674.09,1
445,15600444,Sanchez,429,Spain,Male,45,5,78433.51,1,1,0,199129.53,0
446,15600445,Taylor,655,Spain,Female,42,9,0.0,2,0,1,35196.16,0
447,15600446,Martin,384,Spain,Male,69,7,91199.71,2,0,1,112555.18,0
448,15600447,Jones,631,Spain,Female,42,9,0.0,2,1,0,133098.82,1
449,15600448,Martinez,613,France,Male,56,0,101604.71,1,1,1,30787.12,0
450,15600449,Jones,702,France,Female,57,5,146250.68,2,1,1,6715.02,1
451,15600450,Davis,585,Spain,Female,63,3,30592.53,1,1,1,23804.78,0
452,15600451,Jones,800,Germany,Female,41,8,126518.04,2,0,0,29067.15,0
453,15600452,Davis,731,France,Female,43,7,0.0,2,0,1,127502.31,0
454,15600453,Rodriguez,504,Spain,Female,45,3,101666.42,2,1,1,194192.32,0
455,15600454,Hernandez,622,France,Female,44,10,0.0,2,1,1,99062.27,0
456,15600455,Davis,796,France,Male,62,10,0.0,2,1,1,158813.9,0
457,15600456,Robinson,583,France,Male,57,1,79396.19,1,1,1,21062.1,0
458,15600457,Lopez,644,France,Male,59,5,159560.28,2,1,0,70497.02,0
459,15600458,Clark,784,France,Male,37,2,0.0,4,1,0,31411.0,1
460,15600459,Johnson,598,France,Male,55,0,0.0,2,1,0,137346.32,0
461,15600460,Lopez,757,France,Male,72,10,0.0,2,1,0,191772.75,1
462,15600461,Brown,562,Germany,Male,84,6,0.0,1,1,0,65545.22,1
463,15600462,White,372,Germany,Female,47,3,0.0,2,0,0,61560.26,0
464,15600463,Hernandez,767,Germany,Female,64,8,190500.19,2,0,1,87431.52,1
465,15600464,Lee,692,Spain,Male,44,9,0.0,2,1,0,21006.16,1
466,15600465,Martinez,698,France,Male,38,9,183336.94,2,1,0,152115.87,0
467,15600466,Clark,545,France,Male,38,10,38161.22,1,1,1,182929.1,0
468,15600467,Moore,552,Spain,Male,70,10,123099.61,2,1,1,18011.01,1
469,15600468,Lopez,760,France,Female,48,10,70316.22,1,1,1,71947.95,0
470,15600469,Miller,673,Spain,Male,46,2,46500.81,1,1,0,174347.26,0
471,15600470,Hernandez,638,France,Female,62,9,260907.77,2,1,0,30847.84,0
472,15600471,Perez,671,Spain,Female,40,9,81871.87,1,1,1,137492.39,0
473,15600472,Clark,794,France,Female,58,9,0.0,1,1,0,38855.37,1
474,15600473,Thomas,719,Spain,Male,50,0,185926.41,1,1,1,145709.73,0
475,15600474,Rodriguez,604,Germany,Female,82,1,148921.62,1,0,0,130824.24,1
476,15600475,Martinez,515,Spain,Male,47,3,193656.04,2,0,1,190711.5,0
477,15600476,Jackson,706,France,Male,51,10,0.0,1,1,1,111193.13,0
478,15600477,Jackson,561,Germany,Male,38,6,41066.39,2,1,0,91248.6,0
479,15600478,Taylor,536,Spain,Male,86,7,120167.0,1,1,1,103460.7,1
480,15600479,Gonzalez,776,Germany,Male,48,3,74432.03,2,1,0,119963.46,1
481,15600480,Rodriguez,733,Germany,Male,77,2,0.0,2,1,0,192792.94,1
482,15600481,Lewis,687,Germany,Female,36,9,0.0,1,1,1,11800.57,0
483,15600482,Davis,531,France,Female,56,8,0.0,3,1,1,117047.72,1
484,15600483,Smith,821,Germany,Male,83,7,22631.39,2,1,0,101672.88,1
485,15600484,Robinson,748,Germany,Male,45,5,115202.05,1,0,0,193670.57,1
486,15600485,Ramirez,620,Spain,Female,55,8,0.0,1,1,1,156900.06,0
487,15600486,Robinson,600,France,Male,70,7,0.0,2,0,1,174743.9,0
488,15600487,Clark,657,France,Female,48,6,110062.19,2,0,1,15201.83,0
489,15600488,Brown,604,Spain,Female,38,5,0.0,1,1,0,171154.61,0
490,15600489,Johnson,850,Spain,Male,47,9,0.0,2,1,1,151055.66,0
491,15600490,Thompson,612,France,Male,56,2,0.0,2,1,0,100114.18,1
492,15600491,Harris,547,Germany,Male,56,10,0.0,1,0,1,63731.79,0
493,15600492,Martinez,802,France,Male,61,5,0.0,1,0,1,70709.53,0
494,15600493,Taylor,595,France,Male,43,3,0.0,1,0,1,130184.31,0
495,15600494,Wilson,725,France,Female,81,4,87156.76,1,0,1,19422.11,0
496,15600495,Wilson,714,France,Male,44,6,109813.82,1,1,1,48595.33,0
497,15600496,Taylor,644,Germany,Male,53,6,97494.25,1,1,0,132408.75,1
498,15600497,Martin,556,France,Female,56,8,0.0,1,1,0,59242.15,0
499,15600498,Johnson,645,Spain,Male,55,8,229507.85,1,1,1,157963.8,1
500,15600499,Lopez,537,Spain,Male,41,5,0.0,2,0,0,147245.71,0
501,15600500,Wilson,647,Germany,Male,71,5,131856.91,2,0,0,100736.0,0
502,15600501,Jones,724,Germany,Male,46,1,165870.7,2,1,0,157869.77,0
503,15600502,Jackson,814,France,Female,57,7,70769.61,2,1,0,32116.69,1
504,15600503,Anderson,545,Spain,Male,55,2,199175.51,1,1,0,162844.24,0
505,15600504,Thompson,625,Germany,Female,54,0,4858.23,2,0,1,40510.53,0
506,15600505,Thompson,599,France,Male,37,3,129775.76,2,0,0,137579.96,0
507,15600506,Jones,676,Spain,Male,45,4,0.0,4,0,0,139053.7,1
508,15600507,Brown,503,Spain,Male,57,2,9051.27,2,1,1,121944.92,0
509,15600508,Wilson,560,Spain,Female,38,6,102583.8,2,0,1,108925.09,0
510,15600509,Robinson,487,Germany,Male,50,10,64406.75,1,0,1,176349.89,0
511,15600510,Lopez,511,Germany,Male,53,4,14477.7,1,0,0,133540.1,0
512,15600511,Martinez,586,France,Female,60,10,0.0,1,1,0,70621.73,1
513,15600512,Sanchez,810,Spain,Male,53,9,75903.0,2,0,1,157110.22,0
514,15600513,Rodriguez,683,Spain,Male,50,4,166192.97,1,0,0,42921.38,0
515,15600514,Jackson,656,France,Female,55,5,0.0,1,1,0,68889.81,0
516,15600515,Miller,779,France,Male,49,10,0.0,4,1,0,155895.95,1
517,15600516,Clark,686,France,Female,43,10,87438.4,2,1,1,193856.48,0
518,15600517,Lewis,695,Spain,Male,47,5,66977.22,2,0,1,182127.18,0
519,15600518,Sanchez,604,Spain,Female,57,8,187794.56,2,1,1,61327.83,0
520,15600519,Jackson,588,France,Female,50,2,119919.74,1,1,1,169617.82,0
521,15600520,Lee,524,Germany,Male,92,7,97382.87,2,1,0,108917.48,1
522,15600521,Taylor,592,France,Female,40,10,0.0,1,0,0,88028.69,0
523,15600522,Moore,623,Spain,Female,57,6,115991.63,2,1,1,102434.05,0
524,15600523,Brown,683,Spain,Male,59,8,0.0,2,0,1,140438.57,0
525,15600524,Moore,646,Spain,Male,53,4,77213.19,2,1,0,94286.73,0
526,15600525,Gonzalez,614,France,Female,49,6,130308.63,1,1,0,12606.28,0
527,15600526,Wilson,562,France,Female,52,7,50792.06,2,1,1,9026.35,0
528,15600527,Robinson,688,France,Male,52,8,287837.31,1,0,1,95350.53,0
529,15600528,Perez,602,France,Female,74,7,0.0,2,1,1,88496.0,0
530,15600529,Lopez,683,Spain,Male,35,1,0.0,2,0,1,160875.6,0
531,15600530,Taylor,466,Spain,Female,43,10,0.0,1,0,1,44578.23,0
532,15600531,Lee,682,Spain,Female,55,5,0.0,2,1,0,116828.04,1
533,15600532,Harris,721,Spain,Female,66,3,58111.02,2,0,0,124692.31,0
534,15600533,Perez,709,Germany,Male,43,3,63790.54,2,1,1,35693.09,0
535,15600534,Ramirez,631,Spain,Female,41,8,52939.2,2,0,1,36036.81,0
536,15600535,Thompson,737,Spain,Male,51,6,86921.47,2,0,1,145787.55,0
537,15600536,Jackson,527,Spain,Male,43,5,0.0,2,1,0,45584.66,0
538,15600537,Harris,641,France,Male,51,1,134955.11,2,0,1,49083.94,0
539,15600538,Williams,631,France,Female,43,0,93868.64,1,1,0,49963.47,1
540,15600539,Lewis,749,France,Male,60,9,0.0,1,0,1,136338.9,0
541,15600540,Wilson,456,Spain,Male,43,3,0.0,1,0,0,132396.46,0
542,15600541,Sanchez,548,Germany,Female,36,8,48294.9,1,1,1,191289.63,0
543,15600542,Johnson,817,France,Female,60,3,120318.66,1,1,1,93846.59,0
544,15600543,Sanchez,416,Germany,Female,52,1,181155.47,2,1,1,42998.65,1
545,15600544,Brown,728,Germany,Female,47,7,51656.24,2,1,0,85045.77,0
546,15600545,Williams,582,France,Male,48,5,159217.76,1,0,1,104541.78,0
547,15600546,Ramirez,674,France,Female,53,0,0.0,1,1,0,39081.99,1
548,15600547,Martinez,785,Germany,Female,41,3,0.0,1,1,0,153651.69,0
549,15600548,Wilson,678,Germany,Male,39,9,0.0,2,1,1,19297.58,0
550,15600549,Perez,787,Spain,Male,43,4,80332.14,1,0,0,5208.29,0
551,15600550,Hernandez,602,Germany,Male,49,0,103904.34,2,1,1,33303.88,0
552,15600551,Thompson,615,Spain,Male,43,1,0.0,1,0,1,6863.06,0
553,15600552,Anderson,725,Germany,Female,74,8,57272.69,1,1,0,23045.8,1
554,15600553,Johnson,607,Germany,Female,43,0,130281.96,2,1,0,15940.61,1
555,15600554,Jones,707,Spain,Female,53,10,0.0,2,1,1,138237.33,0
556,15600555,Jackson,763,France,Male,58,7,162257.58,2,1,1,145224.34,0
557,15600556,Williams,733,France,Male,68,10,0.0,2,1,1,65390.07,0
558,15600557,Gonzalez,498,France,Female,77,8,118344.06,1,1,1,39654.06,0
559,15600558,Hernandez,617,Spain,Male,85,1,48372.81,2,1,0,153589.19,1
560,15600559,Wilson,677,Germany,Female,67,1,61649.98,1,0,0,31688.04,1
561,15600560,Lewis,626,Germany,Male,65,6,92933.09,2,0,1,78061.79,0
562,15600561,Clark,657,France,Female,42,9,0.0,1,1,1,114048.31,0
563,15600562,Martinez,678,France,Male,59,8,73531.62,1,1,1,110347.33,0
564,15600563,Martin,599,France,Male,49,9,125410.69,1,1,1,85742.94,0
565,15600564,Harris,631,France,Male,49,8,0.0,3,0,0,110690.41,1
566,15600565,Martinez,536,Germany,Female,48,2,0.0,1,1,1,133327.5,0
567,15600566,Thomas,604,France,Female,41,6,92155.26,2,1,1,48926.52,0
568,15600567,Robinson,503,France,Male,46,5,0.0,1,1,1,78230.99,0
569,15600568,Perez,661,Spain,Female,43,7,63048.72,2,1,1,137433.12,0
570,15600569,Anderson,631,France,Female,35,7,0.0,2,1,1,25334.07,0
571,15600570,Thomas,562,Germany,Female,71,7,0.0,2,0,1,68820.65,1
572,15600571,Hernandez,821,Spain,Female,52,7,233816.37,4,0,0,6360.4,1
573,15600572,Williams,626,France,Male,53,10,113639.04,2,1,1,42024.06,1
574,15600573,Sanchez,677,Germany,Male,51,9,162498.25,2,1,1,81817.41,0
575,15600574,Jones,588,Spain,Female,66,5,13494.11,1,0,0,53511.86,1
576,15600575,Lopez,610,Spain,Female,54,8,0.0,1,0,1,157171.74,0
577,15600576,Martin,681,France,Female,71,4,191735.7,1,0,1,82058.25,0
578,15600577,Smith,618,Spain,Female,60,3,0.0,2,1,1,63940.22,0
579,15600578,Smith,650,France,Male,44,6,0.0,1,0,1,188814.52,0
580,15600579,Wilson,727,France,Female,69,2,0.0,1,1,0,127038.11,1
581,15600580,White,600,France,Male,56,7,0.0,2,0,0,141923.1,0
582,15600581,Garcia,522,Spain,Female,51,7,0.0,1,1,1,173435.57,0
583,15600582,Clark,503,France,Male,64,10,0.0,2,0,1,61124.87,0
584,15600583,Martinez,788,France,Female,52,4,0.0,2,1,1,110442.21,0
585,15600584,Gonzalez,739,Germany,Male,61,9,0.0,2,1,0,82434.09,1
586,15600585,Martinez,712,France,Male,40,7,3967.21,1,1,1,57316.09,0
587,15600586,Lewis,608,France,Male,53,2,110551.02,2,1,1,2068.78,0
588,15600587,Thomas,522,France,Female,45,2,59460.56,2,1,0,27809.12,0
589,15600588,Martinez,622,France,Female,84,3,0.0,1,0,1,162222.24,0
590,15600589,Davis,641,France,Male,70,8,89959.24,2,1,1,27613.42,0
591,15600590,Anderson,541,France,Female,55,4,0.0,1,1,1,181137.26,0
592,15600591,Harris,508,Germany,Female,68,5,0.0,2,1,0,54380.19,1
593,15600592,Sanchez,483,France,Male,45,3,90123.34,1,1,1,92623.84,1
594,15600593,Johnson,713,France,Male,47,8,242574.09,1,1,1,173107.93,0
595,15600594,Lee,534,Spain,Female,34,3,133484.13,2,0,0,69401.66,0
596,15600595,Sanchez,679,France,Female,60,2,116524.97,1,0,1,45997.2,0
597,15600596,Davis,611,Germany,Female,33,1,176073.81,2,0,1,6291.41,0
598,15600597,Thomas,706,France,Female,46,2,71354.69,2,1,1,190229.45,0
599,15600598,Taylor,682,France,Male,40,0,0.0,1,1,1,80930.9,0
600,15600599,Taylor,627,France,Male,66,10,0.0,2,1,1,177943.17,1
601,15600600,White,662,France,Male,82,7,168591.16,2,1,0,87132.36,1
602,15600601,Lee,639,France,Male,63,0,108750.96,2,1,0,176499.66,1
603,15600602,Smith,590,France,Female,60,5,56027.03,1,1,1,20773.95,0
604,15600603,White,744,France,Female,55,10,145811.99,2,1,1,88197.06,0
605,15600604,Lopez,609,France,Male,54,1,22499.67,2,1,0,88604.43,0
606,15600605,Ramirez,641,France,Male,43,10,44132.84,2,0,0,194709.75,0
607,15600606,Williams,514,France,Female,37,10,78178.75,2,1,0,98625.89,0
608,15600607,Martinez,676,France,Female,53,2,103352.97,2,1,1,20951.68,0
609,15600608,Davis,591,Germany,Female,56,8,117531.61,2,0,1,181601.03,0
610,15600609,Davis,604,Germany,Female,56,8,0.0,1,1,0,189936.87,1
611,15600610,Perez,569,France,Male,58,5,0.0,1,1,1,81628.06,0
612,15600611,Smith,638,Spain,Female,62,6,144578.63,2,1,0,159330.86,0
613,15600612,Ramirez,457,Germany,Male,53,4,192909.83,1,1,0,13926.99,1
614,15600613,Gonzalez,715,France,Male,43,6,99439.94,1,0,0,81109.32,0
615,15600614,Wilson,646,Spain,Male,58,5,0.0,2,1,0,102207.83,0
616,15600615,Martinez,605,Spain,Male,61,4,0.0,1,1,1,174258.06,0
617,15600616,Lewis,501,France,Female,49,2,0.0,2,0,0,20204.05,1
618,15600617,Robinson,691,France,Female,61,1,65491.39,2,1,1,81346.52,0
619,15600618,White,589,Spain,Male,54,4,0.0,1,1,1,102582.27,0
620,15600619,Williams,775,Germany,Male,41,7,0.0,1,0,0,133283.08,0
621,15600620,White,696,France,Male,90,4,143165.22,1,1,0,20650.7,1
622,15600621,Sanchez,797,France,Male,48,2,0.0,2,0,0,56277.04,0
623,15600622,White,663,France,Female,42,9,49111.92,1,0,1,8997.05,0
624,15600623,Gonzalez,753,France,Female,45,2,66061.25,1,1,0,29613.72,1
625,15600624,Wilson,694,Germany,Female,32,4,0.0,2,1,0,99018.99,0
626,15600625,Hernandez,606,France,Female,49,8,57050.18,2,1,1,47005.63,0
627,15600626,Brown,667,France,Female,71,7,0.0,1,1,0,95902.49,0
628,15600627,Lee,569,Germany,Male,55,6,0.0,2,1,1,157882.75,0
629,15600628,Williams,848,France,Male,44,4,42418.51,2,0,0,75721.81,0
630,15600629,Garcia,640,France,Male,52,8,100302.01,2,1,0,144632.13,1
631,15600630,Clark,652,Germany,Female,34,1,80481.96,1,1,1,153303.13,0
632,15600631,Lopez,687,Spain,Female,52,5,0.0,1,1,0,107629.73,0
633,15600632,Jackson,545,Germany,Male,49,6,181215.09,1,0,0,54810.65,1
634,15600633,Miller,776,Germany,Male,65,6,204267.53,2,1,0,159510.7,1
635,15600634,Smith,551,France,Male,56,10,30286.05,2,1,0,75686.93,1
636,15600635,Wilson,529,France,Female,42,3,17458.37,2,1,0,117974.7,0
637,15600636,Perez,634,Germany,Male,64,1,0.0,1,0,0,98542.18,1
638,15600637,White,527,France,Female,69,0,101403.48,1,0,1,125212.04,0
639,15600638,Gonzalez,799,France,Female,57,0,98545.8,2,1,0,170417.42,0
640,15600639,Jones,627,France,Male,50,2,0.0,1,1,1,70916.8,0
641,15600640,Williams,350,France,Female,46,6,0.0,2,1,1,183250.44,0
642,15600641,Harris,669,France,Female,75,10,0.0,1,1,1,21759.69,0
643,15600642,Gonzalez,703,France,Male,56,4,0.0,2,1,0,52192.88,0
644,15600643,Lee,609,France,Female,53,6,151190.64,1,0,1,183914.53,0
645,15600644,Jones,519,France,Male,40,8,0.0,1,1,0,12822.93,0
646,15600645,Martin,640,Spain,Male,43,7,112999.3,2,0,1,92511.75,0
647,15600646,Lewis,603,Germany,Female,38,0,0.0,1,1,1,51980.26,0
648,15600647,Jackson,556,Germany,Female,49,3,11302.12,3,1,0,157687.99,1
649,15600648,Lee,547,Spain,Female,46,4,0.0,1,1,0,17447.24,0
650,15600649,Clark,664,France,Female,54,6,0.0,2,1,0,25377.87,0
651,15600650,Lee,736,France,Female,67,10,45336.78,1,0,1,31521.12,0
652,15600651,Sanchez,694,Germany,Female,61,7,49058.05,2,1,1,63132.81,1
653,15600652,Perez,484,Germany,Female,64,7,96072.78,1,1,1,171504.76,1
654,15600653,Anderson,709,Germany,Female,67,3,99617.03,1,0,1,175064.25,1
655,15600654,Moore,724,France,Male,44,10,0.0,2,1,1,40307.01,0
656,15600655,Lewis,783,France,Female,48,6,99231.26,1,0,1,103927.22,0
657,15600656,Johnson,558,France,Male,46,10,0.0,1,0,0,133032.33,0
658,15600657,Johnson,644,France,Male,62,1,167959.38,2,0,1,82474.12,0
659,15600658,Hernandez,704,Germany,Male,40,8,57917.06,1,1,1,189844.31,0
660,15600659,Robinson,599,Germany,Female,72,5,0.0,2,1,0,109552.16,1
661,15600660,Johnson,702,France,Male,47,3,0.0,1,1,0,87006.66,0
662,15600661,Jackson,647,Spain,Male,41,5,106464.17,2,1,1,124994.99,0
663,15600662,Jackson,568,Germany,Female,48,6,0.0,1,1,1,164300.04,1
664,15600663,Williams,576,France,Male,48,9,58108.45,2,0,1,51990.71,0
665,15600664,Robinson,769,France,Female,50,7,0.0,1,1,0,184300.12,0
666,15600665,Thomas,554,France,Male,50,3,98904.83,2,1,1,63665.59,0
667,15600666,Martin,537,France,Male,66,8,131535.12,2,1,0,126841.94,0
668,15600667,Jackson,683,France,Male,56,5,1520.99,2,1,0,143561.11,1
669,15600668,Ramirez,647,France,Female,41,0,183997.02,2,1,0,180499.71,0
670,15600669,Gonzalez,524,France,Male,48,2,164644.61,2,1,0,125361.9,0
671,15600670,Smith,600,France,Female,46,0,0.0,2,0,1,187965.69,0
672,15600671,Anderson,571,Spain,Male,53,5,11444.4,1,0,1,142593.15,0
673,15600672,Harris,588,France,Male,51,5,146396.61,2,0,1,158580.09,0
674,15600673,Williams,850,Germany,Male,78,6,155655.95,1,1,1,155711.88,1
675,15600674,Smith,620,France,Male,64,0,0.0,1,1,0,120345.35,0
676,15600675,Clark,565,Spain,Female,59,0,0.0,1,0,1,178323.02,0
677,15600676,Hernandez,844,France,Female,34,4,0.0,1,0,1,67255.87,0
678,15600677,Hernandez,735,France,Female,63,4,90705.78,4,1,0,42387.96,1
679,15600678,Thompson,719,Spain,Male,36,0,83623.09,4,1,1,33569.21,1
680,15600679,Sanchez,570,Spain,Male,47,6,0.0,1,1,1,105443.92,0
681,15600680,Perez,764,Spain,Male,48,6,81780.93,2,1,1,184829.57,0
682,15600681,Lee,728,France,Female,66,5,39618.08,2,0,0,115157.89,1
683,15600682,Robinson,664,France,Male,42,6,59056.51,3,1,1,175284.77,0
684,15600683,Martinez,485,Germany,Female,50,5,0.0,1,1,1,28638.83,0
685,15600684,Miller,648,Spain,Male,39,9,0.0,2,1,1,144317.82,0
686,15600685,Robinson,816,Germany,Male,58,1,65350.4,2,0,0,196683.11,1
687,15600686,Robinson,671,Germany,Male,47,4,156783.7,2,1,0,109127.43,1
688,15600687,Wilson,613,France,Male,54,6,0.0,1,1,0,159161.54,0
689,15600688,Miller,628,Spain,Female,30,1,164656.26,1,0,1,105226.43,0
690,15600689,Miller,634,France,Male,41,4,0.0,2,1,0,173440.88,0
691,15600690,Gonzalez,573,France,Female,54,2,84320.45,2,1,0,117974.16,0
692,15600691,Thomas,646,France,Male,60,8,0.0,1,1,0,39435.89,0
693,15600692,Thompson,788,Germany,Female,72,9,0.0,1,1,1,46510.99,1
694,15600693,Wilson,777,France,Male,69,0,0.0,1,1,1,71336.07,0
695,15600694,Moore,577,France,Female,46,6,0.0,1,0,1,193807.29,0
696,15600695,Lewis,772,Germany,Female,54,9,170488.02,1,1,0,125200.08,1
697,15600696,Gonzalez,723,France,Female,62,3,185364.11,2,1,0,96749.75,1
698,15600697,Johnson,710,Germany,Male,56,4,209147.98,1,0,1,73449.17,0
699,15600698,Anderson,691,France,Female,48,0,0.0,1,1,1,175834.32,0
700,15600699,Martinez,560,France,Male,54,4,139991.69,1,1,1,60585.99,0
701,15600700,Williams,611,Germany,Male,71,10,0.0,2,0,1,94401.9,1
702,15600701,Garcia,729,France,Male,52,7,54594.61,1,1,0,27272.54,1
703,15600702,Taylor,534,France,Male,59,5,191330.77,2,1,0,76017.06,0
704,15600703,Martin,550,France,Female,55,1,34285.04,1,1,1,175424.1,1
705,15600704,Martin,679,France,Male,45,1,0.0,1,0,0,14518.1,0
706,15600705,Wilson,574,Spain,Female,66,10,0.0,2,1,1,8106.99,0
707,15600706,Williams,729,France,Female,52,8,0.0,2,1,1,86635.39,0
708,15600707,Wilson,577,Spain,Male,48,0,3812.88,1,1,0,133662.56,0
709,15600708,Rodriguez,673,France,Female,55,1,0.0,1,0,1,7289.95,0
710,15600709,Sanchez,681,Germany,Male,68,7,0.0,1,0,1,94737.59,0
711,15600710,Jones,603,Spain,Female,54,5,17130.48,1,1,0,7831.61,0
712,15600711,Smith,626,Germany,Male,54,2,168676.76,1,0,1,133130.67,1
713,15600712,Lopez,584,France,Female,58,2,132868.73,2,1,1,141423.68,0
714,15600713,Robinson,648,France,Female,61,10,39863.26,2,1,1,179957.42,0
715,15600714,Perez,557,France,Female,49,8,33137.82,2,1,1,188833.42,0
716,15600715,Gonzalez,628,Spain,Male,51,1,0.0,2,1,1,157724.69,0
717,15600716,Ramirez,721,Spain,Male,49,9,0.0,1,1,0,103410.66,0
718,15600717,Miller,540,Spain,Male,58,4,172740.58,2,0,1,42303.75,0
719,15600718,Martinez,603,France,Male,52,6,64312.89,1,1,0,137554.45,0
720,15600719,Martinez,699,Germany,Male,37,5,103070.91,1,1,1,195491.56,0
721,15600720,Lee,450,Spain,Female,53,0,62725.64,2,0,1,173753.49,0
722,15600721,Martin,828,France,Male,53,9,0.0,1,1,1,117967.83,0
723,15600722,Ramirez,750,France,Male,40,2,0.0,2,1,0,182954.89,0
724,15600723,Gonzalez,502,Germany,Female,60,4,0.0,1,1,0,74423.88,1
725,15600724,Perez,447,Germany,Female,49,2,154388.18,2,1,0,114643.62,1
726,15600725,Lee,652,Spain,Male,52,2,0.0,2,0,1,99047.65,0
727,15600726,Davis,542,France,Male,47,4,2678.73,2,0,1,103404.29,0
728,15600727,Gonzalez,742,Spain,Male,42,7,109918.44,2,1,0,194864.32,0
729,15600728,Sanchez,687,France,Male,54,9,0.0,2,0,0,48125.1,1
730,15600729,Anderson,661,France,Female,57,7,0.0,1,0,0,8782.33,1
731,15600730,Lopez,595,France,Male,89,7,0.0,1,1,0,1622.73,1
732,15600731,Johnson,803,Spain,Female,46,5,190257.15,1,1,0,41317.32,0
733,15600732,White,722,Germany,Female,62,8,0.0,2,1,0,113500.27,1
734,15600733,Williams,707,Germany,Female,49,4,456.01,2,0,0,156306.85,1
735,15600734,Harris,765,France,Male,64,9,124089.13,1,0,0,49199.13,0
736,15600735,Jackson,552,Spain,Male,59,6,0.0,1,1,0,36356.44,1
737,15600736,Thomas,773,France,Female,46,0,0.0,2,1,0,79092.28,0
738,15600737,Lopez,624,Spain,Male,41,3,114788.12,1,1,0,141151.32,1
739,15600738,Martinez,682,France,Male,39,0,124437.5,1,0,0,43608.4,0
740,15600739,Moore,634,France,Male,65,9,53187.99,1,1,0,127489.19,0
741,15600740,Garcia,469,France,Male,43,1,87057.72,2,1,1,95910.51,0
742,15600741,Wilson,741,France,Female,38,5,116586.27,2,0,0,23693.89,0
743,15600742,Jackson,474,Germany,Male,65,0,187980.72,1,0,1,85767.72,0
744,15600743,Thomas,557,Germany,Male,53,8,135146.07,1,1,0,56975.08,1
745,15600744,Lopez,606,France,Male,49,5,0.0,2,1,0,111843.7,0
746,15600745,Lewis,462,Spain,Female,61,7,0.0,1,0,1,137367.98,0
747,15600746,Taylor,544,France,Female,49,9,202654.68,1,1,0,189977.42,0
748,15600747,Miller,673,Germany,Female,60,9,0.0,2,1,1,131994.39,0
749,15600748,Clark,616,Spain,Male,46,7,166779.34,2,0,0,20087.5,0
750,15600749,Garcia,624,Germany,Male,71,1,21902.36,1,1,1,119319.74,1
751,15600750,Sanchez,562,France,Male,45,1,99411.85,2,1,0,151024.51,0
752,15600751,Brown,654,Spain,Female,60,2,149895.55,2,0,0,91151.52,0
753,15600752,Anderson,618,Germany,Female,67,10,0.0,1,1,0,119856.37,1
754,15600753,Perez,492,France,Female,29,7,0.0,4,1,1,82070.65,1
755,15600754,Harris,630,France,Male,59,10,34665.55,2,1,1,28984.17,0
756,15600755,Martinez,530,Spain,Female,45,7,114899.36,1,0,1,47556.0,0
757,15600756,Lee,736,Germany,Male,61,4,143902.91,1,0,1,102711.76,1
758,15600757,Taylor,612,Germany,Female,55,1,25947.94,1,0,1,144539.55,0
759,15600758,Jones,850,Spain,Male,58,10,63616.65,1,0,0,108154.04,0
760,15600759,Jackson,742,Spain,Female,52,3,242645.0,1,1,0,111365.81,0
761,15600760,Clark,637,France,Male,68,3,136799.27,1,1,0,83598.9,1
762,15600761,Jackson,705,France,Male,39,6,0.0,1,1,0,42850.29,0
763,15600762,Williams,449,France,Female,66,3,157809.31,1,0,1,70600.61,0
764,15600763,Lewis,742,Germany,Male,47,9,0.0,2,0,0,35519.81,1
765,15600764,Miller,571,France,Female,35,5,111202.72,1,0,1,134967.32,0
766,15600765,Brown,658,Germany,Female,53,10,0.0,2,0,1,131490.85,0
767,15600766,Robinson,580,Spain,Female,46,1,55942.64,1,0,0,142407.99,0
768,15600767,Davis,590,Spain,Male,58,1,155449.86,1,1,1,21928.52,0
769,15600768,Ramirez,632,France,Male,59,10,47430.24,3,1,0,73413.97,1
770,15600769,White,657,Spain,Female,51,4,151053.71,2,1,0,144187.67,0
771,15600770,Lewis,647,France,Male,58,0,0.0,1,0,1,163798.68,0
772,15600771,Smith,649,Spain,Female,56,1,61974.83,1,1,0,197893.44,0
773,15600772,Taylor,493,France,Male,53,2,0.0,1,1,0,188963.55,0
774,15600773,Jackson,850,France,Male,50,8,0.0,1,1,0,25250.4,0
775,15600774,Clark,672,Spain,Male,47,8,0.0,2,1,1,157158.29,0
776,15600775,Sanchez,692,France,Male,78,6,0.0,2,1,0,132433.65,1
777,15600776,Wilson,617,France,Male,52,4,0.0,1,1,0,4705.02,0
778,15600777,Lee,566,Germany,Female,57,1,115521.65,2,0,1,180954.46,0
779,15600778,Moore,664,Germany,Female,61,1,206337.49,1,0,1,99038.9,0
780,15600779,Martinez,677,Germany,Male,50,7,198886.04,1,0,0,154489.58,1
781,15600780,Clark,774,Germany,Female,57,2,0.0,2,1,0,110236.23,1
782,15600781,Moore,849,Germany,Male,76,6,0.0,1,1,0,65630.57,1
783,15600782,Perez,791,France,Female,45,5,128456.64,1,1,1,97565.45,0
784,15600783,Davis,480,France,Female,76,5,66201.4,2,1,0,166168.04,1
785,15600784,Brown,605,France,Female,62,2,200321.12,2,1,1,41685.23,0
786,15600785,Martin,682,Spain,Male,46,5,109174.47,2,1,0,110370.19,1
787,15600786,Lopez,611,Germany,Male,44,3,169135.29,1,0,1,125169.13,0
788,15600787,Taylor,645,France,Male,76,0,79117.16,1,0,1,117193.03,0
789,15600788,Ramirez,444,France,Female,65,7,135112.81,1,0,1,78924.44,0
790,15600789,Davis,737,Spain,Male,51,8,90273.86,1,1,0,32960.7,1
791,15600790,Lopez,469,France,Female,48,2,3068.0,1,1,0,52313.37,1
792,15600791,Martin,499,Germany,Male,47,10,50179.5,1,1,0,91453.69,1
793,15600792,Martinez,552,Germany,Female,51,0,72362.57,1,0,1,41316.55,0
794,15600793,Anderson,640,Germany,Male,52,0,191583.09,2,1,1,145858.68,0
795,15600794,Garcia,494,France,Male,55,0,28370.3,1,1,0,55648.87,0
796,15600795,Ramirez,548,Spain,Male,43,8,0.0,2,0,1,39529.07,0
797,15600796,Jackson,760,Spain,Male,46,9,0.0,1,0,1,71141.27,0
798,15600797,Thomas,639,Germany,Male,50,4,172480.53,1,1,0,45157.63,0
799,15600798,Taylor,691,Germany,Female,83,2,0.0,1,1,0,141044.69,1
800,15600799,Thompson,531,Spain,Male,56,9,89774.03,1,0,1,159735.69,0
801,15600800,Davis,644,Germany,Male,40,8,147240.68,2,1,1,83915.38,0
802,15600801,Lopez,636,France,Female,44,9,0.0,1,1,0,132550.47,0
803,15600802,Lee,573,Germany,Male,76,8,218919.0,2,1,1,39466.55,1
804,15600803,Robinson,645,Germany,Female,68,5,193323.52,2,0,1,67195.24,1
805,15600804,White,468,France,Female,49,4,0.0,4,1,1,30713.16,1
806,15600805,Moore,692,Germany,Male,59,0,73556.38,2,0,1,42247.9,1
807,15600806,Brown,611,Spain,Male,57,5,87389.53,2,1,0,94646.1,0
808,15600807,Rodriguez,625,Spain,Male,53,4,0.0,2,0,0,129433.6,0
809,15600808,Smith,731,France,Female,45,8,9827.75,2,1,0,28690.69,0
810,15600809,Lopez,691,France,Female,37,6,0.0,2,1,1,105808.76,0
811,15600810,Clark,619,Spain,Female,64,2,0.0,2,1,0,92254.95,0
812,15600811,Jackson,542,Spain,Female,57,4,0.0,1,1,0,2380.82,0
813,15600812,Lopez,777,France,Male,45,5,108833.44,1,0,0,174918.82,0
814,15600813,Lee,521,Spain,Female,68,10,0.0,2,0,1,115716.49,0
815,15600814,White,710,Spain,Female,75,1,62225.41,2,1,0,52019.58,1
816,15600815,Sanchez,496,Germany,Female,55,6,0.0,3,0,0,119427.61,1
817,15600816,Brown,738,Germany,Female,52,8,0.0,1,1,1,185825.05,0
818,15600817,Jackson,747,France,Female,39,9,93371.85,2,0,0,3950.04,0
819,15600818,Hernandez,466,France,Male,51,8,0.0,2,1,0,190422.82,0
820,15600819,Gonzalez,693,France,Male,42,4,82794.26,1,0,1,131199.34,0
821,15600820,Garcia,685,Spain,Male,51,7,0.0,1,1,1,107757.56,0
822,15600821,Clark,717,France,Male,66,8,0.0,1,0,1,79404.2,0
823,15600822,Davis,685,France,Female,60,5,69765.5,2,1,0,26427.52,1
824,15600823,Johnson,557,France,Male,90,3,29248.49,1,1,0,3628.66,1
825,15600824,Jones,629,Germany,Female,68,3,64838.71,1,1,1,86922.53,1
826,15600825,Anderson,809,Spain,Male,50,2,250414.08,1,1,0,110277.72,0
827,15600826,Harris,543,France,Male,41,8,117692.08,1,1,1,197920.11,0
828,15600827,Taylor,680,France,Female,49,9,0.0,2,1,0,105089.84,0
829,15600828,Jones,760,Germany,Female,55,10,0.0,1,1,0,141030.54,1
830,15600829,Garcia,554,France,Male,69,10,0.0,1,1,0,126367.42,0
831,15600830,Williams,513,France,Male,63,5,0.0,1,0,1,175843.51,0
832,15600831,Taylor,528,France,Male,38,7,0.0,2,0,0,97437.69,0
833,15600832,Rodriguez,687,France,Male,55,1,0.0,2,1,1,35304.8,0
834,15600833,Perez,527,France,Male,66,3,0.0,1,1,0,47286.36,0
835,15600834,Clark,637,France,Male,70,1,0.0,1,1,1,71752.08,0
836,15600835,Lopez,781,France,Female,67,10,0.0,2,1,1,37951.32,0
837,15600836,Jackson,645,Spain,Female,46,10,0.0,2,1,1,158403.58,0
838,15600837,Jones,575,France,Female,46,2,129939.73,2,1,0,73927.76,0
839,15600838,Miller,662,Germany,Female,78,1,90613.22,1,1,0,76159.64,1
840,15600839,White,643,Germany,Male,48,8,24994.03,1,1,1,100101.65,0
841,15600840,Johnson,693,France,Female,74,8,223071.63,2,1,0,57488.15,1
842,15600841,Wilson,805,Germany,Male,44,5,165630.24,3,1,1,25046.18,1
843,15600842,Jackson,688,France,Female,51,6,91950.14,1,1,0,146963.31,1
844,15600843,Lee,845,Spain,Male,35,4,0.0,2,0,0,118223.68,0
845,15600844,Garcia,693,France,Male,51,9,0.0,1,1,0,38200.51,0
846,15600845,Taylor,576,France,Female,44,0,0.0,1,1,1,12379.16,0
847,15600846,Miller,850,France,Female,61,3,0.0,2,1,1,107601.9,0
848,15600847,Martin,638,Spain,Female,60,3,0.0,2,1,1,133299.12,0
849,15600848,Perez,548,Germany,Female,58,7,0.0,2,1,1,46718.46,0
850,15600849,Brown,850,Germany,Male,45,4,139719.49,3,1,0,78292.17,1
851,15600850,Davis,579,France,Male,68,2,82910.41,1,0,0,175984.05,0
852,15600851,Sanchez,575,Germany,Male,53,0,0.0,2,1,1,101106.76,0
853,15600852,Johnson,597,France,Female,62,0,39116.86,2,1,0,171741.25,0
854,15600853,Johnson,665,Spain,Female,67,4,83047.73,1,1,1,109279.51,0
855,15600854,Clark,739,France,Male,54,7,0.0,2,1,1,122139.57,0
856,15600855,Brown,395,France,Female,40,8,60526.88,2,1,0,116379.4,0
857,15600856,Lewis,738,France,Female,56,9,74840.28,2,1,1,27260.35,0
858,15600857,Anderson,596,France,Male,51,9,108342.34,2,1,1,9908.43,0
859,15600858,Moore,610,Germany,Female,44,1,276374.69,1,1,0,143638.45,1
860,15600859,Rodriguez,814,France,Female,72,4,117298.38,1,1,1,121189.67,0
861,15600860,Lee,670,Spain,Female,50,3,0.0,1,1,0,69714.51,1
862,15600861,Harris,692,France,Male,60,2,96924.88,2,1,1,117589.08,0
863,15600862,Perez,645,Germany,Male,38,10,0.0,2,0,0,109151.65,0
864,15600863,Davis,723,France,Male,63,7,0.0,2,1,1,147192.51,0
865,15600864,Thompson,805,France,Male,56,1,29430.38,2,1,1,115895.39,0
866,15600865,Lopez,412,Germany,Female,48,1,45223.46,2,0,0,131822.3,1
867,15600866,Sanchez,754,France,Male,39,4,151791.99,1,1,0,109411.74,0
868,15600867,Thomas,798,France,Female,58,9,68912.03,2,0,1,31740.34,0
869,15600868,Lewis,698,Spain,Male,50,9,146835.31,2,1,0,171296.31,0
870,15600869,Brown,584,Spain,Male,77,9,0.0,2,1,1,80336.14,0
871,15600870,Ramirez,539,France,Male,46,0,0.0,1,0,1,41374.23,0
872,15600871,Ramirez,850,France,Female,35,6,0.0,2,0,0,193319.75,1
873,15600872,Miller,563,Germany,Female,42,8,151528.44,1,0,1,130599.01,0
874,15600873,Lewis,795,France,Male,67,1,30035.5,2,1,1,184156.42,0
875,15600874,Lopez,687,France,Female,63,9,48214.41,1,1,1,49096.29,0
876,15600875,Ramirez,846,France,Male,72,0,11532.73,1,1,0,129861.19,0
877,15600876,Rodriguez,619,Germany,Male,51,8,27897.0,2,0,0,86476.47,0
878,15600877,Ramirez,495,Germany,Male,61,1,94569.67,2,1,0,8555.15,1
879,15600878,Moore,650,France,Male,55,8,0.0,2,1,0,94898.04,0
880,15600879,Thomas,507,France,Female,47,7,51571.34,1,1,1,68904.71,0
881,15600880,Moore,850,France,Male,53,6,0.0,2,1,1,17540.28,0
882,15600881,Wilson,710,Germany,Male,49,10,51019.26,2,0,1,149941.27,0
883,15600882,Lopez,724,France,Male,71,0,162836.05,1,1,0,109839.44,1
884,15600883,Rodriguez,724,France,Female,46,3,0.0,1,0,1,6684.94,0
885,15600884,Moore,583,Spain,Male,74,10,0.0,1,1,1,48630.85,0
886,15600885,Gonzalez,637,France,Female,46,10,0.0,1,1,1,193526.87,0
887,15600886,Lewis,660,Germany,Male,49,6,152917.52,2,1,1,143974.4,1
888,15600887,Harris,836,France,Male,54,5,174201.96,2,1,0,184804.77,0
889,15600888,Miller,538,France,Female,45,0,108358.09,2,1,1,111559.14,0
890,15600889,Sanchez,580,France,Male,54,6,60401.2,1,1,1,165728.75,1
891,15600890,Perez,615,Germany,Female,55,1,0.0,1,1,1,101837.22,0
892,15600891,Smith,585,Spain,Male,70,7,0.0,2,1,0,97265.74,0
893,15600892,Taylor,509,Spain,Female,35,1,0.0,2,1,0,39728.09,0
894,15600893,Harris,390,France,Male,46,3,0.0,2,1,1,157654.51,0
895,15600894,Lopez,474,Germany,Female,76,5,163568.09,1,1,1,102219.03,1
896,15600895,Rodriguez,755,France,Male,49,7,0.0,2,0,1,36807.48,0
897,15600896,Lopez,649,France,Male,49,10,0.0,2,0,1,88342.11,0
898,15600897,Wilson,730,Spain,Male,45,2,32165.55,2,0,1,94327.9,0
899,15600898,Lopez,594,France,Male,61,5,58224.21,1,1,1,7230.26,0
900,15600899,Hernandez,640,France,Male,38,5,0.0,2,1,0,147264.39,0
901,15600900,Smith,804,France,Male,57,0,211497.73,1,1,0,4033.08,0
902,15600901,Garcia,799,France,Female,79,5,141248.29,2,1,1,111397.72,0
903,15600902,Jones,740,France,Female,37,0,112703.24,2,1,0,129095.42,0
904,15600903,Jackson,669,Germany,Female,61,8,0.0,1,1,1,8771.74,0
905,15600904,White,699,France,Female,41,3,0.0,1,1,0,64997.74,1
906,15600905,Anderson,685,Spain,Male,58,4,152489.49,2,1,1,154027.26,0
907,15600906,Jones,633,Spain,Male,57,0,171128.64,1,1,0,28744.99,0
908,15600907,Hernandez,611,France,Male,62,0,51135.74,1,1,0,98832.0,1
909,15600908,Lopez,757,France,Female,47,8,122820.6,2,1,1,22765.21,0
910,15600909,Lewis,525,France,Male,48,5,107063.68,2,1,1,192063.1,0
911,15600910,Miller,792,Germany,Male,63,9,163940.28,2,1,0,46314.71,0
912,15600911,Martinez,623,France,Female,47,9,186806.11,1,1,0,88015.64,1
913,15600912,Clark,523,Germany,Male,64,5,0.0,1,0,1,84476.54,0
914,15600913,Ramirez,597,France,Female,33,4,0.0,2,1,1,119888.04,0
915,15600914,Martin,566,Germany,Female,56,5,0.0,3,0,1,65620.76,1
916,15600915,Harris,594,France,Male,63,7,27030.29,1,1,1,96040.76,0
917,15600916,Wilson,592,France,Male,51,6,110338.49,1,1,0,184424.57,1
918,15600917,Lopez,589,Spain,Male,71,6,0.0,1,0,0,11550.98,0
919,15600918,Martinez,620,Spain,Female,48,8,0.0,2,1,1,2968.99,0
920,15600919,Thomas,643,France,Male,56,8,0.0,1,1,1,199486.51,0
921,15600920,Gonzalez,723,Spain,Female,66,8,69501.09,1,1,1,93532.04,0
922,15600921,Ramirez,626,France,Female,42,0,111318.92,1,1,1,66471.61,0
923,15600922,White,681,Spain,Male,67,10,0.0,1,1,0,43210.73,0
924,15600923,Hernandez,650,Spain,Male,57,10,0.0,2,1,1,135963.12,0
925,15600924,Wilson,701,France,Female,45,5,78365.54,2,0,1,125246.18,0
926,15600925,Lewis,654,France,Male,53,4,107164.42,2,1,1,52440.52,0
927,15600926,Harris,587,France,Female,44,7,0.0,2,1,0,48633.96,0
928,15600927,Thompson,561,Germany,Male,60,10,72700.06,1,0,1,166556.31,0
929,15600928,Clark,670,Germany,Female,50,9,69766.16,2,1,0,147808.91,1
930,15600929,Wilson,772,France,Female,49,7,0.0,1,1,0,152783.55,0
931,15600930,Gonzalez,628,France,Female,61,7,124193.66,1,0,0,91150.2,0
932,15600931,Perez,582,Spain,Male,51,4,0.0,1,1,1,62034.93,0
933,15600932,Perez,625,Spain,Male,53,9,0.0,2,1,0,99569.5,0
934,15600933,Garcia,596,Germany,Female,30,10,101157.65,1,1,0,118759.64,0
935,15600934,Smith,585,France,Male,52,9,79257.45,2,1,1,144523.01,0
936,15600935,Taylor,511,France,Male,35,0,160293.44,2,1,0,91880.64,0
937,15600936,Ramirez,626,France,Female,40,3,85750.73,2,0,0,139019.79,0
938,15600937,Harris,672,Spain,Male,46,6,229858.21,1,1,1,104171.89,0
939,15600938,Williams,546,France,Male,47,1,46988.9,2,1,1,32295.7,0
940,15600939,Williams,565,Germany,Male,34,6,143640.89,2,1,1,15241.81,0
941,15600940,Thomas,558,France,Female,53,4,0.0,1,1,1,112178.05,0
942,15600941,Jackson,516,Germany,Female,51,5,0.0,1,1,1,92703.55,0
943,15600942,Williams,558,Germany,Male,54,5,128307.26,2,1,0,76146.52,0
944,15600943,Sanchez,631,Spain,Male,49,4,182867.84,2,1,1,114024.64,0
945,15600944,Jackson,521,France,Male,73,9,133920.25,2,1,0,140195.35,1
946,15600945,Davis,636,France,Female,59,6,0.0,2,1,1,46319.67,0
947,15600946,Ramirez,582,France,Male,76,3,148555.1,1,0,0,109046.5,1
948,15600947,Thomas,560,Spain,Female,42,0,126598.96,2,1,1,43876.52,0
949,15600948,Thompson,686,Spain,Male,49,8,128890.56,2,0,0,128052.52,0
950,15600949,Taylor,588,Germany,Female,47,6,0.0,1,1,0,111166.2,0
951,15600950,Lopez,604,Germany,Male,38,8,36697.02,2,1,1,140038.57,0
952,15600951,Martinez,774,Germany,Female,51,10,199303.6,2,1,0,167107.43,1
953,15600952,Anderson,561,France,Male,34,8,174439.12,2,1,0,65302.77,0
954,15600953,Anderson,800,Spain,Male,60,6,174800.69,2,1,0,178559.54,0
955,15600954,Smith,616,France,Female,69,1,82654.27,2,1,1,15334.88,0
956,15600955,Rodriguez,540,France,Female,50,10,112689.96,1,1,0,127123.74,0
957,15600956,Perez,596,Germany,Male,54,1,136264.65,1,1,1,61264.21,0
958,15600957,Taylor,656,France,Female,69,3,112047.35,2,0,0,149490.82,0
959,15600958,Gonzalez,770,France,Female,43,8,104867.24,1,1,1,1549.53,0
960,15600959,Johnson,726,Germany,Female,38,6,147811.84,1,0,0,166100.63,1
961,15600960,Martin,656,France,Male,34,8,52441.89,1,1,0,166574.24,0
962,15600961,Anderson,770,Germany,Male,44,3,0.0,1,0,0,96700.65,1
963,15600962,Clark,469,France,Male,46,8,100257.71,2,1,1,185888.88,0
964,15600963,White,673,France,Male,61,6,48523.15,1,1,1,83325.57,0
965,15600964,Lopez,679,France,Female,40,7,0.0,2,1,1,180987.95,0
966,15600965,Harris,680,France,Male,38,0,0.0,1,1,0,128.48,0
967,15600966,Martin,495,Germany,Male,63,8,0.0,1,1,1,81448.28,1
968,15600967,Gonzalez,552,France,Female,46,7,0.0,1,0,0,11780.82,0
969,15600968,Taylor,634,Germany,Female,54,0,0.0,2,0,1,38170.18,0
970,15600969,Anderson,757,France,Male,62,7,112116.38,1,0,1,87720.05,0
971,15600970,Gonzalez,833,Germany,Male,92,4,0.0,2,1,0,136408.77,1
972,15600971,Harris,586,Spain,Female,57,2,0.0,2,1,0,62058.46,0
973,15600972,Hernandez,524,Germany,Male,45,7,222554.17,1,0,0,46402.86,1
974,15600973,Perez,728,France,Female,63,10,139312.54,2,1,0,170121.94,1
975,15600974,Thompson,850,France,Female,43,10,114920.12,1,1,1,10924.93,0
976,15600975,Williams,756,France,Male,69,2,73986.4,1,1,0,169087.77,1
977,15600976,Johnson,578,Germany,Female,45,7,0.0,1,1,0,5290.19,0
978,15600977,Jackson,850,France,Female,41,4,103217.99,2,0,0,1930.74,0
979,15600978,Smith,715,France,Male,53,7,110516.99,2,1,0,187240.41,0
980,15600979,Harris,574,Germany,Female,57,2,36146.1,2,0,1,68113.27,0
981,15600980,Lewis,835,France,Female,42,9,42064.37,1,1,1,32971.87,0
982,15600981,Ramirez,566,Spain,Female,46,5,63830.12,1,1,1,37027.01,0
983,15600982,Gonzalez,590,France,Female,58,5,0.0,1,0,0,129373.2,0
984,15600983,Jones,719,France,Male,55,3,0.0,1,1,0,165283.49,0
985,15600984,Martinez,647,Germany,Male,58,4,0.0,2,1,1,89982.02,1
986,15600985,Brown,653,France,Male,69,6,0.0,2,1,1,45128.28,0
987,15600986,Lopez,653,Germany,Male,56,0,63930.14,1,1,1,62537.85,1
988,15600987,Thomas,756,France,Male,74,7,175115.73,2,1,1,39865.35,1
989,15600988,Martin,426,France,Female,64,10,31471.87,2,1,1,38126.75,1
990,15600989,Ramirez,677,Spain,Female,46,2,0.0,1,1,0,111716.16,1
991,15600990,Hernandez,622,Spain,Female,70,6,166780.6,1,1,0,105295.7,1
992,15600991,Lopez,577,Germany,Female,56,8,172052.52,2,1,0,134872.89,1
993,15600992,Clark,577,France,Female,67,1,100988.02,1,1,1,35032.45,0
994,15600993,Taylor,396,Germany,Male,58,9,24431.87,1,1,1,8082.36,1
995,15600994,Jones,573,France,Female,78,9,0.0,1,1,0,113420.69,0
996,15600995,Brown,773,France,Male,41,6,90885.97,1,1,1,175822.78,0
997,15600996,Ramirez,729,Spain,Female,50,0,0.0,2,0,0,142415.17,1
998,15600997,Smith,631,France,Female,60,4,47991.31,1,0,1,44104.41,1
999,15600998,Martinez,514,Spain,Male,54,10,143545.16,2,1,0,84762.17,0
1000,15600999,Smith,728,France,Female,43,6,0.0,1,1,1,43128.01,0
1001,15601000,Davis,775,France,Male,76,4,98717.57,2,0,1,33839.07,0
1002,15601001,Moore,749,Germany,Male,52,4,148859.88,1,0,0,175387.29,1
1003,15601002,Harris,557,Spain,Female,65,5,156760.48,2,0,1,30485.33,0
1004,15601003,Lee,566,Germany,Male,59,9,113559.14,2,1,1,139352.15,0
1005,15601004,Perez,808,Spain,Male,63,9,0.0,2,1,1,70300.12,0
1006,15601005,Lee,533,Germany,Female,41,10,0.0,1,1,0,51735.02,0
1007,15601006,Ramirez,695,Germany,Female,52,10,0.0,2,1,0,186578.65,0
1008,15601007,Hernandez,479,Spain,Female,63,5,64975.49,2,1,0,176722.62,1
1009,15601008,Smith,621,France,Female,65,9,188708.85,2,0,1,45260.83,0
1010,15601009,Miller,706,France,Male,64,1,84514.4,1,1,0,82375.34,1
1011,15601010,Gonzalez,647,France,Male,45,9,101572.46,2,1,0,141066.85,0
1012,15601011,Martinez,700,Spain,Female,37,10,113721.25,1,0,0,162543.05,0
1013,15601012,Moore,532,Spain,Female,40,9,74444.21,2,1,1,87691.01,0
1014,15601013,Sanchez,571,France,Male,53,8,150423.31,2,1,1,182804.45,0
1015,15601014,Ramirez,696,Germany,Female,54,2,107167.77,1,1,1,83427.44,0
1016,15601015,Gonzalez,716,Spain,Female,53,0,85911.17,1,1,0,21402.93,0
1017,15601016,Hernandez,671,France,Female,41,10,0.0,2,1,1,196501.16,0
1018,15601017,Clark,740,Germany,Female,47,0,143898.96,2,0,1,186015.75,1
1019,15601018,Thompson,490,Spain,Male,76,8,0.0,1,1,0,154606.77,1
1020,15601019,Lewis,605,France,Female,57,5,97936.09,2,1,0,178474.17,0
1021,15601020,Wilson,824,Germany,Female,52,6,94127.23,2,0,0,129415.11,1
1022,15601021,Gonzalez,773,France,Male,76,1,125350.33,2,1,0,80413.82,0
1023,15601022,Perez,710,Spain,Female,80,10,35633.25,2,0,0,74953.23,0
1024,15601023,Lopez,635,Spain,Male,48,0,32671.07,2,1,0,61237.0,1
1025,15601024,Smith,749,Spain,Male,57,1,118959.58,1,0,1,137002.06,0
1026,15601025,Moore,691,France,Female,38,2,0.0,2,1,1,59398.79,0
1027,15601026,Thompson,504,Spain,Male,36,2,2763.52,1,0,1,68404.79,0
1028,15601027,Taylor,745,Spain,Male,50,7,0.0,1,1,0,99860.31,1
1029,15601028,Ramirez,566,France,Female,41,3,0.0,2,1,0,89197.74,0
1030,15601029,Jones,722,Spain,Male,47,0,0.0,2,1,0,9739.85,0
1031,15601030,Jones,494,France,Male,56,1,55882.92,2,1,0,86014.22,1
1032,15601031,Ramirez,803,Germany,Male,71,8,98941.75,2,1,1,97826.16,0
1033,15601032,Jackson,623,France,Male,57,1,247907.74,1,1,1,111468.93,0
1034,15601033,Anderson,543,France,Female,48,8,78941.15,2,1,1,173874.6,0
1035,15601034,Harris,583,France,Female,81,4,72507.47,2,1,0,69598.34,1
1036,15601035,Lopez,617,Germany,Female,54,3,0.0,1,1,0,140110.6,1
1037,15601036,Jones,649,France,Female,65,3,43523.32,2,0,0,183398.74,1
1038,15601037,Lopez,776,Germany,Male,67,2,96917.49,1,1,1,186247.72,1
1039,15601038,Gonzalez,656,France,Female,52,1,87583.02,2,1,1,187800.6,0
1040,15601039,Smith,441,France,Female,32,7,179463.62,2,0,1,167926.45,0
1041,15601040,Hernandez,531,Germany,Female,37,5,0.0,2,1,0,111207.66,0
1042,15601041,Lewis,850,Spain,Female,46,8,244873.57,1,0,1,141371.8,0
1043,15601042,Moore,662,France,Female,46,1,14695.88,1,0,1,13774.73,0
1044,15601043,Jones,741,Germany,Female,52,0,86916.38,1,1,0,37325.68,1
1045,15601044,Wilson,620,Spain,Male,50,7,99607.07,1,1,0,198013.89,0
1046,15601045,Moore,553,Germany,Female,30,7,102056.35,1,1,0,5041.15,0
1047,15601046,White,603,France,Male,50,4,0.0,2,1,0,6010.03,0
1048,15601047,Rodriguez,662,France,Male,53,1,0.0,1,0,1,47680.88,0
1049,15601048,Lee,605,Spain,Male,55,9,0.0,1,1,1,112803.8,0
1050,15601049,White,834,France,Male,37,4,31261.58,2,1,1,39768.94,0
1051,15601050,Jones,590,Spain,Male,55,7,51842.65,1,1,0,20492.41,0
1052,15601051,Brown,548,Germany,Male,61,3,134570.76,1,1,0,29216.74,1
1053,15601052,White,727,Spain,Female,82,1,0.0,2,0,0,92554.0,1
1054,15601053,Williams,739,Spain,Female,54,2,114624.54,1,1,0,105868.52,0
1055,15601054,White,652,Spain,Female,64,2,0.0,2,0,0,50252.63,1
1056,15601055,Williams,592,France,Male,60,8,157205.92,1,1,0,190772.41,0
1057,15601056,Moore,467,Spain,Female,92,2,72522.56,2,1,1,161987.3,1
1058,15601057,Lewis,767,France,Female,44,0,0.0,2,0,0,94055.35,1
1059,15601058,Moore,733,France,Male,55,6,0.0,2,0,1,33273.12,0
1060,15601059,Moore,607,Germany,Female,74,0,0.0,1,1,0,178254.44,1
1061,15601060,Jackson,655,Spain,Female,73,5,0.0,1,0,1,30902.55,0
1062,15601061,Johnson,628,Spain,Male,73,9,58883.58,2,1,1,136732.91,0
1063,15601062,Ramirez,806,Spain,Female,92,3,0.0,1,1,1,125066.22,0
1064,15601063,Wilson,550,France,Female,61,6,105885.36,2,0,0,176289.82,1
1065,15601064,Robinson,590,France,Male,48,6,90880.82,2,1,1,63619.84,0
1066,15601065,Garcia,581,Germany,Male,61,6,16064.47,1,1,0,49548.77,0
1067,15601066,White,679,France,Male,43,5,0.0,2,1,1,84884.36,0
1068,15601067,Gonzalez,655,France,Male,59,6,0.0,2,1,0,176442.12,0
1069,15601068,Harris,669,France,Male,43,7,73311.47,2,1,0,27233.44,0
1070,15601069,Ramirez,565,France,Male,45,2,0.0,1,1,1,189455.53,0
1071,15601070,Perez,792,France,Male,36,4,0.0,2,1,0,132306.57,0
1072,15601071,Anderson,606,France,Female,58,9,60242.16,2,0,1,15001.73,0
1073,15601072,Martinez,764,France,Male,72,10,6911.93,4,1,0,120971.01,1
1074,15601073,Sanchez,850,France,Male,55,8,0.0,2,0,1,106078.41,0
1075,15601074,Garcia,566,Spain,Male,53,7,127325.92,1,1,0,125867.44,0
1076,15601075,Robinson,682,France,Male,46,5,141098.78,2,1,0,98904.13,0
1077,15601076,Martin,637,France,Male,66,8,0.0,1,1,0,159535.21,1
1078,15601077,Moore,844,Germany,Male,69,9,97142.2,2,0,0,167659.05,1
1079,15601078,Gonzalez,623,France,Male,39,4,114015.34,2,1,0,111691.43,1
1080,15601079,Perez,673,Spain,Female,56,1,0.0,2,1,0,18682.46,0
1081,15601080,Smith,671,Spain,Female,65,8,0.0,1,1,0,100333.78,1
1082,15601081,Sanchez,640,France,Male,48,4,0.0,1,1,0,18998.05,0
1083,15601082,Miller,722,France,Male,38,7,100404.66,1,0,1,4523.27,0
1084,15601083,Lewis,658,Spain,Female,42,7,21775.62,2,1,1,86159.3,0
1085,15601084,Williams,696,Spain,Female,75,3,106822.48,2,0,1,193970.79,1
1086,15601085,White,670,France,Male,68,3,206467.2,1,0,0,34119.37,1
1087,15601086,Harris,591,Germany,Female,70,0,0.0,1,1,0,160769.36,1
1088,15601087,Anderson,624,France,Female,40,4,0.0,2,1,1,2011.77,0
1089,15601088,Williams,703,Spain,Male,65,8,82500.84,2,1,0,18383.82,1
1090,15601089,Sanchez,702,France,Female,76,4,0.0,1,1,1,167667.21,0
1091,15601090,Thompson,769,Spain,Female,46,4,0.0,1,1,1,76131.46,0
1092,15601091,Jackson,828,Germany,Female,51,5,0.0,2,1,1,193709.55,0
1093,15601092,Jackson,599,Germany,Male,56,5,117536.2,1,0,1,12367.66,0
1094,15601093,Wilson,662,Germany,Male,58,7,0.0,1,1,0,67002.12,0
1095,15601094,Robinson,631,France,Male,48,0,178510.47,2,1,1,116603.4,0
1096,15601095,Gonzalez,543,France,Male,67,4,123038.79,2,1,1,137198.37,1
1097,15601096,Robinson,704,France,Female,61,8,0.0,1,1,1,101280.61,0
1098,15601097,Brown,724,France,Female,44,2,42669.91,2,1,0,168597.15,0
1099,15601098,Jones,546,Spain,Female,66,10,56981.58,1,1,1,132591.02,1
1100,15601099,Gonzalez,614,France,Female,52,6,0.0,2,1,0,187478.54,0
1101,15601100,Miller,604,France,Male,61,6,0.0,1,1,0,156209.21,0
1102,15601101,Hernandez,505,Spain,Female,44,9,0.0,1,1,0,193168.4,0
1103,15601102,White,646,Spain,Female,45,2,115758.33,1,1,0,147397.39,0
1104,15601103,White,540,Spain,Male,37,6,0.0,2,0,1,47922.69,0
1105,15601104,Johnson,665,Spain,Female,69,2,157624.24,1,1,0,103685.81,1
1106,15601105,Lopez,675,France,Male,64,5,0.0,1,1,0,69395.52,1
1107,15601106,White,687,France,Female,56,7,54588.89,1,0,0,92822.37,1
1108,15601107,Clark,692,Spain,Male,40,7,69996.14,2,0,0,97143.52,0
1109,15601108,Rodriguez,796,Germany,Male,72,5,0.0,2,0,0,190194.7,1
1110,15601109,Miller,572,France,Female,61,1,0.0,1,1,0,148140.39,1
1111,15601110,Sanchez,577,Spain,Female,48,0,0.0,2,0,0,152625.51,0
1112,15601111,Davis,712,France,Male,57,2,0.0,1,0,0,180673.56,0
1113,15601112,Anderson,637,France,Male,51,2,72336.9,1,0,0,1752.31,0
1114,15601113,Lopez,758,Germany,Male,61,6,13350.02,2,1,1,147865.61,0
1115,15601114,Clark,703,Germany,Female,43,3,44458.22,2,1,1,148871.55,0
1116,15601115,Smith,834,Germany,Female,34,1,67828.71,2,1,1,97571.93,0
1117,15601116,Jackson,641,France,Female,60,1,174779.39,1,1,1,60755.75,0
1118,15601117,Johnson,507,Spain,Male,62,6,200894.54,1,1,1,10213.35,1
1119,15601118,Miller,682,France,Female,37,7,142770.33,1,1,0,193727.91,0
1120,15601119,Wilson,643,France,Male,32,10,103263.75,1,0,1,98590.06,0
1121,15601120,White,701,Spain,Female,56,4,104891.81,2,1,1,23385.11,0
1122,15601121,Anderson,713,Spain,Male,60,1,0.0,2,1,0,133620.85,1
1123,15601122,Moore,598,Spain,Male,51,2,146354.71,1,1,1,156269.64,0
1124,15601123,Moore,553,Spain,Female,43,0,0.0,1,0,1,184086.12,0
1125,15601124,Garcia,635,Germany,Male,82,9,159406.65,1,0,1,97345.98,0
1126,15601125,Perez,421,Germany,Female,59,3,56593.3,2,1,0,161836.5,1
1127,15601126,Lewis,657,France,Female,69,6,86086.15,1,1,0,171157.83,0
1128,15601127,Perez,610,France,Male,41,9,142633.99,2,1,1,42684.22,0
1129,15601128,Perez,732,France,Male,72,8,67821.87,2,1,1,83999.41,0
1130,15601129,Anderson,459,France,Female,58,2,236327.7,2,1,1,120803.46,0
1131,15601130,Davis,650,Germany,Female,80,3,0.0,1,1,0,107605.19,0
1132,15601131,Moore,801,France,Male,61,5,0.0,1,1,0,198960.28,1
1133,15601132,Brown,714,France,Male,54,0,202431.15,2,1,1,74556.79,0
1134,15601133,Williams,744,France,Female,52,4,145404.51,2,0,0,173444.78,0
1135,15601134,Moore,682,Germany,Female,46,9,51424.01,2,0,1,38913.44,0
1136,15601135,Hernandez,490,France,Male,52,4,109838.3,2,1,0,181648.39,1
1137,15601136,Jones,665,Spain,Male,61,9,47119.0,2,0,0,2689.53,0
1138,15601137,Miller,689,France,Female,64,8,123529.92,2,1,1,145999.98,0
1139,15601138,Jones,546,France,Female,44,8,31211.09,1,0,0,93383.25,1
1140,15601139,Martin,637,Germany,Female,39,0,105367.2,1,1,1,1656.08,0
1141,15601140,Sanchez,371,Spain,Female,57,2,0.0,1,1,1,178876.08,0
1142,15601141,Garcia,617,France,Female,37,3,125202.6,2,1,0,133058.26,0
1143,15601142,Lopez,608,Germany,Male,53,0,0.0,1,1,0,145225.83,1
1144,15601143,Garcia,784,Germany,Female,40,8,134120.44,1,1,0,122397.92,1
1145,15601144,Clark,592,France,Male,63,1,0.0,1,1,1,183459.06,0
1146,15601145,Jackson,624,Spain,Female,48,4,0.0,2,1,0,163391.19,1
1147,15601146,Anderson,642,Spain,Male,50,2,0.0,1,1,0,59225.41,0
1148,15601147,Garcia,593,Germany,Male,38,3,0.0,2,1,1,68074.57,0
1149,15601148,Robinson,719,Spain,Female,67,3,195884.89,1,1,1,25460.64,0
1150,15601149,Gonzalez,458,Spain,Female,56,10,140431.1,2,1,0,9572.95,1
1151,15601150,White,759,Germany,Male,56,1,0.0,2,0,1,155967.3,0
1152,15601151,Wilson,648,Spain,Female,40,10,0.0,2,1,1,66019.62,0
1153,15601152,Lee,774,Germany,Male,36,1,0.0,2,1,1,108134.64,1
1154,15601153,Lee,386,Germany,Male,44,7,40521.64,1,1,1,141087.15,0
1155,15601154,Hernandez,416,Germany,Female,48,1,0.0,1,1,1,143320.48,1
1156,15601155,Robinson,621,Spain,Male,44,9,70773.7,2,0,0,173200.78,0
1157,15601156,Garcia,698,France,Female,80,6,197284.39,1,1,0,162453.06,1
1158,15601157,Brown,596,Spain,Male,68,0,55740.26,3,1,1,138432.51,0
1159,15601158,Ramirez,706,Spain,Female,53,0,89640.51,1,1,0,40937.89,1
1160,15601159,Williams,744,France,Female,45,9,135678.13,1,1,1,166788.44,0
1161,15601160,Johnson,713,Spain,Male,42,2,14409.42,1,1,1,21947.51,0
1162,15601161,Davis,659,France,Male,52,2,86910.37,1,1,0,46404.88,1
1163,15601162,Ramirez,659,France,Female,57,10,130190.52,1,1,1,66819.7,0
1164,15601163,Brown,590,Germany,Female,48,8,0.0,1,1,0,113032.67,0
1165,15601164,Sanchez,644,France,Male,58,1,149769.37,1,1,0,188798.34,1
1166,15601165,Lewis,551,Spain,Male,47,3,0.0,2,1,1,114840.62,0
1167,15601166,Clark,574,Spain,Male,41,2,23499.62,2,0,1,130767.96,0
1168,15601167,Williams,699,Germany,Male,58,6,0.0,1,0,1,117463.7,0
1169,15601168,Jones,605,France,Male,36,5,0.0,2,0,0,17020.06,0
1170,15601169,Rodriguez,579,France,Male,39,8,0.0,2,1,0,60245.23,0
1171,15601170,Martin,693,Germany,Female,43,7,110847.61,2,1,0,185076.1,1
1172,15601171,Brown,686,Spain,Female,46,1,0.0,1,0,0,47402.26,0
1173,15601172,Brown,629,Germany,Female,61,2,45224.89,2,1,0,82668.85,0
1174,15601173,Brown,635,France,Female,38,0,115893.64,1,0,1,116385.63,0
1175,15601174,Anderson,689,Germany,Female,50,7,97400.8,1,0,1,150854.39,0
1176,15601175,Miller,743,Germany,Female,57,1,31836.6,1,1,0,113009.66,1
1177,15601176,Jackson,669,Spain,Female,56,3,42864.38,1,1,0,88855.41,1
1178,15601177,Harris,535,France,Female,61,1,135819.8,2,0,0,139767.24,1
1179,15601178,Johnson,628,Spain,Female,50,1,148730.6,1,1,1,122024.87,0
1180,15601179,Hernandez,610,Germany,Male,46,2,102938.14,2,0,1,101853.22,0
1181,15601180,Jackson,548,Spain,Female,70,9,0.0,2,1,1,117850.85,0
1182,15601181,Jackson,697,France,Female,45,4,216828.69,2,0,0,81365.15,0
1183,15601182,Gonzalez,705,Germany,Female,44,7,202445.01,2,0,1,102493.0,0
1184,15601183,Sanchez,719,Spain,Female,43,9,143726.42,1,0,1,89792.15,0
1185,15601184,Perez,554,France,Female,43,1,32304.71,1,1,0,199607.15,0
1186,15601185,Lee,665,Spain,Female,75,4,19587.62,2,1,1,11147.26,0
1187,15601186,Smith,649,Germany,Male,78,10,0.0,2,1,0,131699.05,0
1188,15601187,Lee,679,France,Female,63,3,58701.58,2,1,0,48472.07,0
1189,15601188,Ramirez,662,France,Male,59,2,168311.13,2,1,1,74569.61,0
1190,15601189,Sanchez,648,Germany,Female,44,9,0.0,1,1,0,37942.32,0
1191,15601190,Wilson,637,France,Female,47,5,4823.43,2,1,1,150414.31,0
1192,15601191,White,756,Germany,Male,37,8,0.0,2,0,1,57458.22,0
1193,15601192,Hernandez,567,France,Male,50,7,82704.95,1,1,0,130842.76,1
1194,15601193,Moore,633,Germany,Female,39,1,0.0,2,1,1,113699.88,0
1195,15601194,Moore,753,France,Male,55,0,93247.05,1,0,0,85720.25,0
1196,15601195,Garcia,572,Spain,Male,45,7,22585.32,3,1,0,68186.19,1
1197,15601196,Martinez,577,Spain,Female,56,4,173464.78,2,0,0,139905.88,0
1198,15601197,Taylor,720,Spain,Male,30,1,86496.81,2,0,1,107488.32,0
1199,15601198,Anderson,513,Germany,Male,43,9,164480.89,1,1,1,9427.49,0
1200,15601199,Lewis,713,France,Female,36,0,163581.57,1,1,1,147828.64,0
1201,15601200,Smith,602,Spain,Male,42,10,62626.6,1,1,1,151350.28,0
1202,15601201,Martinez,689,France,Male,57,7,0.0,1,0,0,83718.42,0
1203,15601202,White,532,France,Female,58,7,0.0,2,0,0,3927.23,0
1204,15601203,Johnson,763,France,Female,56,5,177733.39,2,1,1,38189.42,0
1205,15601204,Hernandez,533,France,Female,54,4,66044.79,1,1,0,114823.49,1
1206,15601205,Williams,719,Spain,Female,53,4,138071.64,3,1,1,151257.96,1
1207,15601206,Thompson,537,Germany,Female,61,5,158931.08,1,0,1,17033.34,1
1208,15601207,White,823,France,Male,32,4,0.0,1,1,0,134580.52,0
1209,15601208,Sanchez,643,France,Male,74,1,0.0,2,1,1,100262.93,0
1210,15601209,Martin,837,Spain,Male,50,6,79656.02,2,1,0,46918.76,0
1211,15601210,Lee,571,France,Male,61,3,187195.81,1,1,0,97214.12,0
1212,15601211,Ramirez,607,France,Female,28,6,162970.6,2,1,0,12730.27,1
1213,15601212,Hernandez,766,France,Female,52,0,8877.96,2,1,0,131837.32,0
1214,15601213,Moore,513,Spain,Male,45,5,165096.7,1,1,1,25158.75,0
1215,15601214,Hernandez,582,Germany,Female,49,1,0.0,1,0,0,4619.1,1
1216,15601215,Sanchez,697,France,Male,41,2,88893.43,2,1,0,5335.01,0
1217,15601216,Lee,552,France,Male,43,2,0.0,1,1,1,142223.38,0
1218,15601217,Harris,700,Germany,Female,58,9,0.0,1,1,1,48792.86,1
1219,15601218,Miller,666,Germany,Male,55,0,0.0,2,0,1,106062.17,0
1220,15601219,Ramirez,504,France,Male,35,4,0.0,1,1,1,9186.78,0
1221,15601220,Ramirez,742,Spain,Male,43,7,0.0,2,1,1,8926.93,0
1222,15601221,Lopez,528,France,Male,50,7,0.0,1,1,0,169650.14,0
1223,15601222,Jones,724,France,Female,52,9,0.0,2,1,0,141497.87,1
1224,15601223,Hernandez,662,Spain,Female,81,10,0.0,1,1,1,22101.85,1
1225,15601224,Harris,606,France,Male,54,6,159841.29,3,1,1,109586.9,0
1226,15601225,Thompson,543,Germany,Male,35,6,0.0,1,1,0,30584.61,0
1227,15601226,Lee,681,France,Female,53,7,67987.08,1,1,1,155809.85,1
1228,15601227,Jackson,566,France,Female,40,7,0.0,2,1,1,133661.91,0
1229,15601228,Jones,765,Spain,Male,50,4,0.0,2,1,1,189275.0,0
1230,15601229,Wilson,769,France,Male,83,6,181606.37,1,1,1,112890.54,1
1231,15601230,Martin,807,Spain,Female,47,1,69088.47,2,0,1,78482.38,0
1232,15601231,Williams,676,France,Female,64,3,105506.31,1,1,1,139143.93,0
1233,15601232,Gonzalez,611,France,Male,52,5,0.0,1,0,1,118908.4,0
1234,15601233,Brown,621,France,Female,73,10,44184.53,1,0,0,81846.31,1
1235,15601234,Gonzalez,614,Germany,Male,59,9,60501.41,1,1,1,84008.42,1
1236,15601235,Wilson,673,France,Male,66,2,0.0,3,0,1,29943.45,1
1237,15601236,Anderson,691,Spain,Male,57,1,56835.12,2,1,0,95475.03,1
1238,15601237,Davis,768,France,Female,47,0,140971.42,2,1,0,30895.8,1
1239,15601238,Lee,651,Spain,Male,71,3,142794.75,2,1,0,34531.56,1
1240,15601239,Moore,515,France,Male,55,1,81806.15,2,1,1,31156.65,0
1241,15601240,Harris,610,Spain,Male,47,2,104761.21,1,1,0,96140.62,0
1242,15601241,Sanchez,799,Spain,Female,45,9,0.0,1,0,1,97568.79,0
1243,15601242,Jackson,500,Spain,Male,56,10,0.0,2,1,0,12747.21,0
1244,15601243,Jones,720,Spain,Male,67,10,0.0,2,0,1,130036.35,0
1245,15601244,Lopez,612,Spain,Male,58,10,196688.44,1,0,0,32593.64,0
1246,15601245,Brown,565,Germany,Female,48,5,0.0,2,1,1,92511.48,0
1247,15601246,Perez,687,France,Male,57,9,124206.11,2,0,1,121682.93,0
1248,15601247,Garcia,799,France,Male,62,2,124318.19,1,0,1,10950.76,0
1249,15601248,Miller,682,Spain,Male,37,2,5889.7,1,1,0,111248.08,0
1250,15601249,Martin,624,Germany,Female,40,3,133369.29,2,0,1,183398.67,0
1251,15601250,Moore,525,Spain,Female,61,2,0.0,1,0,0,27085.15,0
1252,15601251,Hernandez,640,France,Female,39,5,0.0,2,1,1,183530.43,0
1253,15601252,Smith,522,France,Female,50,8,0.0,2,1,1,163427.1,0
1254,15601253,Anderson,620,France,Female,54,7,0.0,1,1,0,107296.83,0
1255,15601254,Lee,643,Germany,Male,42,1,82417.22,1,1,1,25050.66,1
1256,15601255,Hernandez,423,France,Female,50,2,0.0,1,1,0,144698.68,1
1257,15601256,Williams,783,France,Male,54,7,0.0,1,1,0,129498.67,0
1258,15601257,Miller,531,France,Male,68,2,0.0,2,0,0,133230.01,0
1259,15601258,Harris,632,France,Female,66,4,137267.92,1,0,1,25898.58,0
1260,15601259,White,701,Germany,Male,56,10,0.0,2,1,0,97919.62,1
1261,15601260,Sanchez,775,France,Male,46,8,0.0,1,1,1,130708.39,0
1262,15601261,Garcia,573,Spain,Male,67,1,63434.66,3,0,1,93173.12,0
1263,15601262,Jackson,409,France,Female,67,8,0.0,3,1,1,118043.94,1
1264,15601263,Sanchez,753,France,Male,44,9,0.0,2,1,0,112874.92,0
1265,15601264,Hernandez,530,France,Female,54,4,157812.43,1,1,0,85380.09,0
1266,15601265,Johnson,684,France,Female,47,8,166548.67,1,1,0,30227.87,0
1267,15601266,Lewis,690,France,Female,56,3,185329.31,2,1,1,162529.31,0
1268,15601267,Ramirez,350,France,Male,44,7,176102.39,2,1,0,128334.06,0
1269,15601268,Rodriguez,494,Germany,Female,62,7,162928.84,1,0,0,128248.61,1
1270,15601269,Williams,605,France,Male,56,2,0.0,2,0,1,10701.64,0
1271,15601270,Martinez,401,Germany,Male,44,4,86621.36,1,1,0,150851.99,1
1272,15601271,Robinson,521,Spain,Male,61,9,0.0,2,0,1,43295.18,0
1273,15601272,Robinson,661,Spain,Female,46,0,50702.66,1,1,1,136912.33,0
1274,15601273,Williams,641,France,Male,36,5,206.9,2,1,0,136474.37,0
1275,15601274,Hernandez,679,France,Male,42,8,134360.31,2,1,1,18151.77,0
1276,15601275,Sanchez,693,France,Male,64,0,95354.38,2,1,1,106507.46,0
1277,15601276,Moore,488,France,Male,75,1,108358.05,1,1,1,142153.51,1
1278,15601277,Wilson,526,Spain,Female,76,6,140331.74,2,0,1,155828.89,1
1279,15601278,Wilson,723,France,Female,46,5,0.0,2,1,1,82522.1,0
1280,15601279,Anderson,796,France,Female,50,9,74325.49,2,1,1,4996.61,0
1281,15601280,Thompson,557,Germany,Male,48,10,85055.79,1,1,1,140388.09,0
1282,15601281,Taylor,674,Germany,Male,52,2,0.0,1,1,0,62624.37,1
1283,15601282,Perez,727,Germany,Female,39,1,160182.88,2,1,1,47593.7,0
1284,15601283,Lee,672,France,Male,47,6,13575.81,1,1,1,159318.03,0
1285,15601284,Jones,626,France,Female,55,9,124380.53,3,1,0,75487.33,1
1286,15601285,Robinson,588,Germany,Male,64,9,103898.41,2,1,1,98332.25,0
1287,15601286,Miller,840,France,Female,56,4,12707.45,1,0,0,76967.61,0
1288,15601287,Lewis,659,France,Male,50,5,0.0,2,1,1,181569.79,0
1289,15601288,Davis,687,France,Male,42,8,136247.73,1,1,0,84910.64,0
1290,15601289,Rodriguez,681,France,Female,65,6,85122.62,1,1,0,74419.07,1
1291,15601290,Anderson,572,France,Female,38,3,0.0,2,1,1,42839.58,0
1292,15601291,Johnson,654,France,Male,40,10,100298.45,3,1,0,88653.05,1
1293,15601292,Gonzalez,619,Germany,Female,59,8,7858.48,1,1,0,99298.93,1
1294,15601293,Garcia,617,Germany,Female,61,2,62197.38,2,1,1,132705.53,0
1295,15601294,Perez,680,Spain,Male,32,3,26254.56,2,1,1,145982.49,0
1296,15601295,Martin,562,France,Male,50,9,0.0,3,1,0,47109.48,1
1297,15601296,Martinez,534,France,Male,35,2,0.0,1,1,0,188775.39,0
1298,15601297,Williams,698,France,Male,50,9,0.0,1,1,0,126378.75,0
1299,15601298,Jackson,598,Germany,Female,48,10,0.0,1,1,1,20476.17,0
1300,15601299,Thomas,616,Germany,Male,71,2,0.0,2,1,1,152939.96,1
1301,15601300,Brown,464,France,Male,57,0,42596.9,1,1,0,140200.21,1
1302,15601301,Martin,742,Spain,Male,58,4,0.0,2,1,1,138526.71,0
1303,15601302,Clark,700,France,Female,68,3,121816.03,1,0,0,156508.36,1
1304,15601303,Williams,717,Germany,Male,68,10,51743.73,1,1,0,127906.85,1
1305,15601304,Martin,687,Germany,Male,54,8,0.0,1,1,1,3389.17,0
1306,15601305,Jackson,504,Spain,Male,45,3,122447.04,2,1,1,131859.1,0
1307,15601306,Lewis,671,Germany,Female,63,2,0.0,1,0,1,160179.52,1
1308,15601307,Clark,591,Spain,Male,62,5,0.0,2,1,0,109511.98,0
1309,15601308,Anderson,557,France,Female,59,9,35226.63,1,1,1,36686.6,0
1310,15601309,Anderson,698,Spain,Male,54,10,122251.76,2,1,0,134531.32,0
1311,15601310,Smith,809,France,Male,50,4,101777.12,1,1,0,9419.58,0
1312,15601311,Wilson,793,Spain,Male,68,3,50967.64,2,0,0,91985.71,1
1313,15601312,Williams,709,Germany,Male,48,0,100640.55,2,0,0,95741.71,0
1314,15601313,Jones,647,Spain,Female,45,10,74799.92,2,1,0,196433.21,0
1315,15601314,Thomas,629,France,Female,49,2,127751.43,1,1,1,36165.15,0
1316,15601315,Lee,563,Germany,Female,44,3,128203.79,3,0,1,107918.01,1
1317,15601316,Perez,624,Germany,Female,62,9,0.0,2,1,0,138755.37,1
1318,15601317,Martinez,737,Germany,Male,54,10,0.0,3,1,1,2944.89,1
1319,15601318,Perez,825,France,Male,35,7,67394.01,2,0,0,180680.01,0
1320,15601319,Rodriguez,571,France,Female,57,8,186525.07,2,0,0,139508.97,0
1321,15601320,Wilson,458,France,Female,50,7,0.0,2,1,1,124981.4,0
1322,15601321,Hernandez,599,France,Female,52,8,115194.44,1,1,1,128443.09,0
1323,15601322,Clark,736,Spain,Male,55,9,209112.25,2,1,1,23044.86,0
1324,15601323,Lopez,848,France,Male,47,0,0.0,1,1,1,191601.83,0
1325,15601324,Jones,775,Spain,Female,45,10,0.0,2,1,1,88343.43,0
1326,15601325,Taylor,773,France,Male,59,0,128803.84,2,0,1,114451.45,0
1327,15601326,Rodriguez,568,France,Male,40,2,58991.09,2,1,0,50762.64,0
1328,15601327,Thompson,571,Spain,Male,43,3,11666.03,1,0,1,22293.91,0
1329,15601328,White,522,Germany,Female,44,1,0.0,2,1,1,157574.0,0
1330,15601329,Rodriguez,586,France,Male,65,9,0.0,1,1,0,117434.71,0
1331,15601330,Miller,737,Germany,Female,69,6,117678.48,2,1,1,78026.7,1
1332,15601331,Martin,805,Germany,Male,44,8,11814.27,2,0,0,31692.42,0
1333,15601332,Miller,683,France,Female,43,10,36995.36,2,0,1,81383.47,0
1334,15601333,Moore,625,Spain,Female,54,5,67656.29,2,0,0,597.54,0
1335,15601334,Martin,547,Spain,Male,50,3,0.0,1,1,0,194839.06,0
1336,15601335,Lee,639,Germany,Female,63,5,73684.77,1,1,0,126600.08,1
1337,15601336,Jones,669,France,Male,58,0,47191.64,1,1,1,57648.07,0
1338,15601337,Smith,509,Germany,Male,77,5,146149.01,1,1,0,172805.37,1
1339,15601338,Miller,738,France,Female,43,3,0.0,1,1,1,18829.2,0
1340,15601339,Wilson,609,France,Male,62,2,42931.73,2,1,1,44357.69,0
1341,15601340,Johnson,732,France,Male,48,5,0.0,1,1,1,64462.36,0
1342,15601341,White,648,France,Male,42,8,91305.13,3,1,1,180616.03,0
1343,15601342,Wilson,678,Spain,Male,48,7,0.0,1,0,0,50891.6,0
1344,15601343,Thomas,582,Germany,Female,49,7,179378.1,1,0,0,83705.29,1
1345,15601344,Miller,616,Germany,Male,68,8,109431.22,2,1,0,123360.54,1
1346,15601345,Williams,711,France,Female,38,5,93046.52,1,1,0,154701.14,0
1347,15601346,Lee,637,France,Female,44,7,34858.15,1,1,1,132695.36,0
1348,15601347,Johnson,543,France,Male,53,6,80783.53,2,1,0,136476.52,0
1349,15601348,Martin,660,Spain,Male,42,0,0.0,1,0,1,148535.41,0
1350,15601349,Martinez,687,France,Female,75,5,37768.15,1,1,1,117439.43,1
1351,15601350,Williams,781,Spain,Male,78,10,150739.05,2,1,1,101571.11,0
1352,15601351,Thompson,760,Germany,Male,52,3,26095.47,1,1,0,166015.7,1
1353,15601352,Martin,643,France,Male,59,2,0.0,1,1,1,142673.4,0
1354,15601353,Robinson,597,Germany,Female,71,2,0.0,2,0,1,95562.66,1
1355,15601354,Garcia,628,France,Female,51,9,0.0,1,1,1,169703.65,0
1356,15601355,Rodriguez,599,Spain,Male,59,7,42934.56,2,1,0,35192.17,1
1357,15601356,Taylor,698,Spain,Male,41,0,60653.95,1,1,0,176662.35,0
1358,15601357,Clark,749,France,Female,35,6,92017.77,2,1,1,33911.65,0
1359,15601358,Anderson,769,France,Female,64,10,205474.96,1,1,1,49493.23,0
1360,15601359,White,610,Germany,Female,51,9,202756.56,1,0,1,52940.83,1
1361,15601360,Rodriguez,600,Spain,Female,77,3,0.0,1,1,0,12817.84,0
1362,15601361,Rodriguez,609,France,Male,46,0,0.0,2,1,0,59717.55,0
1363,15601362,Gonzalez,464,Germany,Female,40,1,12957.72,2,1,1,55386.93,1
1364,15601363,Garcia,534,Germany,Male,63,6,172688.4,1,1,1,117943.99,0
1365,15601364,Martin,646,Germany,Male,75,9,30190.49,1,1,0,119633.76,1
1366,15601365,Lee,686,France,Female,41,0,0.0,1,0,0,109777.61,0
1367,15601366,Jackson,697,Germany,Male,43,5,0.0,2,0,0,125953.56,1
1368,15601367,Clark,575,Spain,Female,71,3,97560.41,2,1,0,8046.93,0
1369,15601368,Thompson,602,France,Male,83,2,0.0,2,1,0,139761.55,1
1370,15601369,Ramirez,624,France,Female,59,6,19027.87,2,0,0,189752.59,0
1371,15601370,Hernandez,613,Spain,Female,45,8,73485.24,2,1,1,126414.74,1
1372,15601371,Anderson,716,France,Male,69,4,17202.81,2,0,1,55600.96,0
1373,15601372,Davis,524,Spain,Female,49,5,0.0,1,1,0,61894.02,0
1374,15601373,Ramirez,539,France,Male,45,6,0.0,2,1,0,153197.43,0
1375,15601374,Rodriguez,621,France,Female,47,9,0.0,2,0,1,22308.69,0
1376,15601375,Miller,518,Spain,Male,61,5,72805.7,1,1,1,74539.28,0
1377,15601376,Jones,467,France,Female,53,5,12533.4,1,1,0,38083.4,1
1378,15601377,Jackson,506,Germany,Male,58,2,131649.14,1,1,0,40034.59,1
1379,15601378,Martin,626,France,Male,63,10,142194.66,2,0,0,718.03,1
1380,15601379,Thomas,710,Germany,Male,50,2,79296.49,2,0,1,177525.33,0
1381,15601380,Martin,712,France,Male,65,4,184255.01,1,0,0,63433.48,0
1382,15601381,Thompson,802,France,Female,52,6,53386.34,1,1,0,77417.94,0
1383,15601382,Martinez,659,Spain,Female,47,5,176486.42,1,0,0,5133.53,0
1384,15601383,Jackson,672,France,Female,38,1,170064.47,1,1,1,19013.84,0
1385,15601384,Martinez,625,Germany,Male,49,2,0.0,1,1,0,44494.96,1
1386,15601385,Perez,630,France,Male,73,4,242200.59,2,0,0,34275.7,0
1387,15601386,Taylor,849,Spain,Male,62,6,110026.03,2,1,1,167887.83,1
1388,15601387,Harris,675,France,Female,58,5,0.0,2,0,1,190319.97,0
1389,15601388,White,683,Spain,Female,41,9,0.0,3,0,0,187063.34,1
1390,15601389,Sanchez,540,France,Male,47,2,210646.21,1,1,1,42735.63,0
1391,15601390,Anderson,689,France,Male,60,6,92509.51,1,0,1,25340.96,0
1392,15601391,Harris,713,France,Male,64,4,60499.87,1,1,1,132011.91,0
1393,15601392,Martin,756,France,Female,63,9,0.0,2,0,1,55867.63,0
1394,15601393,Williams,710,Germany,Female,55,3,0.0,1,1,1,11289.96,1
1395,15601394,Miller,637,France,Female,44,5,0.0,2,0,1,112497.04,0
1396,15601395,Clark,633,Spain,Male,64,1,31182.74,2,1,1,53292.81,0
1397,15601396,Perez,643,France,Female,46,6,0.0,1,1,1,63775.86,0
1398,15601397,Ramirez,660,France,Female,64,1,183690.27,2,1,1,118965.37,0
1399,15601398,Sanchez,771,Germany,Male,49,6,119598.15,2,1,1,139461.86,0
1400,15601399,Jones,752,Germany,Female,76,7,0.0,2,0,0,22010.72,1
1401,15601400,Gonzalez,722,France,Male,48,1,0.0,1,1,0,10139.13,0
1402,15601401,Brown,844,France,Male,48,7,0.0,1,0,0,164955.87,0
1403,15601402,Martinez,395,France,Female,51,6,0.0,1,1,1,53627.66,0
1404,15601403,Lewis,605,Germany,Male,44,2,37550.77,2,1,0,105144.85,1
1405,15601404,Hernandez,648,Germany,Female,43,6,0.0,1,0,0,157012.28,1
1406,15601405,Lewis,585,France,Female,44,0,0.0,1,1,0,11011.48,0
1407,15601406,Davis,560,Spain,Male,70,1,197777.43,1,0,0,154666.91,1
1408,15601407,Thomas,485,Spain,Female,43,4,129653.86,2,1,0,111677.33,0
1409,15601408,Hernandez,620,Germany,Male,48,10,95951.26,2,1,0,21112.97,0
1410,15601409,Johnson,735,Spain,Male,86,8,168825.64,1,1,1,135260.91,0
1411,15601410,Moore,724,France,Male,65,0,120093.25,2,1,1,14606.34,0
1412,15601411,Harris,577,France,Male,64,4,0.0,2,1,1,62248.5,0
1413,15601412,Sanchez,671,France,Male,82,5,36015.22,1,1,0,107188.35,1
1414,15601413,Thomas,780,France,Male,51,2,31714.45,2,1,1,134831.68,0
1415,15601414,Moore,504,Germany,Male,36,4,0.0,2,1,0,52486.86,0
1416,15601415,Gonzalez,634,Spain,Male,63,1,144198.19,2,1,1,36080.24,1
1417,15601416,Hernandez,677,France,Female,50,10,121259.2,1,1,0,148053.75,1
1418,15601417,White,650,France,Male,86,7,0.0,1,1,0,81722.64,1
1419,15601418,Williams,731,France,Female,35,2,0.0,2,0,1,40678.43,0
1420,15601419,Jackson,506,Spain,Male,43,4,50582.92,1,1,0,118885.87,0
1421,15601420,Robinson,553,France,Female,46,0,161581.25,2,1,1,78864.69,0
1422,15601421,Smith,715,Germany,Male,51,4,0.0,1,1,0,123946.73,1
1423,15601422,Moore,486,France,Female,39,0,119810.38,1,1,1,156429.08,0
1424,15601423,Gonzalez,727,France,Male,57,8,0.0,2,0,1,4032.99,0
1425,15601424,Lewis,693,Spain,Female,46,1,0.0,2,1,1,71130.96,0
1426,15601425,Smith,721,Spain,Male,66,5,67827.21,2,1,0,70216.43,0
1427,15601426,Moore,604,France,Male,71,8,0.0,2,1,0,179922.11,0
1428,15601427,Thomas,698,Spain,Female,49,2,86585.19,2,0,0,199403.67,0
1429,15601428,Perez,537,Germany,Male,59,5,0.0,1,1,0,130583.51,1
1430,15601429,Thompson,610,Spain,Male,52,0,0.0,2,0,1,81585.85,0
1431,15601430,Williams,653,France,Male,51,6,0.0,1,0,1,88042.86,0
1432,15601431,White,563,Germany,Female,39,1,255498.21,3,1,0,132705.75,1
1433,15601432,Williams,670,France,Female,51,4,0.0,2,1,0,118860.22,1
1434,15601433,Thompson,540,Germany,Male,64,4,0.0,1,1,1,171886.03,1
1435,15601434,Jones,675,France,Female,57,0,174131.43,2,1,0,142767.02,0
1436,15601435,White,817,France,Male,43,10,0.0,2,1,0,26823.81,0
1437,15601436,Perez,529,France,Male,39,6,193670.79,2,0,1,167744.32,0
1438,15601437,Lee,647,Germany,Female,50,3,23977.98,4,1,0,58213.35,1
1439,15601438,Harris,494,France,Female,44,3,149271.01,2,1,1,152362.44,1
1440,15601439,Moore,570,Germany,Female,45,6,120121.4,1,1,1,11086.47,0
1441,15601440,Taylor,717,Spain,Male,45,9,152891.66,2,1,0,62655.43,0
1442,15601441,Thomas,608,France,Female,52,0,89178.96,1,1,1,144766.22,1
1443,15601442,Miller,721,Germany,Male,60,5,158437.19,2,0,0,195366.35,1
1444,15601443,Robinson,684,France,Male,44,0,0.0,1,1,1,80384.76,0
1445,15601444,Johnson,643,Spain,Male,44,5,0.0,1,1,0,48657.42,0
1446,15601445,Lee,551,France,Female,40,9,71176.71,2,1,1,174221.55,0
1447,15601446,Smith,715,Germany,Female,54,1,101362.58,2,1,1,168269.68,1
1448,15601447,Thomas,679,Spain,Male,64,9,0.0,1,1,1,108888.36,0
1449,15601448,Gonzalez,503,Spain,Male,51,10,0.0,1,0,0,53322.58,1
1450,15601449,Hernandez,557,Germany,Female,60,0,0.0,2,1,0,61720.35,1
1451,15601450,Taylor,384,France,Male,68,7,79189.36,2,1,1,97768.3,1
1452,15601451,Clark,518,Germany,Female,55,6,111283.3,2,1,1,196442.24,1
1453,15601452,Thomas,619,Spain,Male,43,1,110034.18,1,0,1,22213.61,0
1454,15601453,Lopez,548,Germany,Male,42,1,30041.83,1,1,0,72790.43,1
1455,15601454,Thomas,570,France,Female,44,4,223783.22,1,1,0,172188.84,1
1456,15601455,Johnson,783,Spain,Male,78,3,41094.83,1,1,0,192351.29,0
1457,15601456,Johnson,748,Germany,Male,85,3,0.0,1,1,0,10137.99,1
1458,15601457,White,583,Germany,Male,48,8,0.0,2,1,0,117864.98,0
1459,15601458,Smith,726,France,Female,67,10,0.0,1,1,1,120870.53,0
1460,15601459,Anderson,766,Germany,Female,70,0,186399.86,1,0,0,100922.79,1
1461,15601460,Rodriguez,709,France,Male,39,9,119324.21,1,0,0,8635.8,0
1462,15601461,Lopez,678,Germany,Male,77,8,0.0,1,0,0,63531.99,1
1463,15601462,Jones,755,France,Female,49,2,0.0,2,1,1,88056.83,0
1464,15601463,Davis,723,Germany,Male,49,7,55494.38,1,1,0,97548.28,1
1465,15601464,Lopez,533,Spain,Female,40,4,0.0,2,1,0,193120.69,0
1466,15601465,Martin,631,France,Male,79,9,47087.92,1,1,0,60965.49,0
1467,15601466,Jones,597,Spain,Male,53,2,43082.36,2,1,0,11841.4,0
1468,15601467,Johnson,760,France,Female,76,8,121170.38,2,1,0,24024.12,1
1469,15601468,Gonzalez,594,Spain,Male,69,8,0.0,2,1,0,70527.83,0
1470,15601469,Lee,577,Spain,Female,48,7,52689.21,1,1,0,155701.68,1
1471,15601470,Ramirez,748,Germany,Male,53,2,161364.72,2,1,1,121446.78,0
1472,15601471,Lee,674,Germany,Male,45,2,34001.73,1,1,1,156392.93,0
1473,15601472,Ramirez,850,Spain,Female,46,9,0.0,2,0,1,183692.8,0
1474,15601473,Thomas,567,France,Male,58,10,207218.86,2,0,0,24175.25,0
1475,15601474,Wilson,600,France,Female,62,9,215812.25,2,1,1,105467.8,0
1476,15601475,Taylor,757,Germany,Male,35,2,88470.3,1,1,0,124942.49,0
1477,15601476,Smith,527,Spain,Female,36,10,148232.42,2,1,0,83372.66,0
1478,15601477,Perez,776,Spain,Female,47,5,135798.53,2,1,1,90572.03,0
1479,15601478,Brown,534,Spain,Male,56,1,137536.02,1,0,1,16871.59,0
1480,15601479,Harris,708,France,Female,70,8,70228.45,1,1,1,11743.51,0
1481,15601480,Davis,473,Spain,Female,53,1,0.0,1,1,1,8602.53,0
1482,15601481,Johnson,654,France,Male,49,9,0.0,2,1,0,131135.57,0
1483,15601482,Taylor,518,Germany,Female,59,7,126808.2,2,1,0,20178.64,0
1484,15601483,Taylor,834,France,Female,43,9,105209.61,2,1,1,73705.4,0
1485,15601484,Lopez,547,France,Male,53,3,116323.0,1,1,1,183415.46,0
1486,15601485,Gonzalez,570,France,Male,51,3,0.0,2,1,1,33558.94,0
1487,15601486,Brown,701,France,Male,54,4,57301.15,1,1,0,94575.0,1
1488,15601487,Thomas,592,Germany,Male,68,0,153296.54,2,1,1,145893.32,1
1489,15601488,Wilson,717,France,Female,36,3,0.0,1,1,1,49536.31,0
1490,15601489,Clark,581,France,Male,51,5,0.0,1,1,1,4378.65,0
1491,15601490,Lopez,574,France,Female,62,9,0.0,1,0,1,155579.15,0
1492,15601491,Robinson,647,France,Male,58,1,233024.33,1,1,0,145748.89,1
1493,15601492,Lopez,533,France,Male,37,10,22398.9,1,0,0,195997.52,0
1494,15601493,Ramirez,688,France,Female,35,2,81893.21,1,1,0,121302.7,0
1495,15601494,Sanchez,734,Germany,Female,61,10,187537.57,1,1,1,61839.68,1
1496,15601495,Wilson,703,Germany,Female,28,3,44490.08,1,1,1,25951.4,0
1497,15601496,Taylor,711,Germany,Male,37,2,46807.91,2,1,0,19791.73,0
1498,15601497,Clark,465,France,Male,53,8,107163.04,2,1,1,127582.89,0
1499,15601498,Miller,605,France,Male,67,5,0.0,1,1,1,69872.1,0
1500,15601499,Lewis,628,Spain,Female,38,10,35074.12,3,1,0,166382.66,1
1501,15601500,Ramirez,789,Germany,Male,77,4,0.0,2,0,0,24914.32,1
1502,15601501,Gonzalez,594,France,Female,60,4,193776.19,1,0,1,192800.91,0
1503,15601502,Davis,429,France,Female,92,1,45568.95,2,1,1,11973.36,1
1504,15601503,Clark,553,France,Male,47,8,65543.26,2,1,1,156370.03,0
1505,15601504,Davis,586,France,Male,71,1,0.0,2,1,0,155582.64,1
1506,15601505,Anderson,442,France,Female,48,4,60475.6,1,1,0,122639.73,0
1507,15601506,Lewis,742,Germany,Female,53,6,0.0,1,1,1,198512.91,1
1508,15601507,Robinson,499,Germany,Male,45,2,86553.87,2,1,0,912.79,1
1509,15601508,Hernandez,692,Germany,Male,52,7,78582.59,1,1,1,93040.74,1
1510,15601509,Jones,545,Spain,Male,65,4,0.0,1,1,1,21165.79,0
1511,15601510,Robinson,794,Spain,Male,77,9,0.0,2,1,1,102975.27,1
1512,15601511,Wilson,623,Germany,Female,43,2,84439.63,2,0,0,39133.73,1
1513,15601512,Johnson,604,Spain,Female,54,2,164989.45,3,1,1,89289.7,0
1514,15601513,Ramirez,700,France,Male,46,2,0.0,1,1,1,7615.18,0
1515,15601514,Jones,553,France,Female,55,10,0.0,2,0,1,90660.06,0
1516,15601515,Martinez,705,France,Female,67,2,0.0,1,1,1,133359.65,1
1517,15601516,Moore,603,Germany,Male,47,3,1814.64,2,1,0,175799.73,0
1518,15601517,Johnson,592,Spain,Male,58,9,21461.53,1,0,0,185476.39,0
1519,15601518,Harris,641,France,Female,43,0,30407.49,2,1,1,70679.33,0
1520,15601519,Williams,545,Spain,Female,68,2,210140.96,2,1,1,161543.62,0
1521,15601520,Martinez,631,France,Female,62,9,0.0,1,0,0,175848.07,1
1522,15601521,Anderson,682,Spain,Male,44,9,0.0,1,1,1,193913.55,0
1523,15601522,Robinson,428,France,Male,44,4,74283.99,1,1,1,87920.36,0
1524,15601523,Thomas,754,France,Male,72,7,90806.32,2,1,0,163914.63,1
1525,15601524,Jones,728,France,Female,83,7,15613.36,3,1,0,52083.38,1
1526,15601525,Gonzalez,471,France,Female,44,8,74941.54,2,1,1,153476.89,0
1527,15601526,Taylor,456,France,Male,65,8,38677.72,2,1,0,159921.01,1
1528,15601527,Sanchez,730,France,Female,48,5,190925.64,1,1,1,170739.58,0
1529,15601528,White,723,Spain,Female,72,9,86565.78,2,1,1,162630.75,0
1530,15601529,Thomas,709,Germany,Female,49,6,0.0,2,1,0,157243.1,0
1531,15601530,Williams,513,France,Female,61,10,106743.31,1,1,1,136577.94,0
1532,15601531,Taylor,825,Germany,Male,54,3,0.0,1,0,0,22205.83,1
1533,15601532,Jones,577,Germany,Female,34,2,0.0,2,1,1,74416.12,1
1534,15601533,Lee,672,France,Male,43,10,129018.11,1,1,1,49390.29,0
1535,15601534,Taylor,674,France,Male,61,2,99830.52,1,1,1,86610.06,0
1536,15601535,Ramirez,802,France,Female,59,1,61943.06,1,1,1,183320.73,0
1537,15601536,Williams,662,France,Female,56,7,78728.89,2,1,0,122809.48,0
1538,15601537,Lee,689,Germany,Male,78,6,90221.51,2,1,1,16794.6,0
1539,15601538,Sanchez,642,France,Female,64,7,0.0,1,1,1,59729.87,0
1540,15601539,Clark,535,Germany,Female,62,5,86483.11,1,1,1,170372.3,0
1541,15601540,Lee,427,Germany,Female,33,9,154744.08,1,1,1,75067.58,0
1542,15601541,Hernandez,653,France,Male,64,9,74773.66,2,1,1,1451.12,0
1543,15601542,Anderson,514,Germany,Female,37,4,158550.75,2,0,1,155090.06,0
1544,15601543,Johnson,683,France,Male,52,0,15458.05,1,1,0,28143.96,0
1545,15601544,Johnson,664,Spain,Male,38,7,0.0,1,1,0,24401.23,0
1546,15601545,Anderson,661,France,Male,58,1,5530.01,1,1,1,123371.33,0
1547,15601546,Brown,548,Spain,Male,68,0,0.0,1,1,0,113797.08,0
1548,15601547,Clark,749,Germany,Female,51,8,122170.52,2,1,1,72209.95,0
1549,15601548,White,695,France,Female,52,10,16924.32,1,1,0,41540.91,0
1550,15601549,Lewis,536,Germany,Female,42,10,0.0,2,0,1,20719.39,0
1551,15601550,Williams,848,Spain,Male,67,7,78700.64,2,1,0,24329.87,1
1552,15601551,Taylor,629,Germany,Female,38,10,75352.29,2,1,0,147144.08,0
1553,15601552,Rodriguez,521,Spain,Female,54,8,63375.88,2,1,1,180058.45,0
1554,15601553,Garcia,577,Spain,Female,51,4,106613.31,2,0,0,112396.58,1
1555,15601554,Lee,505,France,Female,57,2,0.0,1,1,1,129162.42,0
1556,15601555,Lewis,780,France,Female,63,10,0.0,2,1,0,194634.57,0
1557,15601556,Brown,753,Germany,Female,50,7,83540.35,2,1,0,3139.98,0
1558,15601557,Perez,720,France,Female,64,3,0.0,1,0,0,31193.75,0
1559,15601558,Harris,702,Spain,Male,52,0,112113.02,1,1,0,94039.8,0
1560,15601559,Moore,769,Spain,Female,56,8,0.0,1,1,1,17610.82,0
1561,15601560,Rodriguez,626,France,Male,41,10,132543.55,2,1,1,52382.79,0
1562,15601561,Lewis,690,France,Male,48,3,0.0,1,0,0,77551.2,0
1563,15601562,Smith,572,Spain,Female,37,1,0.0,1,1,0,141216.45,0
1564,15601563,Jones,635,France,Male,53,9,220418.3,2,1,0,26432.42,0
1565,15601564,Gonzalez,693,Spain,Female,62,2,67217.67,2,1,1,120343.85,0
1566,15601565,Moore,354,France,Male,50,5,0.0,2,0,0,10374.67,0
1567,15601566,Hernandez,590,Germany,Male,51,8,0.0,1,1,0,89455.62,0
1568,15601567,Brown,665,France,Male,57,5,0.0,1,1,1,19747.24,0
1569,15601568,Brown,642,Germany,Male,59,3,85600.57,2,1,0,99656.95,1
1570,15601569,Ramirez,606,France,Female,36,0,137613.36,2,1,1,83107.63,0
1571,15601570,Thomas,706,Germany,Male,46,1,0.0,1,1,1,75922.42,0
1572,15601571,Miller,582,France,Male,37,6,94072.66,1,1,1,162472.43,0
1573,15601572,White,532,Germany,Male,48,2,0.0,1,0,0,103255.18,1
1574,15601573,Lewis,763,Spain,Male,74,1,144487.2,2,0,0,54358.9,1
1575,15601574,Martin,750,France,Female,62,5,88414.84,1,1,1,162575.85,0
1576,15601575,Hernandez,592,France,Male,52,3,30176.28,2,1,1,104152.81,0
1577,15601576,Lee,643,France,Female,80,0,97246.57,2,1,1,195105.36,0
1578,15601577,Hernandez,731,Germany,Female,56,8,187726.05,1,1,1,99027.0,1
1579,15601578,Williams,654,Germany,Female,91,8,0.0,2,0,1,165044.13,1
1580,15601579,Lee,700,Germany,Female,54,10,0.0,2,1,0,284.86,0
1581,15601580,Harris,695,France,Male,46,4,37631.28,2,1,0,50256.33,1
1582,15601581,Moore,619,France,Male,40,7,181512.43,1,0,1,5916.02,0
1583,15601582,Taylor,699,Germany,Female,60,5,0.0,2,0,0,109623.87,1
1584,15601583,Martinez,557,France,Female,48,6,160086.48,1,1,0,94609.17,0
1585,15601584,Clark,687,Spain,Female,54,5,127833.05,2,1,0,151683.03,0
1586,15601585,Hernandez,642,France,Female,58,6,0.0,1,0,0,22570.0,0
1587,15601586,Garcia,615,Germany,Male,43,2,133345.8,2,1,0,166081.95,1
1588,15601587,Miller,530,France,Male,56,10,55925.8,1,1,1,14444.04,0
1589,15601588,Clark,662,France,Female,50,2,0.0,2,1,0,168951.76,0
1590,15601589,Johnson,653,Germany,Female,38,9,35056.56,1,1,0,110264.51,1
1591,15601590,Hernandez,569,Germany,Male,59,2,0.0,1,1,1,18267.76,0
1592,15601591,Thompson,496,Spain,Female,61,9,0.0,2,1,0,6204.71,0
1593,15601592,Jones,492,France,Male,70,5,0.0,1,0,1,159569.85,0
1594,15601593,Smith,625,France,Male,41,0,73685.78,1,1,0,63433.01,0
1595,15601594,Garcia,679,Germany,Female,84,8,88033.56,1,0,1,189022.89,1
1596,15601595,Jones,827,Germany,Female,44,8,0.0,4,1,0,197500.88,1
1597,15601596,Thompson,645,France,Male,85,3,0.0,2,0,1,160427.57,1
1598,15601597,Miller,493,France,Male,34,1,0.0,1,1,0,152464.81,0
1599,15601598,Thomas,630,France,Male,53,6,58578.15,1,1,1,143212.52,0
1600,15601599,Taylor,770,Spain,Female,57,6,51988.63,1,1,1,39771.04,0
1601,15601600,Harris,584,France,Male,50,5,0.0,2,1,1,30767.98,0
1602,15601601,Taylor,757,France,Female,40,7,67431.77,2,1,1,80885.16,0
1603,15601602,Williams,666,France,Female,47,2,0.0,2,1,0,189041.29,0
1604,15601603,Sanchez,712,France,Female,56,1,10383.6,1,1,0,6643.65,1
1605,15601604,Thomas,828,France,Male,87,9,0.0,1,1,1,164112.7,1
1606,15601605,Garcia,473,Germany,Female,41,0,96119.3,1,0,1,82366.59,0
1607,15601606,Jackson,736,France,Male,46,2,90213.22,2,1,1,6485.46,0
1608,15601607,Gonzalez,640,Spain,Male,39,7,0.0,1,1,0,35674.15,1
1609,15601608,Lee,558,France,Male,48,7,53631.13,2,1,0,196247.66,1
1610,15601609,Gonzalez,640,Germany,Male,51,6,204379.38,1,1,0,163036.8,0
1611,15601610,Smith,812,Spain,Female,65,1,0.0,1,1,1,165624.15,0
1612,15601611,Ramirez,778,Germany,Male,56,2,0.0,2,1,1,109804.12,0
1613,15601612,Ramirez,457,Germany,Male,73,6,61816.53,2,1,0,7898.91,1
1614,15601613,White,576,France,Female,52,10,0.0,1,1,1,163610.63,0
1615,15601614,Anderson,740,France,Male,29,7,55203.71,1,1,1,94703.59,0
1616,15601615,Martinez,647,Germany,Female,57,8,179462.83,2,1,0,142958.91,1
1617,15601616,Moore,648,Spain,Male,36,5,168502.81,2,1,1,149155.18,0
1618,15601617,Clark,499,Germany,Male,65,9,10210.72,2,0,1,8071.91,0
1619,15601618,Rodriguez,578,Germany,Female,52,2,0.0,2,1,0,45062.64,1
1620,15601619,Moore,519,Germany,Male,45,8,0.0,1,1,1,166584.7,0
1621,15601620,Smith,491,France,Female,40,4,0.0,2,0,0,98279.96,0
1622,15601621,Johnson,529,France,Male,46,3,133079.35,3,0,0,6367.97,0
1623,15601622,Garcia,560,Germany,Male,51,8,0.0,1,1,1,191841.45,0
1624,15601623,Lewis,576,Spain,Male,80,9,175306.4,1,0,0,123617.04,1
1625,15601624,Clark,569,France,Male,50,1,246904.14,1,1,0,79893.05,0
1626,15601625,Gonzalez,747,Germany,Male,55,9,112259.77,1,1,1,180149.6,0
1627,15601626,Hernandez,562,France,Female,51,3,153163.73,2,1,1,26423.99,0
1628,15601627,Ramirez,786,Germany,Male,55,5,0.0,2,0,1,194911.22,0
1629,15601628,White,603,France,Male,54,10,0.0,1,1,1,51963.11,0
1630,15601629,Anderson,692,France,Male,52,5,182249.07,2,1,1,112125.13,0
1631,15601630,Davis,695,Spain,Female,45,10,61826.57,1,0,0,163605.65,0
1632,15601631,Sanchez,563,France,Female,61,9,0.0,2,0,1,53120.68,0
1633,15601632,Clark,618,Germany,Female,41,4,47348.59,1,1,0,58222.07,1
1634,15601633,Brown,601,Spain,Female,58,9,189878.22,2,0,1,118213.77,0
1635,15601634,Johnson,685,Spain,Male,61,6,123796.42,2,1,1,14770.75,0
1636,15601635,Garcia,637,France,Male,35,4,90652.32,2,1,1,151601.21,0
1637,15601636,Harris,578,France,Female,40,5,0.0,1,1,1,61712.95,0
1638,15601637,Perez,661,France,Female,35,0,0.0,2,1,0,191288.89,0
1639,15601638,Thompson,682,Spain,Male,70,7,93550.73,1,1,0,57726.06,1
1640,15601639,Ramirez,827,Spain,Male,46,4,0.0,1,1,0,188242.47,0
1641,15601640,Williams,656,Germany,Female,69,4,0.0,1,1,1,22670.14,0
1642,15601641,Miller,650,Spain,Female,48,9,160169.83,1,0,0,80132.97,1
1643,15601642,White,691,Germany,Male,42,5,0.0,2,1,1,129907.12,0
1644,15601643,Sanchez,558,Germany,Female,44,5,140262.71,1,1,0,52293.69,1
1645,15601644,Brown,484,France,Male,54,7,0.0,2,0,1,149326.63,0
1646,15601645,Jones,620,Spain,Male,61,3,52669.13,1,0,1,198587.28,0
1647,15601646,Clark,752,France,Male,52,3,0.0,1,1,1,188444.79,0
1648,15601647,Lee,768,Spain,Male,64,2,0.0,2,0,0,195658.02,0
1649,15601648,White,469,Spain,Male,50,8,98579.18,1,1,0,10976.9,0
1650,15601649,Lee,713,Germany,Female,51,7,0.0,2,0,0,120988.54,1
1651,15601650,Taylor,440,France,Male,44,4,51846.83,1,1,0,171795.23,1
1652,15601651,Jones,694,France,Female,43,10,92534.45,1,0,0,174777.62,1
1653,15601652,Jackson,688,France,Male,62,7,0.0,2,1,1,97450.48,0
1654,15601653,Hernandez,484,France,Male,41,5,114265.2,2,0,1,2320.7,0
1655,15601654,Lopez,746,France,Female,48,4,47754.35,2,1,0,153682.66,0
1656,15601655,Robinson,817,Spain,Female,63,8,0.0,2,0,0,187744.78,0
1657,15601656,Taylor,644,Germany,Female,37,8,139045.01,2,1,1,864.97,0
1658,15601657,Williams,663,France,Female,70,10,130545.09,1,1,0,8752.7,1
1659,15601658,Harris,791,France,Male,42,7,68835.77,1,0,0,154746.58,0
1660,15601659,Martinez,541,France,Male,70,9,180760.51,1,1,0,155771.83,1
1661,15601660,Taylor,544,Germany,Female,41,2,109436.88,1,0,1,42108.86,0
1662,15601661,Williams,569,Germany,Female,62,8,160731.52,1,0,1,143483.32,1
1663,15601662,Thomas,653,Spain,Female,46,5,0.0,1,1,0,176626.45,0
1664,15601663,Rodriguez,653,France,Female,81,8,0.0,1,1,0,51530.17,1
1665,15601664,Robinson,596,Spain,Female,49,0,0.0,2,1,1,89388.75,0
1666,15601665,Thomas,621,Spain,Male,40,0,172337.71,2,1,0,97244.49,0
1667,15601666,Lee,598,France,Female,58,5,244531.26,2,0,1,82871.88,0
1668,15601667,Lopez,602,Spain,Female,47,3,0.0,1,1,1,65281.93,0
1669,15601668,Johnson,576,France,Female,60,4,0.0,2,1,1,197866.28,0
1670,15601669,Hernandez,576,Spain,Male,70,4,69495.6,2,1,1,114105.01,0
1671,15601670,Lewis,457,France,Male,63,2,157933.59,2,1,0,143026.49,0
1672,15601671,Moore,628,Spain,Male,36,8,168633.01,2,1,0,21329.9,0
1673,15601672,Martin,462,Spain,Male,41,0,0.0,1,1,0,101906.2,1
1674,15601673,Perez,722,Spain,Female,55,5,113918.97,2,1,0,179215.58,0
1675,15601674,Williams,596,Spain,Male,57,1,195127.97,1,1,1,142653.03,0
1676,15601675,Martinez,638,France,Male,31,1,80668.38,3,1,1,55986.47,1
1677,15601676,Brown,614,France,Male,39,8,0.0,2,1,1,168571.45,0
1678,15601677,Miller,626,France,Female,42,9,108400.79,1,0,1,10486.17,0
1679,15601678,Miller,771,France,Male,71,1,0.0,1,1,1,197099.17,0
1680,15601679,Williams,520,Germany,Male,45,8,130039.82,1,1,0,151557.37,1
1681,15601680,Thomas,494,France,Male,61,7,49908.06,2,1,0,190180.18,0
1682,15601681,Johnson,661,Spain,Male,67,6,177986.81,2,1,1,171072.88,1
1683,15601682,Rodriguez,602,Germany,Male,44,7,0.0,2,1,0,154228.52,0
1684,15601683,Ramirez,684,Spain,Male,51,8,37861.73,1,0,0,88472.17,0
1685,15601684,Davis,718,France,Female,61,9,85463.42,1,1,0,161514.76,1
1686,15601685,Taylor,543,Spain,Male,36,8,176541.44,2,1,0,15205.22,0
1687,15601686,Martin,707,Spain,Male,49,2,0.0,2,0,1,45655.05,0
1688,15601687,Wilson,551,France,Female,69,9,95905.58,1,1,1,177499.72,0
1689,15601688,Perez,657,Germany,Male,56,0,132600.48,1,1,1,139820.59,1
1690,15601689,Garcia,531,Spain,Female,56,7,75656.52,1,1,0,37277.92,1
1691,15601690,Williams,662,France,Male,64,9,0.0,1,0,0,83113.01,0
1692,15601691,Robinson,647,Germany,Female,46,3,93171.36,1,1,1,142682.76,0
1693,15601692,Miller,544,France,Female,41,4,84366.96,1,1,0,159262.42,0
1694,15601693,Moore,519,France,Female,55,10,0.0,1,1,0,168086.66,0
1695,15601694,Davis,722,France,Male,46,5,0.0,2,1,0,29602.31,0
1696,15601695,Garcia,606,France,Male,46,5,92198.52,2,0,0,1372.77,0
1697,15601696,Johnson,747,France,Male,41,6,64301.54,2,1,1,26899.84,0
1698,15601697,Lee,597,France,Female,58,9,0.0,1,1,1,98456.88,0
1699,15601698,Taylor,775,Spain,Female,50,2,132110.0,1,1,0,184351.59,0
1700,15601699,Anderson,558,Germany,Male,41,1,177178.55,2,1,1,38765.31,0
1701,15601700,Gonzalez,791,Spain,Male,65,8,61632.87,2,1,1,154273.69,0
1702,15601701,Clark,666,France,Male,48,1,166672.29,2,1,1,135774.51,0
1703,15601702,Johnson,688,France,Male,59,8,125019.39,1,0,1,192764.4,1
1704,15601703,Johnson,553,Germany,Male,76,9,10499.0,1,0,1,58170.76,1
1705,15601704,Williams,720,France,Male,65,3,128755.64,2,1,0,137185.52,0
1706,15601705,Anderson,723,France,Female,73,10,0.0,2,1,0,5922.12,1
1707,15601706,Miller,618,Germany,Female,65,0,0.0,1,1,1,48034.94,0
1708,15601707,Martinez,445,France,Female,49,2,0.0,1,1,0,125061.42,1
1709,15601708,White,543,Germany,Male,43,9,15863.86,1,0,0,194102.83,0
1710,15601709,Wilson,543,Germany,Female,48,1,0.0,1,1,1,79821.16,0
1711,15601710,Jones,693,France,Female,49,3,114346.72,2,0,1,132874.35,0
1712,15601711,Moore,605,France,Male,70,1,0.0,2,1,1,14727.54,0
1713,15601712,Davis,607,Spain,Female,47,9,132143.1,1,1,1,2288.91,0
1714,15601713,Smith,595,France,Male,39,5,136751.12,1,1,1,30024.5,0
1715,15601714,Johnson,791,France,Male,55,10,0.0,2,0,1,116286.3,0
1716,15601715,Lopez,654,Spain,Male,53,9,125829.23,2,1,0,161931.21,0
1717,15601716,Lopez,668,France,Male,44,0,86086.22,1,0,0,72602.61,0
1718,15601717,Ramirez,590,Germany,Female,48,4,212250.59,2,0,0,140077.89,1
1719,15601718,Miller,647,Spain,Male,74,8,68008.49,2,1,0,95299.69,1
1720,15601719,Harris,556,France,Male,58,0,53794.76,1,1,0,163656.7,0
1721,15601720,Miller,682,France,Male,48,3,0.0,2,0,1,20826.45,0
1722,15601721,Miller,539,France,Female,44,1,0.0,1,1,1,116814.79,1
1723,15601722,Sanchez,721,France,Male,84,10,37749.56,1,0,0,186308.32,1
1724,15601723,Miller,579,France,Female,78,1,56333.35,1,0,1,17726.67,0
1725,15601724,Clark,741,Germany,Female,64,4,0.0,1,0,0,52634.63,1
1726,15601725,Thompson,833,France,Male,49,1,0.0,2,1,1,54636.91,0
1727,15601726,Gonzalez,650,Germany,Male,43,4,217580.7,1,1,1,130577.45,0
1728,15601727,Garcia,775,Spain,Female,43,0,0.0,2,1,0,156247.62,0
1729,15601728,Moore,722,Spain,Male,49,4,0.0,1,1,0,127957.66,0
1730,15601729,Hernandez,512,Germany,Male,47,2,0.0,2,1,0,89525.82,0
1731,15601730,Martinez,660,France,Female,52,1,0.0,2,0,1,50114.26,0
1732,15601731,Miller,698,Germany,Male,51,10,0.0,2,1,0,185785.48,1
1733,15601732,Ramirez,707,Germany,Male,42,3,0.0,2,1,0,36264.42,1
1734,15601733,Brown,667,France,Male,42,0,115809.12,2,1,0,153840.73,0
1735,15601734,Martinez,665,France,Male,48,2,55398.9,2,1,0,31404.12,0
1736,15601735,Brown,650,Spain,Female,51,10,32580.22,2,1,0,84576.71,0
1737,15601736,Miller,662,France,Female,72,0,42128.55,1,0,0,60276.37,1
1738,15601737,Davis,532,France,Female,55,7,100494.21,2,0,1,57465.58,0
1739,15601738,Williams,627,France,Female,55,4,0.0,1,0,0,61211.01,0
1740,15601739,Sanchez,510,France,Male,56,0,0.0,1,1,0,165075.21,0
1741,15601740,Martinez,602,Spain,Male,68,1,87852.08,1,0,0,46390.92,0
1742,15601741,Moore,593,Germany,Male,92,8,0.0,2,0,0,45054.43,1
1743,15601742,Anderson,587,Spain,Male,46,6,125683.95,1,1,0,66489.7,0
1744,15601743,Robinson,549,France,Female,82,2,82837.87,2,0,0,129995.75,1
1745,15601744,Lee,675,France,Female,38,0,69693.43,2,1,0,110812.82,1
1746,15601745,Lee,619,France,Male,49,1,121645.19,2,0,1,84946.55,0
1747,15601746,Clark,609,France,Male,41,6,102885.06,2,1,1,187936.13,0
1748,15601747,Martinez,514,France,Male,61,7,107444.61,1,0,1,34378.21,1
1749,15601748,Garcia,621,Spain,Male,65,4,0.0,4,0,0,24083.34,1
1750,15601749,Williams,759,France,Male,39,3,0.0,2,1,1,35333.62,0
1751,15601750,Wilson,761,Germany,Male,67,9,84006.55,2,0,0,121236.42,1
1752,15601751,Wilson,685,France,Female,56,3,0.0,1,0,1,157747.95,0
1753,15601752,Robinson,621,France,Female,63,4,0.0,1,0,1,149049.61,0
1754,15601753,Lewis,703,France,Male,69,6,35890.65,1,1,0,182105.32,0
1755,15601754,Smith,585,Spain,Male,61,6,49706.65,2,1,0,146484.97,0
1756,15601755,Jackson,621,Spain,Male,38,3,167950.54,1,1,0,199961.16,0
1757,15601756,Jones,578,Spain,Female,48,0,87094.13,1,1,1,109898.15,0
1758,15601757,Johnson,737,France,Female,39,4,0.0,1,1,1,198970.66,0
1759,15601758,Perez,724,France,Female,34,6,28088.84,2,1,1,107504.08,0
1760,15601759,Jones,646,Germany,Male,40,3,62365.52,2,0,1,16151.67,0
1761,15601760,Smith,816,France,Female,48,6,82344.61,2,0,1,160889.34,0
1762,15601761,Sanchez,689,Spain,Male,81,7,208415.08,1,1,0,177216.26,1
1763,15601762,Lewis,684,France,Female,52,1,0.0,2,1,1,89647.88,0
1764,15601763,Jackson,673,France,Male,56,1,65699.1,2,1,1,29780.87,0
1765,15601764,Smith,528,France,Male,46,4,85764.76,1,1,1,187365.05,0
1766,15601765,Hernandez,564,France,Female,50,2,0.0,2,1,1,180252.02,0
1767,15601766,Moore,644,Germany,Male,53,3,72134.14,2,1,0,52587.71,0
1768,15601767,Taylor,645,France,Male,49,0,94751.11,1,1,1,34049.33,0
1769,15601768,Wilson,706,France,Male,59,10,215469.6,2,1,0,18750.03,1
1770,15601769,Davis,585,France,Male,45,3,162584.98,2,0,1,44313.67,0
1771,15601770,Lopez,656,France,Male,38,10,88571.09,1,1,0,164856.3,0
1772,15601771,Sanchez,658,Spain,Male,37,3,174794.32,1,1,1,116602.17,0
1773,15601772,Miller,662,Spain,Male,63,3,29624.91,2,1,1,96632.3,0
1774,15601773,Wilson,651,Spain,Male,31,2,0.0,1,1,1,179808.68,0
1775,15601774,Lee,515,Spain,Female,49,1,15632.77,2,1,1,68336.23,0
1776,15601775,Rodriguez,432,France,Male,41,3,0.0,2,1,1,93272.6,0
1777,15601776,Clark,559,Germany,Male,60,7,101509.85,1,1,0,190924.33,0
1778,15601777,White,599,France,Female,52,2,0.0,1,1,0,55310.77,0
1779,15601778,Perez,536,France,Female,52,5,0.0,1,0,1,138422.85,0
1780,15601779,Perez,644,Spain,Female,53,1,142816.42,1,0,0,33615.09,0
1781,15601780,Gonzalez,754,France,Male,53,0,188166.25,2,1,0,110884.52,1
1782,15601781,Thomas,719,Spain,Female,38,6,95353.6,1,1,0,170282.44,1
1783,15601782,Williams,694,France,Female,47,5,96687.84,1,1,0,59689.01,0
1784,15601783,Ramirez,744,Germany,Female,43,9,0.0,1,1,1,35156.06,0
1785,15601784,Moore,561,Germany,Female,44,3,0.0,1,1,1,174934.2,0
1786,15601785,Harris,606,Spain,Female,53,6,88817.11,1,1,0,35848.12,1
1787,15601786,Thomas,709,Germany,Female,64,5,0.0,2,1,0,181599.49,0
1788,15601787,Thompson,604,Germany,Female,63,1,0.0,2,0,1,144749.58,1
1789,15601788,Lee,609,France,Male,55,3,126239.88,2,0,1,34275.28,0
1790,15601789,Johnson,828,Germany,Female,47,8,0.0,1,0,0,179364.61,1
1791,15601790,Clark,659,France,Female,52,7,64072.77,2,1,0,49370.22,0
1792,15601791,Moore,819,Germany,Male,61,5,0.0,2,1,0,51171.21,1
1793,15601792,Garcia,474,Germany,Female,44,0,118060.53,2,1,0,151423.98,1
1794,15601793,Thompson,589,Germany,Male,52,6,174626.54,1,1,0,123343.72,1
1795,15601794,Johnson,689,France,Male,46,0,153152.34,2,1,1,165726.49,0
1796,15601795,Harris,658,France,Female,44,7,0.0,1,0,0,78857.96,1
1797,15601796,Garcia,452,Germany,Male,51,2,41948.64,2,0,1,145314.1,0
1798,15601797,Lopez,627,France,Male,47,8,215654.95,2,0,0,110330.49,0
1799,15601798,Clark,850,France,Male,55,4,0.0,2,1,1,103745.25,0
1800,15601799,Ramirez,673,France,Male,48,5,0.0,1,0,1,125950.04,0
1801,15601800,Davis,708,Spain,Male,50,3,50705.35,2,1,1,182375.51,0
1802,15601801,Brown,588,Germany,Male,38,5,0.0,2,0,1,125857.06,0
1803,15601802,Lewis,673,France,Male,62,8,125203.61,2,1,1,109043.14,0
1804,15601803,Garcia,648,France,Female,62,6,0.0,2,0,0,196935.22,0
1805,15601804,Johnson,757,France,Female,43,1,7747.06,2,1,0,165792.58,0
1806,15601805,Jackson,754,Spain,Male,44,10,205956.49,2,1,1,2598.6,0
1807,15601806,Taylor,689,Germany,Female,54,5,188914.64,1,1,1,47636.22,1
1808,15601807,Thompson,656,France,Male,46,10,22167.71,1,1,1,87393.5,0
1809,15601808,Jones,488,France,Male,55,10,34648.26,1,0,0,88395.3,0
1810,15601809,Williams,485,France,Male,71,8,149642.17,1,1,1,190660.19,0
1811,15601810,Clark,657,Germany,Female,43,7,0.0,1,1,0,60195.27,1
1812,15601811,Lopez,733,Spain,Female,63,10,65979.09,2,0,1,194017.25,0
1813,15601812,Rodriguez,777,France,Male,42,0,78593.88,2,1,0,6607.28,0
1814,15601813,Ramirez,564,France,Male,44,4,7878.52,1,1,0,180824.28,0
1815,15601814,Sanchez,505,France,Male,54,5,0.0,1,1,1,127503.45,0
1816,15601815,Hernandez,739,Spain,Male,59,8,0.0,2,1,0,81921.67,0
1817,15601816,Sanchez,571,France,Female,70,3,123734.01,1,1,0,198048.23,1
1818,15601817,Hernandez,498,Spain,Male,76,0,0.0,2,1,0,199579.3,1
1819,15601818,Moore,602,Germany,Female,48,5,0.0,2,0,0,83987.72,1
1820,15601819,Johnson,600,France,Male,52,8,148007.19,2,1,1,38680.62,0
1821,15601820,Martin,776,France,Female,56,5,0.0,1,1,0,91351.96,0
1822,15601821,Perez,733,France,Female,51,6,117905.51,1,1,1,166569.51,0
1823,15601822,Williams,579,Germany,Male,48,9,182272.87,1,1,0,140840.96,1
1824,15601823,Hernandez,784,Spain,Female,46,3,0.0,1,1,1,11809.04,0
1825,15601824,Thompson,662,Germany,Female,59,1,125396.7,1,1,1,44567.57,1
1826,15601825,Johnson,751,Germany,Male,70,2,50086.41,2,1,0,93194.79,1
1827,15601826,Rodriguez,777,France,Male,37,10,156233.03,1,1,1,191691.37,0
1828,15601827,Sanchez,624,Spain,Female,49,0,0.0,1,1,1,123363.36,0
1829,15601828,Johnson,704,Spain,Male,37,1,0.0,2,0,0,10142.53,0
1830,15601829,Smith,610,France,Male,58,6,111202.75,1,1,0,76720.04,1
1831,15601830,Anderson,739,Spain,Male,44,8,0.0,1,0,1,181353.9,0
1832,15601831,Smith,658,Germany,Female,68,8,112880.93,1,0,1,101192.16,1
1833,15601832,Ramirez,742,Germany,Female,50,8,0.0,2,0,0,19422.8,0
1834,15601833,Moore,796,Germany,Female,58,10,39608.8,2,1,0,119699.96,1
1835,15601834,Jackson,702,Spain,Male,43,0,38931.9,1,1,1,135499.63,0
1836,15601835,Wilson,641,Germany,Male,53,6,145942.25,2,1,1,150547.76,0
1837,15601836,Lewis,642,France,Female,53,6,93666.84,1,1,1,67150.48,0
1838,15601837,Rodriguez,366,France,Female,56,8,0.0,2,1,1,140199.58,0
1839,15601838,Perez,581,Spain,Male,45,8,38546.05,2,0,1,64041.63,0
1840,15601839,Taylor,739,France,Male,31,0,13.91,1,0,0,104071.22,0
1841,15601840,Davis,743,France,Male,66,9,119348.69,2,0,1,3911.75,0
1842,15601841,Lopez,579,France,Female,56,4,120286.17,2,0,1,134824.99,1
1843,15601842,Robinson,665,France,Female,69,1,14637.39,1,0,1,75677.93,0
1844,15601843,Anderson,631,Germany,Female,38,5,0.0,1,1,1,141006.45,0
1845,15601844,Moore,716,Spain,Female,53,1,114287.76,2,1,1,192873.66,0
1846,15601845,Moore,850,France,Male,50,5,0.0,1,1,1,16226.07,0
1847,15601846,Ramirez,718,France,Female,77,6,17243.14,1,1,1,171882.95,0
1848,15601847,Lopez,585,France,Female,59,5,142185.03,2,1,0,46527.57,1
1849,15601848,Moore,642,Spain,Male,51,10,84834.72,1,1,0,48437.82,0
1850,15601849,Johnson,784,Germany,Female,59,0,0.0,2,1,1,45214.87,0
1851,15601850,Garcia,514,France,Male,47,3,83678.63,2,1,1,27514.53,0
1852,15601851,Clark,590,Spain,Female,57,2,233350.52,1,1,0,39232.22,0
1853,15601852,Harris,718,Spain,Female,88,4,118978.43,1,1,0,148482.34,1
1854,15601853,Clark,774,Spain,Female,46,6,0.0,1,0,1,153693.43,0
1855,15601854,Clark,708,Spain,Female,53,2,114288.71,1,1,1,192250.84,0
1856,15601855,Lewis,591,France,Male,44,0,0.0,2,1,0,20764.11,0
1857,15601856,Garcia,701,Spain,Male,42,10,0.0,2,1,1,30124.55,0
1858,15601857,Martinez,689,France,Male,63,10,0.0,2,1,1,177029.25,0
1859,15601858,White,683,Spain,Female,40,8,0.0,2,1,0,112921.13,0
1860,15601859,Martin,640,Germany,Female,57,5,173622.21,1,0,1,109039.8,1
1861,15601860,Taylor,655,Spain,Female,62,5,79192.63,2,0,1,154388.47,0
1862,15601861,Hernandez,562,Germany,Male,47,3,156106.35,2,1,0,110599.11,1
1863,15601862,White,850,France,Female,69,10,0.0,2,1,1,12444.35,0
1864,15601863,Sanchez,665,Germany,Female,67,0,0.0,1,1,1,179835.53,0
1865,15601864,Jones,702,Spain,Female,47,8,224275.77,1,1,0,26792.76,0
1866,15601865,Clark,629,Spain,Male,39,9,89639.35,2,1,0,96034.42,0
1867,15601866,Harris,731,France,Male,58,6,123202.84,2,0,0,72913.42,0
1868,15601867,Gonzalez,525,France,Male,51,9,0.0,1,1,0,73981.81,0
1869,15601868,Ramirez,482,France,Female,54,6,0.0,1,1,0,56852.52,0
1870,15601869,Thompson,647,Germany,Female,58,10,78696.68,1,1,0,191438.2,1
1871,15601870,Rodriguez,847,Spain,Female,38,6,71546.41,1,1,1,16832.43,0
1872,15601871,Ramirez,765,France,Male,47,6,50518.76,2,1,0,160499.19,0
1873,15601872,Rodriguez,572,Germany,Male,75,7,0.0,2,1,0,78511.16,1
1874,15601873,Ramirez,699,Spain,Female,54,10,0.0,1,1,1,10538.39,0
1875,15601874,Thomas,588,Germany,Female,58,7,0.0,2,1,1,114611.18,0
1876,15601875,Brown,690,Germany,Female,53,2,72991.03,1,1,0,74447.04,0
1877,15601876,Taylor,698,Germany,Female,58,7,0.0,2,1,0,44128.22,1
1878,15601877,Moore,738,Germany,Male,67,3,0.0,2,1,0,74089.58,1
1879,15601878,Robinson,499,France,Female,34,6,29793.96,2,1,1,195423.69,0
1880,15601879,Perez,528,Germany,Female,61,4,0.0,1,0,1,153186.92,1
1881,15601880,Smith,642,Germany,Male,51,3,82315.57,3,1,1,163993.15,1
1882,15601881,Harris,550,Spain,Male,64,3,150969.05,3,0,0,105107.49,1
1883,15601882,Martin,543,Germany,Male,48,5,0.0,1,1,0,59102.33,1
1884,15601883,Smith,676,Spain,Male,47,1,0.0,2,1,0,109644.62,0
1885,15601884,Taylor,562,France,Female,40,4,0.0,1,1,1,109118.37,0
1886,15601885,Johnson,850,France,Male,51,7,91710.21,2,1,0,29674.56,0
1887,15601886,Rodriguez,598,France,Male,40,1,32651.49,2,0,1,132399.97,0
1888,15601887,Martin,624,France,Male,50,4,104090.57,3,0,1,156257.05,0
1889,15601888,Gonzalez,678,Germany,Female,54,6,126862.09,1,1,0,109789.19,1
1890,15601889,Garcia,505,Spain,Male,44,4,0.0,2,1,0,79376.96,0
1891,15601890,Thomas,698,France,Female,37,9,110857.71,1,0,1,127773.57,0
1892,15601891,Lopez,682,France,Male,35,8,73460.76,1,1,1,107462.88,0
1893,15601892,Robinson,616,Spain,Male,42,8,113101.01,1,1,1,16627.64,0
1894,15601893,Rodriguez,676,France,Male,35,7,0.0,2,0,1,74899.36,0
1895,15601894,Gonzalez,691,Germany,Male,54,8,78023.96,2,1,1,185267.07,1
1896,15601895,Davis,787,Germany,Male,89,1,146160.07,1,1,1,12312.38,1
1897,15601896,Thompson,850,Germany,Male,40,2,124362.13,1,1,1,56772.0,0
1898,15601897,Rodriguez,548,France,Female,92,3,0.0,1,1,0,171315.12,1
1899,15601898,Smith,525,France,Female,53,4,83686.14,1,1,0,278.05,0
1900,15601899,Martinez,659,Spain,Male,55,9,59853.9,2,1,0,188233.48,1
1901,15601900,Smith,450,Germany,Male,37,1,178866.79,1,1,0,137638.44,1
1902,15601901,Thomas,712,France,Female,54,10,0.0,2,1,1,75829.39,0
1903,15601902,Lee,660,Spain,Female,46,9,168416.44,2,1,0,5710.51,1
1904,15601903,Hernandez,685,France,Male,73,3,0.0,1,1,0,9138.58,0
1905,15601904,Harris,620,Germany,Female,35,3,117201.13,1,0,1,59122.21,0
1906,15601905,Clark,674,France,Female,46,4,0.0,1,1,1,131830.8,0
1907,15601906,Lopez,695,Spain,Female,43,5,0.0,1,1,0,13462.35,0
1908,15601907,Garcia,669,France,Male,56,0,32197.92,3,1,1,176331.37,1
1909,15601908,Johnson,520,France,Male,32,5,214526.77,2,1,0,171530.38,0
1910,15601909,Sanchez,666,France,Male,73,8,0.0,2,1,1,57040.2,0
1911,15601910,Brown,827,France,Female,56,2,0.0,1,1,1,38902.03,0
1912,15601911,Williams,673,Spain,Female,55,1,0.0,2,1,1,85890.42,0
1913,15601912,Lopez,663,Spain,Male,40,7,86592.68,2,1,1,56474.89,0
1914,15601913,Moore,799,France,Female,62,1,111121.18,2,1,1,190082.32,0
1915,15601914,Robinson,578,France,Female,60,7,97333.08,1,1,0,116545.43,0
1916,15601915,Sanchez,735,Germany,Female,68,9,0.0,1,1,1,147220.04,1
1917,15601916,Martin,599,Spain,Female,48,3,138352.75,1,1,1,106128.07,0
1918,15601917,Perez,754,Germany,Female,37,8,77049.1,1,1,1,167325.44,0
1919,15601918,Martin,726,France,Male,45,3,101013.23,2,1,1,19563.94,0
1920,15601919,Lee,610,France,Female,64,0,239622.51,2,1,0,144542.92,1
1921,15601920,White,624,Germany,Female,46,7,80961.27,1,1,1,153516.78,0
1922,15601921,Martin,743,France,Male,81,0,100476.14,1,1,1,72063.98,1
1923,15601922,Garcia,471,Germany,Male,62,4,0.0,2,1,0,17091.78,1
1924,15601923,Martinez,607,France,Female,78,6,172066.64,1,1,1,130663.7,1
1925,15601924,Wilson,709,Spain,Male,47,2,167596.09,1,1,0,60827.19,0
1926,15601925,Lee,620,France,Female,57,5,0.0,2,1,1,116734.08,0
1927,15601926,Robinson,662,Germany,Male,42,10,78772.62,2,1,0,176205.35,0
1928,15601927,Garcia,454,France,Male,63,0,90917.65,1,1,1,166396.2,0
1929,15601928,Thomas,567,Germany,Male,58,5,0.0,2,1,0,115182.54,0
1930,15601929,Clark,715,France,Male,61,4,0.0,1,1,1,21726.7,0
1931,15601930,Jones,577,Germany,Female,48,1,0.0,1,1,1,89506.79,0
1932,15601931,Johnson,524,Germany,Female,54,3,118212.62,2,1,1,145168.19,0
1933,15601932,Martin,751,Germany,Male,53,10,95617.75,1,1,0,113404.8,0
1934,15601933,Robinson,699,Germany,Male,48,10,105253.79,2,1,1,65865.91,0
1935,15601934,Ramirez,545,Germany,Male,54,10,87515.15,1,1,0,61688.24,0
1936,15601935,Anderson,663,Spain,Male,56,6,0.0,2,0,1,135693.74,0
1937,15601936,Lewis,548,France,Female,59,5,95653.66,1,1,0,126341.73,0
1938,15601937,Miller,635,Spain,Male,48,10,77785.92,2,0,0,118454.63,0
1939,15601938,Brown,666,France,Male,62,9,117110.72,2,1,0,190402.18,1
1940,15601939,Anderson,572,France,Male,61,5,103486.34,1,1,1,178969.39,0
1941,15601940,Taylor,721,France,Male,59,8,0.0,1,1,1,62810.71,0
1942,15601941,Ramirez,736,France,Male,63,1,0.0,1,1,0,49803.49,0
1943,15601942,Harris,675,Spain,Male,50,0,0.0,1,1,1,184547.93,0
1944,15601943,White,689,Germany,Female,41,1,0.0,1,1,0,41669.97,1
1945,15601944,Gonzalez,510,Spain,Female,61,2,0.0,1,0,1,195431.78,1
1946,15601945,Sanchez,780,Germany,Female,46,8,0.0,1,1,0,43097.92,1
1947,15601946,Jones,641,France,Male,37,9,107759.07,1,0,0,21665.89,0
1948,15601947,Moore,560,France,Male,46,8,0.0,1,0,1,78140.77,0
1949,15601948,Wilson,664,France,Female,54,4,0.0,2,1,0,180198.85,0
1950,15601949,Robinson,721,France,Female,71,6,127585.91,2,0,0,146273.82,1
1951,15601950,Robinson,699,France,Female,92,2,125463.7,2,1,0,119722.64,1
1952,15601951,Johnson,545,France,Male,57,9,149472.07,1,1,0,140316.29,0
1953,15601952,Miller,722,Germany,Male,63,1,131306.04,2,1,1,104036.94,0
1954,15601953,Moore,644,Germany,Female,61,5,0.0,2,0,0,63572.86,1
1955,15601954,Moore,698,Spain,Female,56,5,91428.19,2,1,0,99405.62,1
1956,15601955,Jackson,573,Spain,Female,49,4,93347.5,2,1,1,75965.26,0
1957,15601956,Thomas,750,Germany,Female,42,0,0.0,2,1,1,153607.07,0
1958,15601957,Thomas,667,France,Female,84,9,0.0,2,1,0,33356.01,0
1959,15601958,Jones,764,Germany,Male,46,1,92648.16,2,0,1,89976.96,0
1960,15601959,Miller,502,Spain,Female,49,6,0.0,2,0,0,21342.58,0
1961,15601960,Wilson,515,France,Female,51,9,89333.13,2,0,1,8668.64,0
1962,15601961,Rodriguez,626,France,Female,46,1,110007.88,2,1,1,46501.4,0
1963,15601962,Clark,790,Spain,Male,58,4,0.0,1,1,0,32217.72,0
1964,15601963,Smith,838,France,Male,46,10,157981.07,1,0,1,156373.97,0
1965,15601964,Jackson,564,Germany,Female,49,9,42468.41,1,0,0,32090.74,0
1966,15601965,Smith,655,Germany,Male,46,3,0.0,2,1,0,134473.02,0
1967,15601966,Moore,664,France,Female,49,9,0.0,1,1,1,100580.39,0
1968,15601967,Thomas,718,France,Male,40,0,155666.4,1,1,1,72233.19,0
1969,15601968,Clark,734,France,Male,39,4,0.0,2,1,1,12345.08,0
1970,15601969,Clark,543,France,Female,75,0,60554.64,1,1,0,83388.47,1
1971,15601970,Moore,656,France,Male,63,2,59733.09,2,1,0,113744.51,1
1972,15601971,Davis,457,Spain,Male,72,8,0.0,2,1,0,23550.15,1
1973,15601972,Johnson,727,France,Male,74,6,0.0,1,1,0,181928.73,1
1974,15601973,Garcia,617,Germany,Female,43,1,0.0,2,0,1,22169.65,0
1975,15601974,Garcia,534,France,Male,71,4,125251.49,1,1,1,166117.08,1
1976,15601975,Lewis,681,Spain,Female,66,3,0.0,2,0,1,156651.72,1
1977,15601976,Brown,614,France,Male,48,6,86030.59,2,0,1,176939.16,0
1978,15601977,Wilson,771,France,Female,56,3,0.0,2,1,1,21240.49,0
1979,15601978,Ramirez,564,Spain,Male,63,8,0.0,1,0,1,92041.98,0
1980,15601979,Miller,850,Spain,Male,60,2,87951.96,2,0,1,62912.23,0
1981,15601980,Perez,732,France,Male,51,5,92660.36,1,1,1,137138.61,0
1982,15601981,Lopez,773,Spain,Male,54,4,0.0,2,1,1,37432.08,0
1983,15601982,Smith,551,France,Male,58,9,0.0,1,1,1,18004.29,0
1984,15601983,Thompson,821,France,Male,48,7,0.0,2,0,0,43770.14,0
1985,15601984,Thomas,533,France,Male,59,10,66314.9,2,1,0,198386.47,0
1986,15601985,Martinez,629,France,Female,45,0,0.0,1,1,0,51008.65,0
1987,15601986,Clark,775,Germany,Male,72,9,30251.0,2,0,0,57329.94,1
1988,15601987,Davis,698,France,Male,65,1,0.0,1,1,0,144374.3,0
1989,15601988,Davis,531,France,Female,63,6,135082.8,2,1,1,62356.29,0
1990,15601989,White,758,Germany,Female,57,0,242969.51,2,1,0,105688.27,0
1991,15601990,Clark,682,Spain,Male,55,4,113552.17,1,1,1,150172.61,0
1992,15601991,Lewis,610,France,Male,66,7,0.0,1,1,1,66976.93,0
1993,15601992,Lopez,501,Germany,Female,41,9,0.0,1,0,0,72143.99,1
1994,15601993,Perez,691,France,Male,44,4,130916.97,2,1,1,44666.47,0
1995,15601994,Lewis,634,Spain,Female,60,4,73494.55,1,0,1,149985.28,0
1996,15601995,Davis,665,Germany,Male,52,8,0.0,1,1,1,198583.26,1
1997,15601996,Thomas,497,Spain,Female,46,10,65069.11,1,0,0,12485.96,0
1998,15601997,Moore,609,France,Male,67,10,55939.9,1,0,0,81409.76,0
1999,15601998,Lee,696,France,Female,54,4,0.0,1,1,0,68659.35,0
2000,15601999,Thomas,830,France,Male,56,0,56914.69,1,1,1,70968.37,0
2001,15602000,Garcia,630,France,Female,68,2,0.0,1,1,1,104849.6,0
2002,15602001,Hernandez,788,France,Male,51,4,0.0,1,0,1,131742.21,0
2003,15602002,Martin,725,Spain,Male,81,7,112878.04,1,0,1,98249.18,0
2004,15602003,Thomas,672,France,Female,42,9,78886.14,1,1,1,152281.29,0
2005,15602004,Sanchez,552,France,Male,67,1,23283.27,2,1,0,12665.71,1
2006,15602005,Jackson,556,Spain,Female,47,3,0.0,3,0,1,160149.24,1
2007,15602006,Robinson,709,France,Male,64,3,124610.14,2,1,0,176541.83,1
2008,15602007,Jackson,599,Spain,Female,45,2,77123.68,2,1,0,119497.15,0
2009,15602008,Lopez,590,France,Male,39,5,0.0,1,1,0,63970.74,0
2010,15602009,Taylor,632,France,Female,65,9,83714.65,1,1,0,94775.54,1
2011,15602010,Lee,634,France,Female,49,1,102053.89,2,0,1,119086.9,0
2012,15602011,Taylor,736,France,Male,39,2,0.0,1,1,1,159261.64,0
2013,15602012,Thompson,601,Spain,Female,65,1,0.0,2,1,1,156776.61,0
2014,15602013,Sanchez,726,France,Female,55,9,192756.89,1,1,1,69468.94,0
2015,15602014,Sanchez,692,Germany,Male,48,7,49618.28,1,1,0,86613.51,1
2016,15602015,Gonzalez,489,France,Female,57,1,145994.62,1,0,0,153057.17,0
2017,15602016,Williams,678,France,Male,51,4,0.0,2,0,0,85677.32,0
2018,15602017,Smith,393,Spain,Female,49,3,0.0,2,0,1,127045.65,0
2019,15602018,Perez,564,France,Male,63,0,147791.22,1,0,1,197382.98,0
2020,15602019,Gonzalez,694,Germany,Male,55,6,0.0,2,1,0,168118.57,0
2021,15602020,Lee,648,Spain,Male,44,5,29907.13,2,0,1,43610.96,0
2022,15602021,Moore,480,Germany,Female,52,9,63429.13,2,1,0,82374.71,1
2023,15602022,White,542,Spain,Female,62,0,0.0,1,1,0,109054.47,0
2024,15602023,Hernandez,399,France,Female,42,8,0.0,2,1,1,119630.99,0
2025,15602024,Garcia,521,France,Male,69,3,140231.07,1,1,1,59573.78,0
2026,15602025,Martin,705,France,Male,55,0,4427.31,1,1,0,183942.8,0
2027,15602026,Harris,596,Germany,Female,54,7,131845.08,1,0,0,181980.07,1
2028,15602027,Moore,666,Spain,Female,54,0,116756.63,1,0,1,32788.13,0
2029,15602028,Gonzalez,651,France,Male,76,1,159347.35,2,1,1,185948.02,0
2030,15602029,Ramirez,653,Germany,Male,52,4,0.0,2,0,1,89086.06,0
2031,15602030,Gonzalez,748,France,Male,49,0,101094.75,2,1,0,87649.43,0
2032,15602031,Jackson,630,Germany,Male,92,0,114620.94,1,1,0,36557.34,1
2033,15602032,Smith,737,France,Female,51,5,0.0,1,0,0,16789.97,0
2034,15602033,Miller,412,Spain,Male,65,10,66811.81,2,1,0,49701.67,1
2035,15602034,Moore,756,Germany,Female,60,0,34252.63,2,1,0,176017.38,1
2036,15602035,Thompson,526,France,Male,52,4,0.0,2,1,1,81405.23,0
2037,15602036,Harris,546,France,Male,86,9,162211.29,2,1,0,183925.02,1
2038,15602037,Gonzalez,582,France,Female,59,10,156065.19,1,1,1,119946.81,0
2039,15602038,Davis,754,France,Female,43,4,0.0,1,1,0,1657.79,0
2040,15602039,Hernandez,564,France,Male,35,1,190372.51,1,1,1,66172.72,0
2041,15602040,Thomas,587,Spain,Female,60,10,82649.4,2,0,1,25526.7,1
2042,15602041,Martinez,557,Germany,Male,49,2,30509.56,1,0,1,149101.61,0
2043,15602042,Perez,674,Germany,Female,38,2,135241.1,1,1,1,135407.32,0
2044,15602043,Brown,721,France,Male,51,2,123715.69,2,0,1,45708.02,0
2045,15602044,Jones,813,Spain,Female,61,2,88252.89,1,1,0,41723.53,1
2046,15602045,Taylor,850,Germany,Male,50,10,82694.24,1,1,1,180499.86,0
2047,15602046,Martin,712,France,Male,52,3,92275.3,2,1,1,23487.13,0
2048,15602047,Sanchez,685,Germany,Female,34,9,0.0,2,1,0,6612.74,0
2049,15602048,Moore,533,Germany,Female,61,0,129609.14,2,0,1,73259.95,0
2050,15602049,Sanchez,833,France,Male,37,3,138165.84,1,1,0,112763.72,0
2051,15602050,Moore,670,France,Male,46,3,81525.86,1,0,0,183818.58,0
2052,15602051,Robinson,622,France,Male,56,7,0.0,1,1,1,182310.45,0
2053,15602052,White,687,France,Female,44,10,96958.52,2,0,0,27930.29,0
2054,15602053,Jones,588,Spain,Female,46,3,45437.45,1,0,0,157394.86,0
2055,15602054,Robinson,425,Spain,Female,39,4,0.0,2,1,1,186889.27,0
2056,15602055,Lee,704,Germany,Male,55,3,0.0,1,0,1,166706.55,0
2057,15602056,Harris,778,France,Female,56,4,95958.16,3,1,1,82851.67,1
2058,15602057,Lewis,703,France,Male,53,2,43094.89,1,1,1,41558.99,0
2059,15602058,Harris,649,Germany,Male,33,2,59539.7,1,0,0,183116.79,1
2060,15602059,Taylor,651,Germany,Female,35,7,0.0,2,0,0,106409.1,0
2061,15602060,Rodriguez,666,France,Female,65,0,129124.92,1,0,0,50638.72,1
2062,15602061,Williams,663,Germany,Female,48,2,0.0,2,1,0,64711.47,1
2063,15602062,Garcia,644,Spain,Female,90,1,0.0,2,1,0,112350.15,1
2064,15602063,Harris,652,France,Female,55,9,0.0,2,1,1,81248.68,0
2065,15602064,Harris,799,France,Female,81,10,117400.48,2,0,1,8015.97,1
2066,15602065,Martinez,695,Spain,Male,50,5,5666.73,1,1,0,114880.91,0
2067,15602066,Johnson,660,France,Male,47,7,0.0,2,1,1,81175.47,0
2068,15602067,White,713,France,Female,61,5,191673.6,3,0,1,94695.74,1
2069,15602068,Johnson,713,France,Female,68,3,9941.78,2,0,1,150536.82,0
2070,15602069,Lewis,740,France,Male,50,2,56223.35,2,0,1,5148.05,0
2071,15602070,Miller,577,Spain,Male,60,3,0.0,3,1,1,13151.78,1
2072,15602071,Robinson,603,Germany,Male,37,7,0.0,1,1,0,217.21,0
2073,15602072,Robinson,571,France,Male,43,8,0.0,1,0,1,84943.32,0
2074,15602073,Rodriguez,723,Spain,Female,57,7,0.0,1,1,0,56100.28,1
2075,15602074,Wilson,718,Spain,Male,48,8,168685.51,1,1,0,81897.34,0
2076,15602075,Robinson,527,Spain,Female,56,7,64849.24,2,1,1,115444.62,0
2077,15602076,Davis,687,France,Male,58,4,128241.99,1,0,1,1675.06,1
2078,15602077,Taylor,781,France,Female,60,4,202806.61,1,1,0,31694.16,1
2079,15602078,Taylor,627,Spain,Male,64,0,0.0,1,0,1,25546.28,0
2080,15602079,Robinson,680,Spain,Female,65,7,59855.2,1,1,0,124238.07,1
2081,15602080,Williams,720,France,Female,41,10,0.0,1,1,0,118244.19,0
2082,15602081,Garcia,523,France,Female,51,1,0.0,2,0,0,15519.73,0
2083,15602082,Sanchez,664,France,Male,50,5,174203.92,1,1,0,160312.73,0
2084,15602083,Hernandez,772,Spain,Male,52,5,0.0,1,1,1,32207.32,0
2085,15602084,Hernandez,593,Germany,Male,49,9,0.0,2,1,1,34616.14,0
2086,15602085,Garcia,729,France,Male,52,3,122376.73,1,1,1,80552.48,1
2087,15602086,Moore,652,France,Female,30,8,4501.58,2,0,1,66399.98,0
2088,15602087,Gonzalez,585,Germany,Female,46,2,0.0,1,1,1,193011.41,0
2089,15602088,Miller,640,Spain,Female,63,7,20469.06,2,1,1,181463.83,1
2090,15602089,White,599,France,Female,58,1,72719.93,1,0,1,10179.13,1
2091,15602090,Anderson,564,Spain,Male,46,4,82383.93,1,0,1,78404.16,0
2092,15602091,Hernandez,625,Spain,Male,53,5,270210.16,2,1,0,156718.5,0
2093,15602092,Lewis,656,France,Male,79,1,0.0,2,0,1,125858.96,0
2094,15602093,Garcia,634,Germany,Female,42,6,7201.78,2,1,0,154335.58,1
2095,15602094,Thompson,624,France,Female,44,10,0.0,2,0,1,81430.73,0
2096,15602095,Brown,671,Spain,Male,64,10,0.0,1,1,1,77789.34,1
2097,15602096,Lewis,701,Germany,Male,74,4,145381.28,2,1,1,153439.37,1
2098,15602097,Taylor,540,Germany,Female,56,9,149991.47,1,0,0,58403.85,1
2099,15602098,Ramirez,625,Spain,Female,53,3,0.0,2,1,1,11541.36,0
2100,15602099,Harris,460,France,Female,40,3,123790.41,1,1,1,178067.23,0
2101,15602100,Taylor,634,Spain,Male,47,1,79904.76,2,1,0,189219.6,0
2102,15602101,Moore,664,Germany,Male,47,8,0.0,2,1,1,122308.19,0
2103,15602102,Jones,704,France,Female,48,0,187879.62,1,1,0,147387.12,0
2104,15602103,Moore,664,Germany,Female,45,0,0.0,1,1,0,137923.34,0
2105,15602104,Lee,702,Spain,Male,40,3,116363.68,2,0,1,107350.12,0
2106,15602105,Harris,656,France,Female,61,2,75495.54,1,1,1,120058.04,0
2107,15602106,Smith,585,Spain,Female,57,8,182543.13,1,1,0,108052.74,1
2108,15602107,Brown,542,Spain,Male,40,6,80713.63,1,1,0,22686.89,0
2109,15602108,Martinez,624,France,Male,53,10,56117.72,2,1,0,63771.48,0
2110,15602109,Hernandez,576,Spain,Male,49,1,0.0,1,0,1,3472.38,0
2111,15602110,Garcia,638,France,Male,76,3,0.0,1,1,1,15426.35,0
2112,15602111,Brown,602,France,Female,69,4,216258.7,2,1,1,101669.47,1
2113,15602112,Brown,690,France,Male,76,9,188874.69,1,1,1,35571.71,0
2114,15602113,Smith,654,Spain,Female,47,3,83768.68,2,1,0,71456.79,0
2115,15602114,Smith,692,Germany,Female,36,3,48852.53,2,1,1,167409.22,1
2116,15602115,Williams,692,France,Male,41,3,67146.31,1,0,0,17397.92,0
2117,15602116,Ramirez,632,France,Male,48,7,0.0,2,1,0,166373.39,0
2118,15602117,Sanchez,638,Germany,Female,50,6,59453.64,2,1,1,178919.87,0
2119,15602118,Martin,698,France,Female,77,3,61953.13,1,1,1,63717.85,1
2120,15602119,Miller,850,Spain,Female,63,10,22228.37,2,0,0,91062.45,1
2121,15602120,Taylor,555,Spain,Male,57,0,165753.88,1,1,1,82435.36,0
2122,15602121,Thompson,654,Germany,Male,70,5,0.0,2,1,1,28902.35,1
2123,15602122,Taylor,535,Spain,Female,59,4,128319.78,1,1,0,18809.86,1
2124,15602123,Smith,647,France,Female,62,10,77448.76,1,1,0,90041.41,1
2125,15602124,Harris,585,Spain,Male,49,4,28659.9,2,1,0,113400.36,1
2126,15602125,Gonzalez,638,Germany,Female,38,10,65141.96,1,1,0,97697.82,0
2127,15602126,Johnson,664,Germany,Male,37,5,0.0,2,1,0,136068.47,0
2128,15602127,Lopez,603,France,Female,37,7,156308.28,2,1,1,95206.82,0
2129,15602128,Lopez,478,Spain,Female,61,5,178511.13,1,1,1,172717.66,1
2130,15602129,Hernandez,786,France,Male,44,5,17727.31,1,1,0,121036.16,0
2131,15602130,Martinez,730,France,Female,49,6,88116.97,2,0,1,45268.16,0
2132,15602131,Smith,637,France,Male,39,10,94865.58,2,1,1,175226.9,0
2133,15602132,Wilson,564,Germany,Male,67,7,62795.44,2,1,1,172127.76,0
2134,15602133,Johnson,658,Germany,Male,52,3,73113.4,1,0,0,74030.79,1
2135,15602134,Sanchez,684,Germany,Male,55,6,97440.38,1,1,0,37850.47,1
2136,15602135,Robinson,723,Spain,Male,56,7,20594.75,2,1,0,155688.85,0
2137,15602136,White,732,France,Female,58,5,0.0,1,1,0,11973.06,0
2138,15602137,Taylor,750,Germany,Female,68,8,118704.74,4,1,0,85593.42,1
2139,15602138,Hernandez,482,France,Male,61,5,20708.45,2,0,0,91938.12,0
2140,15602139,Clark,620,Spain,Female,42,3,0.0,1,0,1,125822.94,0
2141,15602140,Jones,745,Spain,Female,43,5,89833.84,1,1,0,54288.0,0
2142,15602141,Robinson,561,Germany,Female,92,1,181203.61,2,1,1,70979.02,1
2143,15602142,Smith,767,Germany,Female,65,10,0.0,2,0,1,190671.94,1
2144,15602143,Hernandez,823,France,Male,87,7,0.0,1,1,1,174590.41,0
2145,15602144,Smith,764,France,Male,50,10,158101.45,2,1,0,76368.54,0
2146,15602145,Jackson,713,Spain,Female,74,5,115079.99,1,0,0,193383.23,1
2147,15602146,Lewis,607,France,Male,58,3,19950.74,1,0,0,12455.47,0
2148,15602147,Ramirez,677,France,Male,56,6,102596.29,2,1,1,60859.59,0
2149,15602148,Lewis,520,France,Male,53,7,125100.94,1,0,0,142137.66,0
2150,15602149,Wilson,575,Spain,Male,63,2,55874.13,2,0,0,120059.68,1
2151,15602150,Moore,581,France,Male,59,9,176094.0,2,1,1,105074.01,0
2152,15602151,Garcia,655,France,Male,50,2,82072.66,1,0,0,154036.14,0
2153,15602152,Hernandez,612,Germany,Male,46,9,107736.85,2,1,1,195473.93,1
2154,15602153,Moore,675,Spain,Female,51,2,91588.73,2,0,1,139418.85,0
2155,15602154,Sanchez,734,France,Female,52,2,154997.83,2,1,1,86549.18,0
2156,15602155,Lee,581,France,Male,48,1,148152.16,2,1,1,136606.14,0
2157,15602156,Lopez,664,France,Male,43,4,89147.99,2,1,0,105698.34,0
2158,15602157,Lewis,610,France,Male,53,5,0.0,3,1,0,126541.8,1
2159,15602158,Thompson,668,France,Male,57,0,20917.74,2,1,1,134527.13,1
2160,15602159,Williams,715,Germany,Male,56,5,0.0,1,0,0,198712.32,1
2161,15602160,Brown,738,Germany,Male,41,6,101669.45,2,1,0,99293.57,1
2162,15602161,Martinez,714,Germany,Female,76,1,0.0,2,0,0,152843.93,1
2163,15602162,Sanchez,689,France,Female,81,0,0.0,1,0,0,190018.96,0
2164,15602163,Harris,513,Spain,Male,60,6,47829.61,2,0,1,44022.11,0
2165,15602164,Thompson,546,France,Male,63,5,3507.44,1,0,0,76638.51,0
2166,15602165,Wilson,570,Spain,Female,55,2,90000.61,1,0,1,111238.74,1
2167,15602166,Wilson,684,Germany,Female,57,1,30660.19,1,1,0,78931.81,1
2168,15602167,Harris,526,France,Female,37,1,97590.32,1,0,0,146069.48,0
2169,15602168,Sanchez,682,Germany,Female,51,1,113601.45,1,0,0,33195.1,1
2170,15602169,Moore,675,France,Male,51,7,171356.51,1,1,1,189297.02,0
2171,15602170,Miller,464,Germany,Male,81,0,0.0,1,1,1,75383.18,1
2172,15602171,Anderson,545,France,Female,49,2,0.0,2,0,1,182967.79,0
2173,15602172,Lopez,750,France,Male,76,7,75556.56,2,0,0,191551.02,0
2174,15602173,Smith,716,Spain,Female,53,5,0.0,1,1,1,39307.97,0
2175,15602174,Wilson,568,France,Female,48,6,170023.38,3,0,1,112856.06,1
2176,15602175,Lewis,550,Spain,Female,37,1,0.0,2,1,1,152343.97,0
2177,15602176,Johnson,414,France,Male,56,8,82632.06,1,1,1,6844.3,0
2178,15602177,Wilson,791,Germany,Female,44,6,0.0,1,1,0,80445.13,0
2179,15602178,Lee,653,Germany,Male,38,2,17721.11,2,1,0,82897.57,0
2180,15602179,Brown,830,Germany,Male,60,8,0.0,2,1,1,133097.02,0
2181,15602180,Clark,631,France,Male,57,2,123258.68,2,0,0,104332.8,0
2182,15602181,Moore,677,France,Female,58,9,173340.48,1,1,0,146337.11,1
2183,15602182,Miller,735,France,Female,53,7,134577.05,2,1,0,72081.96,1
2184,15602183,Ramirez,807,France,Male,45,6,0.0,2,1,1,81485.76,0
2185,15602184,Martinez,698,Germany,Male,42,2,7783.03,2,1,0,81416.5,1
2186,15602185,Garcia,650,Spain,Female,73,4,0.0,1,1,0,65602.99,0
2187,15602186,Ramirez,652,Spain,Female,61,6,0.0,2,0,0,15660.66,0
2188,15602187,White,549,Spain,Female,65,2,128027.37,2,0,1,91553.89,0
2189,15602188,Williams,613,Spain,Male,51,1,0.0,2,1,1,172768.82,0
2190,15602189,Wilson,654,Germany,Male,44,8,0.0,1,1,0,85090.77,1
2191,15602190,Robinson,782,France,Female,43,1,0.0,2,0,1,28697.5,0
2192,15602191,Johnson,608,Spain,Male,53,2,0.0,2,1,0,61438.31,0
2193,15602192,Davis,752,Germany,Female,44,0,0.0,2,1,0,151651.46,1
2194,15602193,Sanchez,642,Germany,Female,36,0,129636.09,1,1,1,50904.82,0
2195,15602194,Thompson,769,France,Male,60,0,0.0,1,0,1,11823.1,0
2196,15602195,Perez,714,France,Male,65,9,14813.01,2,1,0,10894.2,0
2197,15602196,Clark,708,France,Female,47,2,0.0,1,1,0,121389.18,0
2198,15602197,Martin,743,Spain,Male,38,5,0.0,2,1,0,179570.85,0
2199,15602198,Moore,729,Germany,Male,54,9,0.0,2,0,1,52026.04,0
2200,15602199,Brown,752,France,Female,51,2,152548.72,1,1,1,197588.55,0
2201,15602200,Williams,850,Spain,Male,48,3,119739.68,1,0,1,44055.68,0
2202,15602201,Jackson,805,France,Female,58,1,0.0,2,1,0,69224.38,0
2203,15602202,Lopez,694,France,Male,54,6,0.0,1,1,1,93523.45,0
2204,15602203,Lopez,607,France,Female,57,3,90894.45,1,1,1,21516.79,0
2205,15602204,Lopez,685,Germany,Male,53,10,47636.77,1,0,1,58641.41,0
2206,15602205,Williams,465,Spain,Male,44,0,80414.54,2,1,0,120294.02,0
2207,15602206,Williams,729,France,Female,44,3,91658.07,1,1,0,2433.76,0
2208,15602207,Lopez,548,Spain,Female,53,3,122203.19,1,1,1,96697.44,0
2209,15602208,Ramirez,757,France,Male,64,10,168886.79,2,0,0,131887.21,1
2210,15602209,Ramirez,840,Spain,Male,54,2,0.0,1,1,0,59666.06,0
2211,15602210,Sanchez,510,Spain,Female,45,7,0.0,2,1,1,174225.04,0
2212,15602211,Taylor,645,Spain,Male,54,6,108531.54,2,1,1,55459.18,0
2213,15602212,Hernandez,547,France,Female,55,9,0.0,1,1,1,182406.32,0
2214,15602213,Sanchez,484,Spain,Female,45,9,0.0,1,1,1,166650.04,0
2215,15602214,Miller,639,Germany,Female,81,2,110280.87,1,1,0,46702.9,1
2216,15602215,Wilson,710,France,Male,63,3,139800.35,2,1,1,12606.11,0
2217,15602216,Williams,722,Spain,Male,51,7,288301.4,1,1,0,6332.41,1
2218,15602217,Gonzalez,664,France,Female,79,9,0.0,2,1,1,155194.49,0
2219,15602218,Johnson,490,Spain,Male,57,2,89442.2,2,1,1,112398.43,0
2220,15602219,Ramirez,661,France,Male,55,4,0.0,1,0,0,35528.69,0
2221,15602220,Clark,506,Germany,Male,71,4,141984.84,2,1,1,32826.89,1
2222,15602221,Taylor,513,Germany,Male,63,4,22678.84,1,1,1,75570.66,1
2223,15602222,Jones,554,France,Male,58,4,0.0,2,1,1,17336.59,0
2224,15602223,Lopez,750,France,Male,48,8,93486.83,1,1,0,138253.85,0
2225,15602224,Clark,702,France,Female,52,9,0.0,3,1,1,189825.36,1
2226,15602225,Thomas,680,France,Male,51,4,0.0,2,0,0,82816.99,0
2227,15602226,Thompson,567,France,Male,46,10,0.0,2,1,0,173894.69,0
2228,15602227,Harris,612,Germany,Male,88,10,154702.57,2,0,1,65429.26,1
2229,15602228,Gonzalez,518,France,Female,64,8,126331.34,2,1,1,49382.28,0
2230,15602229,Davis,780,France,Male,50,8,82663.51,2,1,0,66875.45,0
2231,15602230,Moore,850,Germany,Female,57,10,67143.01,1,1,0,41775.79,1
2232,15602231,Perez,703,France,Female,51,9,73201.74,1,1,0,47329.71,1
2233,15602232,Taylor,720,Spain,Male,44,3,144337.33,2,1,0,137901.29,0
2234,15602233,Gonzalez,634,Spain,Male,36,8,103070.48,2,0,0,172952.58,0
2235,15602234,Garcia,494,Germany,Male,58,10,0.0,1,0,1,76216.1,1
2236,15602235,Perez,568,Germany,Female,53,1,55364.94,2,1,0,118262.13,0
2237,15602236,White,605,Spain,Female,68,2,167859.15,1,1,1,31954.06,0
2238,15602237,Ramirez,613,France,Female,47,0,148539.24,2,1,0,151308.07,0
2239,15602238,Sanchez,590,France,Male,68,10,267554.58,1,0,1,17768.21,0
2240,15602239,Thompson,654,France,Female,70,6,0.0,2,1,1,35712.81,0
2241,15602240,Anderson,568,Spain,Male,38,9,0.0,2,0,0,83519.31,0
2242,15602241,Lee,850,France,Male,65,10,74679.06,1,1,1,23556.78,1
2243,15602242,Gonzalez,518,Germany,Female,63,8,6699.37,2,0,0,179231.69,1
2244,15602243,Smith,735,Spain,Female,52,2,47345.85,1,0,1,98495.15,0
2245,15602244,Ramirez,624,Spain,Male,67,7,147871.77,1,1,1,57073.96,0
2246,15602245,Sanchez,694,Germany,Male,65,0,0.0,2,1,1,27774.67,0
2247,15602246,Thomas,698,France,Male,54,5,85566.56,2,1,1,33924.61,0
2248,15602247,Harris,665,Spain,Male,38,5,118446.33,1,0,1,146040.82,0
2249,15602248,Hernandez,541,Germany,Male,50,4,149134.56,1,1,0,176295.38,1
2250,15602249,Brown,618,France,Female,66,3,36524.28,2,0,0,128894.3,1
2251,15602250,Thomas,666,France,Female,56,2,0.0,1,1,1,71395.56,0
2252,15602251,Taylor,660,Spain,Female,48,3,0.0,1,1,1,52199.08,0
2253,15602252,Hernandez,551,Germany,Female,53,6,0.0,1,1,0,97436.15,1
2254,15602253,Brown,773,Spain,Male,54,6,138338.71,2,1,1,60267.51,0
2255,15602254,Ramirez,410,Spain,Female,44,2,0.0,2,1,1,99116.62,0
2256,15602255,Wilson,625,Germany,Female,47,10,30135.1,1,1,1,2254.5,0
2257,15602256,Perez,561,Germany,Male,86,9,157567.87,2,1,0,176491.18,1
2258,15602257,Johnson,667,France,Female,31,2,0.0,2,0,1,117680.92,0
2259,15602258,Lopez,747,France,Male,53,2,100835.24,1,1,0,97981.76,0
2260,15602259,Jones,514,France,Female,66,4,0.0,1,1,1,96024.74,0
2261,15602260,Lopez,850,Spain,Female,53,0,39063.82,2,1,0,153001.58,1
2262,15602261,Thomas,669,Germany,Male,46,9,0.0,1,0,0,109338.61,1
2263,15602262,Davis,686,Spain,Female,49,10,82918.7,1,1,1,128218.5,0
2264,15602263,Lewis,511,France,Male,80,6,79668.68,1,1,0,159423.35,1
2265,15602264,Rodriguez,645,Germany,Female,61,7,100300.71,1,1,0,171091.0,1
2266,15602265,Smith,743,Germany,Male,60,6,73225.88,3,1,0,110444.11,1
2267,15602266,Smith,670,Germany,Male,52,7,164591.05,2,1,0,116850.34,0
2268,15602267,Garcia,663,Germany,Male,56,8,178299.02,2,0,1,136933.88,0
2269,15602268,Thompson,645,France,Female,42,3,0.0,1,0,1,94461.81,0
2270,15602269,Garcia,517,Germany,Male,81,2,0.0,1,0,0,180637.75,1
2271,15602270,Jackson,517,France,Female,89,6,0.0,1,1,0,108734.23,1
2272,15602271,Perez,762,France,Male,62,8,64354.54,1,1,1,184849.7,0
2273,15602272,Sanchez,734,France,Female,53,8,77777.45,2,1,1,160710.85,0
2274,15602273,Jackson,748,Germany,Female,55,7,0.0,1,1,1,72671.24,0
2275,15602274,Perez,571,Spain,Male,59,2,0.0,2,1,0,132784.71,0
2276,15602275,Smith,634,Germany,Male,42,5,72212.18,1,1,0,143386.39,0
2277,15602276,Brown,768,Germany,Female,49,1,0.0,2,1,1,93546.3,1
2278,15602277,Brown,532,Germany,Female,43,5,98312.54,2,0,0,141296.6,0
2279,15602278,Taylor,758,Germany,Female,62,4,249329.39,2,1,1,48182.53,1
2280,15602279,White,593,France,Male,40,3,57424.58,1,1,0,57820.74,0
2281,15602280,Anderson,567,France,Male,43,2,29842.49,1,1,1,128753.2,0
2282,15602281,Thomas,646,France,Female,64,7,0.0,1,1,1,96569.88,0
2283,15602282,Wilson,542,France,Male,56,9,0.0,2,0,1,76679.45,0
2284,15602283,Ramirez,467,France,Male,77,5,0.0,1,1,0,13339.41,1
2285,15602284,Hernandez,657,France,Male,49,8,66567.95,1,0,0,196791.64,0
2286,15602285,Thompson,701,France,Female,51,2,201484.8,2,0,1,45589.4,0
2287,15602286,Martin,766,Spain,Female,73,4,103446.3,2,0,1,124495.64,0
2288,15602287,Anderson,708,France,Male,68,3,0.0,1,1,0,158428.3,0
2289,15602288,Taylor,838,France,Male,64,5,156775.88,1,1,0,101607.02,0
2290,15602289,Moore,780,France,Male,45,1,0.0,1,0,1,115829.73,0
2291,15602290,Smith,720,Germany,Male,46,5,158285.34,2,1,1,106281.25,0
2292,15602291,Lee,694,France,Male,52,2,92722.58,1,1,0,127310.94,1
2293,15602292,Johnson,768,France,Female,52,7,12479.24,1,1,1,83276.12,1
2294,15602293,Lopez,437,Germany,Male,26,9,52846.18,1,1,1,71231.35,0
2295,15602294,Rodriguez,603,France,Male,45,9,168715.0,1,1,1,197035.05,0
2296,15602295,Jones,471,France,Female,49,10,84557.38,1,0,1,74704.17,0
2297,15602296,Martinez,713,France,Male,52,5,69812.63,1,0,0,89273.25,1
2298,15602297,Lopez,578,France,Female,67,7,152961.87,2,1,1,32421.52,1
2299,15602298,Brown,850,France,Male,72,6,179152.01,2,0,0,165442.9,0
2300,15602299,Robinson,600,France,Male,61,5,122711.12,1,1,0,154733.26,0
2301,15602300,Garcia,660,Spain,Female,39,8,76645.5,2,0,0,146387.44,0
2302,15602301,Thomas,611,Germany,Female,69,10,167258.55,1,1,1,173748.78,1
2303,15602302,Lopez,603,Germany,Male,61,8,0.0,1,0,0,3723.83,0
2304,15602303,Harris,530,France,Female,65,9,0.0,2,1,1,3603.58,0
2305,15602304,Thompson,527,Spain,Female,46,9,0.0,2,1,0,195416.86,0
2306,15602305,Jones,440,France,Male,74,3,172241.25,2,1,1,38419.05,1
2307,15602306,Williams,702,France,Male,51,7,206078.15,1,1,0,177459.45,0
2308,15602307,White,609,Germany,Female,45,2,174443.66,2,1,1,158915.16,0
2309,15602308,Harris,835,France,Male,63,10,0.0,1,1,1,103975.79,0
2310,15602309,Thompson,530,France,Female,52,4,42688.6,2,0,1,8610.01,0
2311,15602310,Thompson,791,Germany,Female,61,2,83075.46,1,0,1,41120.51,0
2312,15602311,Johnson,800,Spain,Female,49,9,83598.07,2,1,0,13307.05,0
2313,15602312,Anderson,772,France,Male,42,3,0.0,1,1,1,155688.46,0
2314,15602313,Hernandez,672,Germany,Male,49,4,0.0,1,1,0,100690.22,1
2315,15602314,White,617,Spain,Female,40,7,98785.02,2,1,0,197291.23,0
2316,15602315,Williams,772,France,Male,61,9,37169.28,1,0,0,107342.91,0
2317,15602316,Thompson,574,France,Male,32,7,109477.68,2,1,0,22593.53,0
2318,15602317,Thompson,675,France,Male,68,2,17295.04,2,1,1,20105.88,0
2319,15602318,Martinez,645,France,Male,41,7,9968.84,2,1,0,104794.11,0
2320,15602319,Williams,564,France,Female,66,9,64073.06,3,1,0,116802.85,1
2321,15602320,Clark,676,Spain,Male,60,3,154375.53,1,1,0,31017.74,0
2322,15602321,Thompson,721,Germany,Female,35,10,107884.28,2,1,0,30667.62,1
2323,15602322,Martinez,560,Germany,Male,55,1,134220.82,1,1,0,183031.02,1
2324,15602323,Martinez,694,France,Female,40,2,33089.22,1,1,1,168909.79,1
2325,15602324,Smith,436,Spain,Male,55,7,103197.99,1,1,1,2028.72,0
2326,15602325,Rodriguez,549,Spain,Female,46,4,41930.39,1,0,1,149305.33,0
2327,15602326,Thomas,606,Spain,Female,35,1,0.0,1,1,0,105418.35,0
2328,15602327,Clark,684,France,Male,59,6,172072.9,1,1,0,129051.19,0
2329,15602328,Miller,733,Germany,Female,52,4,63384.02,1,1,1,7942.73,0
2330,15602329,Thomas,657,France,Male,53,5,0.0,1,0,1,87495.32,0
2331,15602330,Miller,704,France,Female,36,1,86647.51,2,0,0,94662.53,0
2332,15602331,Jackson,634,France,Female,35,10,196312.46,2,1,0,25634.72,0
2333,15602332,Hernandez,688,Germany,Female,50,6,0.0,2,1,1,185895.14,0
2334,15602333,Williams,683,Germany,Female,65,0,24432.58,1,1,1,2374.86,0
2335,15602334,Johnson,601,France,Male,62,9,0.0,1,1,0,18752.33,0
2336,15602335,Gonzalez,615,France,Male,59,9,0.0,2,1,1,113771.27,0
2337,15602336,Taylor,707,France,Male,70,4,122325.18,1,1,1,876.47,0
2338,15602337,Taylor,823,France,Male,46,8,33344.83,2,1,0,198733.51,0
2339,15602338,Lewis,765,France,Female,59,6,0.0,1,1,1,5971.1,0
2340,15602339,Perez,541,France,Male,37,8,156636.89,1,0,0,126154.72,0
2341,15602340,Brown,541,Spain,Female,88,8,0.0,1,0,1,72313.28,0
2342,15602341,Taylor,598,France,Male,45,0,88481.14,2,0,0,22517.36,0
2343,15602342,Jackson,659,France,Male,58,7,0.0,1,1,0,172637.18,0
2344,15602343,Clark,654,France,Female,77,6,0.0,1,1,1,109195.83,1
2345,15602344,Miller,769,Spain,Male,48,10,135456.7,1,0,1,134243.84,0
2346,15602345,Smith,774,Germany,Female,58,1,0.0,2,0,0,157263.91,1
2347,15602346,Taylor,650,Germany,Male,55,2,0.0,2,0,0,110425.24,0
2348,15602347,Wilson,628,France,Female,48,5,220126.9,2,1,0,50457.29,0
2349,15602348,Perez,699,Germany,Male,46,10,0.0,2,1,1,62439.71,0
2350,15602349,White,752,France,Male,40,10,93390.85,2,1,1,165120.27,0
2351,15602350,Garcia,703,Germany,Female,30,2,0.0,2,1,1,157234.0,0
2352,15602351,Anderson,608,Spain,Female,51,7,153685.44,2,1,0,2898.44,1
2353,15602352,Anderson,591,Germany,Male,45,3,0.0,2,0,1,115763.91,0
2354,15602353,Hernandez,543,Spain,Male,28,6,80137.26,2,0,1,150666.93,0
2355,15602354,Harris,668,Germany,Male,44,3,19105.11,1,1,1,20146.16,1
2356,15602355,Rodriguez,709,France,Male,60,1,0.0,1,1,1,122692.43,0
2357,15602356,Davis,720,Spain,Female,54,6,0.0,1,1,0,93245.26,1
2358,15602357,Taylor,760,France,Female,67,7,85763.03,1,0,1,43565.41,0
2359,15602358,Lewis,792,Germany,Male,48,0,135617.29,1,1,1,127526.08,0
2360,15602359,Jackson,518,France,Male,41,4,0.0,2,1,1,59940.53,0
2361,15602360,Thomas,688,France,Female,61,9,30451.49,1,1,1,40010.51,0
2362,15602361,Miller,692,France,Male,61,7,0.0,2,1,1,89858.74,0
2363,15602362,Williams,642,France,Female,56,0,49118.4,1,1,1,120308.59,0
2364,15602363,Taylor,570,France,Male,44,2,65497.94,1,0,0,86488.66,0
2365,15602364,Smith,788,Germany,Female,53,1,0.0,2,1,0,182091.53,1
2366,15602365,Moore,593,France,Male,41,2,137881.01,1,1,1,180015.34,0
2367,15602366,Perez,439,France,Female,45,2,59787.84,2,1,1,73856.0,0
2368,15602367,Ramirez,651,Germany,Male,69,2,115465.38,2,0,1,42284.07,0
2369,15602368,Anderson,627,France,Male,47,0,0.0,1,1,0,180043.97,0
2370,15602369,Lee,828,Germany,Female,65,2,0.0,1,0,0,83328.54,1
2371,15602370,Perez,697,Germany,Male,57,1,116273.14,2,1,0,62133.57,0
2372,15602371,White,620,Spain,Male,77,8,77165.28,2,1,0,191652.53,1
2373,15602372,Johnson,631,Germany,Male,36,9,0.0,1,0,1,98560.13,1
2374,15602373,Garcia,629,France,Male,56,7,63516.56,2,1,0,174849.49,0
2375,15602374,Perez,850,Germany,Female,56,5,0.0,2,0,1,1849.38,1
2376,15602375,Anderson,714,France,Female,37,6,0.0,1,1,0,10963.72,0
2377,15602376,Gonzalez,514,France,Male,45,0,146585.03,1,0,0,95781.94,0
2378,15602377,Robinson,626,Spain,Female,50,6,127566.73,1,1,1,130421.9,1
2379,15602378,Perez,647,France,Male,84,7,148200.01,1,1,1,95827.41,0
2380,15602379,Perez,543,Spain,Female,46,7,31939.98,2,1,1,94785.21,1
2381,15602380,Robinson,478,Spain,Male,41,5,94953.0,2,1,1,66069.3,0
2382,15602381,Gonzalez,707,Spain,Female,39,6,55438.86,1,1,0,91266.34,0
2383,15602382,Lewis,572,Spain,Male,37,10,0.0,1,1,1,166708.47,0
2384,15602383,Jones,769,France,Male,85,1,135583.8,1,1,1,152291.37,1
2385,15602384,Garcia,650,France,Male,55,3,68333.73,2,0,0,45902.27,1
2386,15602385,Lee,604,Germany,Male,42,7,0.0,2,1,1,143763.11,0
2387,15602386,Moore,417,France,Female,71,10,34092.66,1,1,0,136832.81,1
2388,15602387,Robinson,767,Germany,Male,79,3,0.0,2,1,0,26740.85,0
2389,15602388,Lee,678,Germany,Female,43,7,98746.33,1,1,1,172704.68,0
2390,15602389,Robinson,606,Germany,Male,47,9,0.0,1,1,0,12040.49,1
2391,15602390,Thomas,564,France,Female,68,3,0.0,1,1,0,947.93,1
2392,15602391,Anderson,803,France,Female,61,8,0.0,1,1,1,161085.03,0
2393,15602392,Robinson,547,France,Female,51,0,60957.96,4,1,0,129607.86,1
2394,15602393,Johnson,614,France,Female,69,5,0.0,1,1,1,38002.41,0
2395,15602394,White,704,Spain,Female,37,0,82424.02,2,1,0,144881.22,0
2396,15602395,Jones,789,France,Male,29,5,153120.13,2,0,1,175862.93,0
2397,15602396,Robinson,629,France,Female,41,3,43473.5,2,0,0,35295.83,0
2398,15602397,Brown,579,France,Male,44,7,94357.57,1,0,0,66992.91,0
2399,15602398,Clark,639,Germany,Male,43,7,165522.29,2,1,1,164335.1,0
2400,15602399,Johnson,736,Germany,Male,33,8,159197.39,1,1,1,152436.86,0
2401,15602400,Miller,758,France,Female,48,6,154195.04,1,0,1,121250.83,0
2402,15602401,Thomas,517,France,Male,59,10,83567.2,2,1,1,77939.93,0
2403,15602402,Thomas,661,France,Male,64,7,90330.4,2,1,0,83109.48,0
2404,15602403,Davis,512,France,Male,62,10,81358.11,2,1,1,86486.31,0
2405,15602404,Lopez,734,Germany,Female,67,2,137821.41,2,0,1,184878.69,1
2406,15602405,Clark,690,Germany,Male,58,9,0.0,2,1,1,104439.2,0
2407,15602406,Hernandez,561,France,Male,46,3,137524.25,2,1,1,102147.54,0
2408,15602407,Lewis,797,France,Male,36,3,37963.9,2,1,1,73299.58,0
2409,15602408,Clark,682,Spain,Female,35,5,0.0,1,1,0,127774.7,0
2410,15602409,Taylor,671,France,Female,54,6,136925.91,2,1,1,110744.6,0
2411,15602410,Moore,632,Germany,Female,43,8,0.0,2,1,1,130884.9,0
2412,15602411,Clark,649,France,Female,53,9,133869.17,2,1,1,188245.32,0
2413,15602412,Jones,613,France,Male,40,5,123762.32,2,1,0,161029.93,0
2414,15602413,Garcia,578,France,Female,70,1,0.0,2,0,1,12578.06,0
2415,15602414,White,767,Germany,Male,48,9,0.0,2,1,0,196673.15,0
2416,15602415,Harris,602,Spain,Male,49,9,182051.54,2,1,1,48857.0,0
2417,15602416,Garcia,599,France,Male,50,6,208249.02,2,1,1,128670.52,0
2418,15602417,Jackson,637,France,Female,28,9,74908.05,2,1,1,124140.13,0
2419,15602418,Anderson,786,France,Female,68,8,156110.56,2,1,1,8992.35,0
2420,15602419,Lee,758,France,Male,41,7,202946.81,2,1,1,197322.09,0
2421,15602420,Thompson,612,France,Female,51,3,93860.56,2,1,1,86138.41,0
2422,15602421,Jones,767,France,Male,53,1,0.0,2,1,1,162183.43,1
2423,15602422,Davis,660,Spain,Male,44,7,46340.65,1,1,1,76691.49,0
2424,15602423,Martin,569,France,Male,60,5,241083.57,1,1,0,74744.46,1
2425,15602424,White,604,France,Female,66,7,0.0,1,1,1,133104.79,1
2426,15602425,Hernandez,781,Spain,Female,35,10,38928.84,1,0,0,68227.14,0
2427,15602426,Smith,849,France,Male,61,8,145613.94,1,1,0,86037.07,0
2428,15602427,Anderson,680,Spain,Female,34,2,83553.06,2,1,0,95026.08,0
2429,15602428,Lee,595,France,Male,44,7,4028.23,1,0,1,86300.55,0
2430,15602429,Williams,638,Spain,Female,46,9,0.0,2,0,0,61807.65,0
2431,15602430,Robinson,576,Germany,Female,46,7,0.0,2,0,1,158756.47,0
2432,15602431,Davis,590,Spain,Male,69,4,73229.64,1,0,1,160432.1,0
2433,15602432,Robinson,581,Spain,Female,47,5,85191.48,2,1,1,155460.07,0
2434,15602433,Sanchez,642,France,Female,47,4,67666.38,2,1,0,4079.44,0
2435,15602434,Taylor,661,Spain,Male,39,5,93149.12,2,0,1,103556.97,0
2436,15602435,Thompson,635,France,Female,56,0,163003.21,1,0,0,161626.95,1
2437,15602436,Johnson,628,France,Male,50,9,81404.6,1,1,0,1347.61,0
2438,15602437,Anderson,723,France,Male,58,9,0.0,1,0,1,47630.79,1
2439,15602438,Harris,627,Germany,Male,39,9,107022.77,1,0,0,105780.11,0
2440,15602439,Martinez,634,France,Male,77,1,22346.22,1,1,0,75775.74,1
2441,15602440,Lewis,633,Germany,Female,62,7,128702.21,2,0,0,157525.92,0
2442,15602441,Lopez,798,Germany,Female,92,0,90592.09,1,1,1,110923.9,1
2443,15602442,Miller,602,Spain,Female,53,8,0.0,1,1,1,139665.34,0
2444,15602443,Lewis,707,Spain,Male,65,6,0.0,1,1,0,6022.96,0
2445,15602444,Johnson,578,France,Male,78,0,0.0,2,0,1,27363.29,0
2446,15602445,Lopez,683,France,Male,56,4,251102.33,1,1,1,101536.84,1
2447,15602446,Taylor,702,France,Male,50,1,107255.95,2,1,0,164776.12,0
2448,15602447,Jackson,754,France,Female,47,10,0.0,1,1,0,13720.21,0
2449,15602448,Gonzalez,613,France,Female,49,0,0.0,2,1,1,3839.38,0
2450,15602449,Harris,543,France,Male,54,0,267.23,1,0,1,129571.55,0
2451,15602450,Harris,574,France,Female,50,4,70370.09,1,1,1,91210.96,0
2452,15602451,Ramirez,742,Spain,Female,61,3,214860.3,2,0,0,59291.1,0
2453,15602452,Martinez,849,Germany,Male,72,4,52314.29,2,1,0,29401.65,1
2454,15602453,Anderson,730,France,Female,40,5,126847.68,2,1,1,58825.44,0
2455,15602454,Martin,528,Germany,Male,40,0,95161.03,2,1,1,52802.91,0
2456,15602455,Moore,726,France,Male,47,1,113537.19,1,0,0,10639.83,0
2457,15602456,Garcia,559,France,Male,35,1,0.0,1,1,0,120128.72,0
2458,15602457,Rodriguez,616,Germany,Male,75,4,0.0,2,1,1,170982.0,0
2459,15602458,Sanchez,667,France,Male,67,9,0.0,1,1,0,145396.25,0
2460,15602459,Thompson,684,France,Male,50,8,0.0,1,1,1,123493.44,0
2461,15602460,Johnson,656,Spain,Male,51,6,175872.76,1,0,1,59929.8,0
2462,15602461,Taylor,592,Spain,Female,56,9,39880.09,2,1,0,105410.73,0
2463,15602462,Johnson,751,Germany,Female,44,3,156692.49,1,1,0,54765.94,1
2464,15602463,Ramirez,599,Germany,Female,48,4,0.0,2,0,0,30246.89,1
2465,15602464,Clark,770,Germany,Male,44,10,30414.84,1,1,0,18875.81,1
2466,15602465,Gonzalez,519,France,Male,53,6,0.0,2,1,0,16721.19,0
2467,15602466,Davis,670,France,Male,53,9,0.0,1,1,1,92746.04,0
2468,15602467,Jones,532,France,Male,51,8,0.0,2,1,0,144119.31,0
2469,15602468,Jones,569,France,Female,65,9,159400.97,1,1,1,93714.13,0
2470,15602469,Lewis,600,Germany,Female,51,6,17263.89,2,0,0,118487.65,1
2471,15602470,Moore,795,France,Female,51,10,0.0,2,1,1,113268.27,0
2472,15602471,Jones,775,Spain,Female,38,1,109985.0,2,0,0,61216.49,0
2473,15602472,Moore,733,Spain,Male,60,3,49513.45,1,0,1,184127.6,0
2474,15602473,Clark,653,Germany,Male,54,9,0.0,2,0,1,147151.51,0
2475,15602474,Jackson,668,Germany,Female,62,3,133694.54,1,1,1,144487.31,0
2476,15602475,Martin,771,Spain,Male,43,10,96309.32,2,1,0,101444.32,0
2477,15602476,Lee,717,France,Male,41,8,0.0,1,1,1,37960.39,0
2478,15602477,Jackson,651,Spain,Male,49,7,174072.41,2,1,1,86007.83,0
2479,15602478,Lee,792,France,Male,34,5,102549.98,2,0,1,44823.78,0
2480,15602479,Jackson,728,Spain,Male,77,7,66729.01,1,0,0,37864.8,0
2481,15602480,Williams,673,France,Female,49,6,104100.37,1,0,1,20221.01,0
2482,15602481,Thomas,605,Spain,Female,31,7,0.0,1,1,0,53559.53,0
2483,15602482,Garcia,597,Spain,Male,46,6,118298.92,1,1,1,134869.9,0
2484,15602483,Harris,617,France,Male,50,1,0.0,1,1,0,154894.12,0
2485,15602484,Clark,693,France,Female,72,10,0.0,2,1,0,186978.21,0
2486,15602485,Davis,730,Spain,Male,53,5,0.0,3,1,0,99071.93,1
2487,15602486,Martinez,511,France,Male,38,3,82839.61,2,1,0,131202.65,0
2488,15602487,Jones,463,Spain,Male,57,3,134438.33,1,1,0,188911.96,0
2489,15602488,Rodriguez,558,Germany,Male,53,9,167530.39,2,1,0,134392.52,1
2490,15602489,Jackson,610,France,Female,50,5,0.0,1,1,0,142170.66,0
2491,15602490,Thomas,764,France,Female,48,7,235078.86,1,0,0,156127.41,1
2492,15602491,Smith,623,France,Male,64,4,82579.35,2,1,1,48825.24,0
2493,15602492,Clark,674,Spain,Male,52,2,0.0,1,1,1,154575.25,0
2494,15602493,Lewis,690,France,Male,51,0,110103.21,3,0,0,178395.78,1
2495,15602494,Williams,551,Germany,Male,68,4,63202.71,1,0,0,13257.32,1
2496,15602495,Robinson,790,France,Female,62,2,0.0,2,0,1,181518.75,0
2497,15602496,Gonzalez,586,Germany,Female,57,2,0.0,2,1,1,60476.94,0
2498,15602497,Taylor,799,Spain,Male,45,3,87804.01,2,1,1,172003.05,0
2499,15602498,Robinson,637,Spain,Female,49,8,41124.13,3,1,0,10062.46,1
2500,15602499,Wilson,617,France,Female,51,3,0.0,1,1,0,184809.28,0
2501,15602500,Martin,543,Spain,Female,39,4,0.0,1,1,1,63561.15,0
2502,15602501,Johnson,668,Spain,Male,47,9,117599.11,2,0,1,154577.47,0
2503,15602502,Ramirez,850,Germany,Male,53,4,0.0,1,1,0,17628.98,0
2504,15602503,Thompson,689,Spain,Female,59,0,109627.34,1,1,1,161863.6,0
2505,15602504,Taylor,675,France,Male,59,6,75973.24,2,0,0,70241.29,0
2506,15602505,Jones,586,France,Female,36,1,83340.04,2,1,1,178217.24,0
2507,15602506,Davis,706,Spain,Female,48,5,0.0,2,1,0,103087.49,0
2508,15602507,Jones,665,France,Female,44,10,0.0,1,1,0,181625.03,0
2509,15602508,Perez,643,Spain,Male,35,3,28182.36,1,1,1,103678.66,0
2510,15602509,Miller,697,Spain,Female,51,4,0.0,2,1,1,174067.92,0
2511,15602510,Smith,475,France,Male,47,4,0.0,2,1,0,101786.04,0
2512,15602511,Taylor,640,Spain,Female,52,3,114899.82,1,1,0,86960.02,1
2513,15602512,Sanchez,535,France,Male,59,1,0.0,2,1,1,151853.55,0
2514,15602513,Rodriguez,652,Germany,Male,57,7,85352.57,1,0,1,71722.68,0
2515,15602514,Lewis,580,Germany,Female,80,0,43408.93,1,1,0,148281.54,1
2516,15602515,Clark,587,Spain,Male,54,8,0.0,2,1,0,88799.2,0
2517,15602516,Martinez,521,France,Male,71,5,0.0,2,1,1,37365.12,0
2518,15602517,White,757,France,Female,41,3,84730.51,1,0,0,195167.26,0
2519,15602518,Wilson,584,Germany,Male,56,5,112347.38,1,1,1,54652.14,1
2520,15602519,Martinez,590,Germany,Female,45,10,153530.43,1,1,0,71975.95,1
2521,15602520,Miller,796,Germany,Male,49,8,31813.04,2,1,0,105450.12,0
2522,15602521,Ramirez,704,France,Female,63,8,0.0,2,0,0,160254.65,0
2523,15602522,Martin,454,France,Female,49,2,0.0,1,0,0,91311.85,1
2524,15602523,Lopez,782,France,Male,66,7,179961.63,1,1,0,48174.45,1
2525,15602524,Thomas,808,Spain,Male,45,0,87160.56,2,1,0,137050.43,0
2526,15602525,Johnson,799,France,Female,41,8,0.0,2,1,0,155580.66,0
2527,15602526,Lewis,714,France,Male,55,6,71644.45,1,1,1,161223.44,0
2528,15602527,Thomas,544,Spain,Male,55,9,131511.1,1,1,1,107404.52,0
2529,15602528,Perez,645,France,Female,48,6,19419.17,2,1,0,137606.51,0
2530,15602529,Martin,510,Spain,Male,60,5,0.0,1,0,1,68950.47,0
2531,15602530,Rodriguez,566,Germany,Male,34,0,105179.61,3,0,0,29036.07,1
2532,15602531,Johnson,543,Spain,Female,42,1,81639.41,1,1,0,30430.97,0
2533,15602532,Johnson,589,France,Male,57,10,59404.49,2,0,1,8598.58,0
2534,15602533,Perez,665,France,Male,50,2,154510.02,1,1,1,46827.98,0
2535,15602534,Ramirez,607,Germany,Male,45,0,83382.26,1,1,0,131898.28,1
2536,15602535,Thomas,603,Spain,Female,54,4,188163.75,1,1,0,181753.79,1
2537,15602536,Robinson,622,Germany,Female,64,10,0.0,2,1,0,158592.64,1
2538,15602537,Martinez,793,France,Female,56,4,178839.23,1,1,1,153286.83,0
2539,15602538,Jackson,850,Spain,Male,62,5,84228.53,1,1,1,181882.67,0
2540,15602539,Lewis,606,Spain,Male,57,6,0.0,2,1,1,45589.63,0
2541,15602540,Miller,682,Germany,Male,68,9,109889.13,2,1,0,11803.83,1
2542,15602541,White,569,Spain,Male,47,8,79564.8,3,1,1,84002.73,1
2543,15602542,Perez,723,Spain,Female,65,6,32439.95,2,1,0,75333.86,1
2544,15602543,Thomas,604,Germany,Male,37,5,234688.26,1,0,0,119483.34,0
2545,15602544,Anderson,581,France,Male,40,8,0.0,1,0,0,96559.41,0
2546,15602545,Garcia,842,France,Male,60,1,0.0,1,0,1,149664.69,0
2547,15602546,Sanchez,519,France,Female,40,5,165595.9,2,1,0,159283.71,1
2548,15602547,Ramirez,414,France,Female,48,4,53081.2,1,1,0,115420.57,0
2549,15602548,Anderson,720,France,Female,68,5,0.0,2,1,1,41578.21,0
2550,15602549,Clark,614,France,Female,41,9,122941.29,1,1,1,175692.45,0
2551,15602550,Gonzalez,587,France,Male,63,0,69483.75,1,0,0,52872.55,0
2552,15602551,Wilson,850,France,Male,48,10,48933.85,2,1,1,153079.72,0
2553,15602552,Smith,720,Spain,Male,40,4,64044.9,1,1,0,101614.08,0
2554,15602553,Hernandez,644,Spain,Female,52,7,0.0,2,1,1,111346.43,0
2555,15602554,Robinson,582,France,Female,67,2,0.0,2,1,1,32240.8,1
2556,15602555,Gonzalez,692,Spain,Male,39,2,85349.18,1,0,0,114128.21,0
2557,15602556,Rodriguez,483,Germany,Female,39,10,23290.83,2,0,1,166943.42,0
2558,15602557,Davis,600,France,Female,59,6,183418.84,1,1,1,87419.03,0
2559,15602558,Thompson,646,France,Female,46,6,88209.96,1,0,0,64724.53,0
2560,15602559,White,670,Germany,Female,80,1,170336.28,2,1,0,53809.75,1
2561,15602560,Gonzalez,636,Spain,Female,55,7,0.0,2,1,1,94435.59,0
2562,15602561,Rodriguez,583,Germany,Male,64,4,0.0,3,1,0,49305.95,1
2563,15602562,Davis,738,France,Female,55,8,0.0,2,0,0,87743.3,0
2564,15602563,Garcia,491,France,Female,40,0,133406.33,2,1,0,99449.44,0
2565,15602564,Hernandez,623,France,Male,43,10,0.0,2,0,0,34161.25,0
2566,15602565,Lewis,600,France,Female,44,3,91401.71,2,1,1,171111.83,0
2567,15602566,Thomas,747,France,Female,58,7,0.0,2,0,0,144132.18,0
2568,15602567,Sanchez,605,France,Male,52,8,32775.09,3,1,0,163495.21,1
2569,15602568,Miller,692,Spain,Female,35,8,0.0,1,0,0,172626.93,0
2570,15602569,Davis,681,Spain,Male,60,9,136336.49,1,1,1,101907.64,0
2571,15602570,Martinez,473,France,Female,84,10,128184.83,1,1,1,176804.15,1
2572,15602571,Clark,643,Spain,Female,41,0,0.0,2,0,1,119062.94,0
2573,15602572,Brown,482,France,Male,42,0,100094.02,2,1,1,192041.16,0
2574,15602573,Williams,683,France,Male,45,6,18014.74,2,1,0,85920.59,0
2575,15602574,Perez,579,France,Female,50,10,7186.09,1,0,1,155602.11,0
2576,15602575,Davis,763,Germany,Male,42,5,0.0,2,1,0,70061.07,0
2577,15602576,Jones,632,Spain,Male,68,6,0.0,2,1,0,25560.51,0
2578,15602577,White,576,Germany,Male,74,7,113001.07,1,1,0,172631.65,1
2579,15602578,Ramirez,765,France,Male,53,10,0.0,2,1,0,139763.37,0
2580,15602579,Sanchez,566,Germany,Male,51,5,53212.19,1,1,1,116532.26,1
2581,15602580,Sanchez,735,France,Female,36,9,174193.37,2,1,0,190151.64,0
2582,15602581,Clark,694,Spain,Female,40,9,0.0,1,1,1,157715.93,0
2583,15602582,Wilson,614,Germany,Female,33,9,60673.13,2,0,1,14457.54,0
2584,15602583,Clark,521,France,Female,45,6,0.0,1,0,1,8607.2,0
2585,15602584,Martinez,769,Germany,Male,47,10,0.0,1,0,0,115432.53,1
2586,15602585,Clark,698,Germany,Male,59,6,0.0,1,0,1,91237.67,0
2587,15602586,Robinson,575,France,Male,53,6,0.0,2,1,1,10246.59,0
2588,15602587,Thomas,673,Germany,Female,43,1,61379.53,2,1,1,19604.54,0
2589,15602588,Clark,746,France,Female,60,2,41880.27,2,1,1,68342.4,0
2590,15602589,Ramirez,660,Germany,Female,88,9,81894.43,1,0,0,85510.26,1
2591,15602590,Sanchez,672,Spain,Female,60,8,0.0,2,1,1,144396.86,0
2592,15602591,Lewis,749,Spain,Female,46,0,63086.57,1,1,1,153537.62,0
2593,15602592,Martinez,797,Germany,Male,55,7,0.0,1,1,0,106671.52,1
2594,15602593,Martin,638,Germany,Male,41,6,148058.77,2,0,1,29299.49,0
2595,15602594,White,521,France,Male,40,5,117787.75,2,1,1,71107.58,0
2596,15602595,Jackson,524,Spain,Male,76,0,0.0,2,1,1,161519.19,1
2597,15602596,Jones,583,France,Female,55,8,90861.26,2,0,0,182638.03,0
2598,15602597,Johnson,560,France,Male,65,1,0.0,1,1,1,60881.86,0
2599,15602598,Smith,488,France,Female,49,9,189480.34,1,1,0,11184.63,0
2600,15602599,Thomas,827,France,Female,40,4,0.0,1,1,0,55309.14,0
2601,15602600,Moore,700,Germany,Male,39,8,160706.24,1,1,0,164249.86,1
2602,15602601,Perez,599,France,Male,43,7,228472.29,1,1,1,79615.29,0
2603,15602602,Thompson,646,Germany,Male,56,9,0.0,1,0,0,26643.08,1
2604,15602603,Jackson,478,France,Male,37,3,0.0,2,1,1,137416.06,0
2605,15602604,Harris,761,France,Female,52,7,117871.09,2,1,0,166367.07,0
2606,15602605,Garcia,462,Germany,Male,58,8,102526.79,1,1,1,126536.55,0
2607,15602606,Thomas,698,France,Female,40,10,40783.47,2,0,0,156106.94,0
2608,15602607,Perez,473,France,Female,65,4,113908.52,1,1,0,169145.75,1
2609,15602608,Anderson,610,Germany,Female,88,0,0.0,2,1,0,54887.29,1
2610,15602609,Lewis,769,France,Female,63,10,0.0,1,0,1,138322.71,1
2611,15602610,Anderson,493,Spain,Male,50,5,0.0,1,0,0,163667.11,0
2612,15602611,Thomas,635,France,Male,44,3,146015.15,2,0,1,2489.35,0
2613,15602612,Miller,710,France,Male,55,5,0.0,1,1,0,162657.1,0
2614,15602613,Robinson,694,Germany,Male,55,0,0.0,1,1,1,141211.5,0
2615,15602614,Jackson,656,France,Female,52,3,143300.68,4,1,1,110775.34,1
2616,15602615,Sanchez,697,France,Female,56,4,34977.44,2,1,1,779.23,0
2617,15602616,Harris,591,France,Male,42,5,93723.45,1,1,1,18312.09,0
2618,15602617,Thomas,835,France,Male,60,4,118562.88,2,1,1,70876.16,0
2619,15602618,Hernandez,495,Spain,Male,38,1,158373.14,2,0,1,36387.32,0
2620,15602619,Brown,761,France,Female,38,2,0.0,1,0,0,35646.27,0
2621,15602620,Garcia,668,Spain,Female,34,4,102158.52,1,0,0,60496.97,0
2622,15602621,Miller,709,Spain,Female,59,10,78053.03,2,1,1,1588.37,0
2623,15602622,Rodriguez,726,France,Female,56,6,97091.4,2,1,1,22997.23,1
2624,15602623,Clark,703,Spain,Male,51,3,0.0,2,1,0,85000.18,0
2625,15602624,Brown,572,France,Male,45,10,0.0,2,1,1,133841.92,0
2626,15602625,Wilson,622,Spain,Male,47,5,184683.16,2,1,1,93218.11,0
2627,15602626,Perez,510,France,Male,41,8,5335.68,2,0,0,196117.12,0
2628,15602627,Perez,621,Germany,Female,55,9,164473.4,2,0,1,6441.67,0
2629,15602628,Lee,680,France,Female,33,6,0.0,1,0,1,137898.56,0
2630,15602629,Wilson,708,France,Female,35,2,120008.93,1,1,1,129263.01,0
2631,15602630,Harris,687,Germany,Male,42,10,291676.71,2,1,1,136705.43,0
2632,15602631,Lee,481,Germany,Male,53,4,81330.23,2,1,1,83333.1,0
2633,15602632,Jackson,596,France,Male,51,8,0.0,2,0,0,76059.89,0
2634,15602633,Taylor,586,France,Male,69,4,247512.82,1,1,1,173679.28,0
2635,15602634,Martinez,524,Germany,Female,49,2,0.0,1,1,0,31524.98,0
2636,15602635,Jones,569,Germany,Male,62,7,0.0,1,1,0,60912.15,0
2637,15602636,Rodriguez,650,Spain,Female,53,6,146377.37,2,1,0,30106.03,0
2638,15602637,Ramirez,785,Spain,Female,33,4,113499.96,1,0,1,25579.35,0
2639,15602638,Rodriguez,558,Spain,Male,40,4,17200.03,2,1,1,79966.81,0
2640,15602639,Gonzalez,541,Germany,Female,41,0,147820.11,2,1,1,183830.34,0
2641,15602640,Taylor,592,France,Male,43,7,0.0,2,1,0,181789.87,0
2642,15602641,Harris,682,France,Female,47,5,0.0,1,1,0,132556.24,0
2643,15602642,Johnson,767,Spain,Female,65,4,137667.19,1,1,1,99717.38,0
2644,15602643,Wilson,641,Germany,Female,49,6,158224.82,2,0,0,115771.67,0
2645,15602644,Ramirez,511,France,Male,45,1,16862.1,2,1,0,129221.61,0
2646,15602645,Jones,531,France,Male,63,2,5722.64,1,0,1,99885.57,0
2647,15602646,Rodriguez,668,Spain,Male,62,8,0.0,2,0,0,105791.26,0
2648,15602647,Robinson,745,Germany,Male,32,4,0.0,2,1,0,161097.0,0
2649,15602648,Lee,824,France,Female,50,5,65951.32,2,1,0,168025.76,1
2650,15602649,Ramirez,536,France,Female,67,7,0.0,2,0,0,104378.81,1
2651,15602650,Johnson,663,France,Male,49,2,161197.73,2,1,1,115670.8,0
2652,15602651,Martinez,551,France,Male,41,0,65259.53,2,1,0,34791.35,0
2653,15602652,Williams,563,France,Male,61,3,0.0,1,1,0,74864.9,1
2654,15602653,Davis,555,France,Male,40,1,88819.54,3,0,0,108637.91,1
2655,15602654,Martinez,617,Spain,Male,53,8,113783.42,1,1,1,87812.2,0
2656,15602655,Brown,565,France,Male,49,3,26418.2,2,1,1,153642.83,0
2657,15602656,Gonzalez,850,Spain,Female,36,8,0.0,1,0,0,43337.09,0
2658,15602657,Johnson,605,Spain,Male,64,6,0.0,2,1,1,45715.79,0
2659,15602658,Sanchez,744,France,Male,56,6,0.0,1,1,0,185197.66,0
2660,15602659,Moore,586,Germany,Female,70,0,0.0,1,1,1,22745.83,0
2661,15602660,Rodriguez,850,France,Male,50,1,0.0,1,0,1,47680.72,0
2662,15602661,Clark,682,Spain,Female,41,6,88595.56,1,0,0,148048.68,0
2663,15602662,Sanchez,730,France,Female,37,4,131171.82,1,1,1,105073.9,0
2664,15602663,Johnson,593,Germany,Female,63,6,115695.64,2,0,0,24297.24,0
2665,15602664,Taylor,743,Germany,Male,41,2,95107.28,1,0,1,129096.79,1
2666,15602665,Clark,682,France,Male,88,7,222186.5,1,1,1,44179.4,0
2667,15602666,Taylor,613,France,Female,77,3,0.0,1,1,0,38224.81,0
2668,15602667,Martinez,546,Germany,Female,52,7,0.0,1,1,1,56718.6,0
2669,15602668,Jones,627,Germany,Male,48,5,0.0,1,1,0,75288.2,1
2670,15602669,Ramirez,618,France,Male,43,8,91815.0,1,0,0,180614.67,0
2671,15602670,Taylor,733,Germany,Male,44,5,0.0,2,1,1,101657.57,0
2672,15602671,Rodriguez,627,France,Male,83,3,74486.83,2,1,0,34162.51,1
2673,15602672,Miller,465,Germany,Female,46,2,116300.64,2,1,0,193779.77,1
2674,15602673,White,712,France,Male,56,3,0.0,2,1,1,76619.68,0
2675,15602674,Moore,774,Spain,Male,57,10,0.0,1,1,0,187978.33,0
2676,15602675,Lee,490,France,Female,64,6,227777.94,1,1,1,73765.25,1
2677,15602676,Martinez,823,France,Male,55,7,0.0,2,0,0,17289.23,1
2678,15602677,Sanchez,784,France,Female,51,1,187766.92,2,1,1,127261.05,0
2679,15602678,Jones,589,France,Female,42,8,133399.91,2,0,0,187554.06,0
2680,15602679,Gonzalez,542,Germany,Male,57,6,0.0,2,0,0,140268.46,1
2681,15602680,White,751,France,Female,54,6,0.0,2,1,1,8181.64,0
2682,15602681,Jones,518,Spain,Female,46,9,0.0,1,0,0,51210.14,0
2683,15602682,Taylor,585,France,Male,56,3,78602.23,1,1,1,114366.93,0
2684,15602683,Wilson,523,France,Male,50,6,132310.0,1,1,0,1150.23,1
2685,15602684,Sanchez,650,France,Male,54,1,104630.47,1,1,1,107220.56,0
2686,15602685,Martin,790,France,Female,60,10,0.0,1,1,1,160246.05,0
2687,15602686,Gonzalez,685,France,Female,53,9,0.0,1,0,0,197570.71,0
2688,15602687,Perez,747,France,Male,61,2,67875.49,1,1,0,106919.55,0
2689,15602688,Lee,616,France,Female,52,1,0.0,1,0,1,135917.25,0
2690,15602689,Robinson,659,France,Male,64,4,100369.5,3,1,1,30774.95,1
2691,15602690,Gonzalez,532,Germany,Female,47,0,97218.47,2,1,1,23514.11,0
2692,15602691,Brown,640,Germany,Female,41,1,0.0,1,1,0,128603.75,0
2693,15602692,Davis,578,France,Male,54,10,133065.13,2,1,1,32038.18,0
2694,15602693,Perez,634,France,Female,74,5,0.0,1,0,0,152689.3,1
2695,15602694,Anderson,628,Spain,Female,62,5,0.0,2,1,1,138609.32,0
2696,15602695,Thomas,619,Germany,Female,74,7,160217.5,2,1,0,74386.78,1
2697,15602696,Harris,850,Germany,Male,46,8,165512.94,2,1,0,133664.81,0
2698,15602697,Thomas,819,France,Female,51,8,25660.06,2,1,1,74284.16,0
2699,15602698,Gonzalez,785,Spain,Female,41,6,150946.54,2,1,1,123820.41,0
2700,15602699,Brown,822,Spain,Male,39,9,122839.15,2,0,0,131963.86,0
2701,15602700,Smith,786,Germany,Male,71,0,0.0,1,0,0,142141.96,1
2702,15602701,Wilson,647,Spain,Male,69,3,226158.57,2,1,0,105271.68,0
2703,15602702,Sanchez,638,France,Female,58,6,22165.11,1,0,0,74041.79,0
2704,15602703,Hernandez,672,France,Female,46,1,46796.21,1,1,1,123467.59,0
2705,15602704,Miller,629,Spain,Male,60,8,96271.64,1,1,1,96267.26,0
2706,15602705,Hernandez,550,Spain,Female,68,0,187744.11,2,1,0,11921.02,0
2707,15602706,Williams,678,France,Male,76,8,66497.18,1,1,0,97933.91,1
2708,15602707,Moore,499,France,Female,37,6,28444.88,2,0,0,73381.14,0
2709,15602708,Brown,663,France,Male,48,9,0.0,2,1,0,11461.75,0
2710,15602709,Martinez,554,France,Male,47,5,0.0,1,1,1,21634.43,0
2711,15602710,Lopez,642,Spain,Male,49,6,110256.82,4,1,0,114258.17,1
2712,15602711,White,668,Germany,Male,57,1,58266.68,1,1,1,163464.06,0
2713,15602712,Martin,616,France,Female,34,9,62147.55,2,0,1,95243.66,0
2714,15602713,Clark,492,France,Female,46,1,0.0,1,1,1,9703.63,0
2715,15602714,Johnson,535,France,Male,47,2,14887.05,2,0,0,168401.92,0
2716,15602715,Lee,693,France,Male,52,5,158028.98,1,1,0,132905.61,1
2717,15602716,Taylor,596,Germany,Male,54,0,0.0,2,1,0,183127.95,0
2718,15602717,Ramirez,703,Spain,Female,49,10,0.0,2,1,1,198021.18,0
2719,15602718,Robinson,650,Spain,Female,80,3,0.0,1,1,0,169275.98,1
2720,15602719,Lewis,631,France,Male,50,7,120906.22,1,1,1,182080.12,0
2721,15602720,Jones,683,Spain,Female,57,7,78062.2,2,1,0,153696.87,0
2722,15602721,Robinson,585,Spain,Male,60,4,61019.04,1,1,0,183426.55,0
2723,15602722,Garcia,688,Spain,Female,42,6,113110.98,2,0,0,94191.89,0
2724,15602723,Garcia,609,France,Female,43,4,0.0,1,1,1,185108.76,0
2725,15602724,Clark,850,France,Female,60,3,105404.47,1,0,1,42481.97,0
2726,15602725,Clark,541,France,Female,69,5,86900.87,2,1,1,23648.39,0
2727,15602726,Martin,615,France,Female,76,7,147992.03,1,1,0,94393.13,1
2728,15602727,Perez,619,France,Female,42,9,0.0,2,1,0,51544.49,1
2729,15602728,Johnson,520,France,Female,64,0,132029.04,2,1,1,130955.15,0
2730,15602729,Moore,719,France,Male,51,2,0.0,1,1,0,163221.06,0
2731,15602730,Lee,608,Germany,Male,69,3,0.0,2,1,0,43344.36,1
2732,15602731,Garcia,421,France,Male,56,4,0.0,1,1,0,13956.79,1
2733,15602732,Thompson,716,France,Female,59,0,0.0,1,1,1,121598.79,0
2734,15602733,Johnson,588,Spain,Male,72,8,17624.68,1,1,1,131852.68,0
2735,15602734,Wilson,639,Spain,Male,74,7,0.0,2,0,0,116038.77,0
2736,15602735,Clark,714,Spain,Male,53,1,0.0,2,1,0,138230.15,1
2737,15602736,Brown,614,Spain,Male,36,4,190364.1,2,1,1,11536.42,0
2738,15602737,Taylor,614,Germany,Female,44,8,134403.76,1,0,1,136913.64,0
2739,15602738,Miller,850,Spain,Female,84,2,0.0,1,1,0,101822.21,0
2740,15602739,Ramirez,443,France,Female,59,4,0.0,2,1,1,57461.07,0
2741,15602740,Lee,526,France,Female,42,8,47041.89,1,1,1,88122.07,0
2742,15602741,Jackson,545,France,Female,45,5,55676.6,2,1,0,37343.08,0
2743,15602742,Lewis,821,France,Male,66,4,53013.7,3,1,1,4851.21,1
2744,15602743,Harris,588,France,Male,80,7,0.0,1,1,0,39326.2,1
2745,15602744,Harris,673,Germany,Female,52,4,0.0,2,1,1,101554.69,0
2746,15602745,Thomas,604,Spain,Male,69,8,0.0,1,0,0,88160.99,1
2747,15602746,Davis,707,Germany,Male,64,10,85615.39,1,1,0,191554.89,1
2748,15602747,Jackson,648,France,Female,56,2,64412.67,1,0,1,180172.29,1
2749,15602748,Robinson,674,Spain,Male,61,0,0.0,2,1,0,49147.19,0
2750,15602749,Gonzalez,773,Germany,Male,55,3,0.0,2,1,0,83955.36,0
2751,15602750,Perez,692,France,Male,70,6,0.0,1,1,1,193504.58,0
2752,15602751,Garcia,579,Germany,Male,62,2,152615.22,1,1,1,79863.51,0
2753,15602752,Ramirez,679,France,Male,37,9,53213.1,1,1,0,196247.7,0
2754,15602753,Perez,850,France,Male,50,7,63466.78,1,1,1,45822.99,0
2755,15602754,Rodriguez,704,Spain,Female,42,1,28650.04,1,1,1,120251.54,0
2756,15602755,Thomas,664,France,Female,53,8,0.0,1,1,1,151894.12,0
2757,15602756,Johnson,518,France,Male,49,2,206480.12,1,1,0,25611.76,0
2758,15602757,Jones,719,Spain,Female,45,10,92027.97,1,1,1,195745.2,0
2759,15602758,Miller,733,Germany,Male,40,5,137031.07,1,0,1,137333.92,0
2760,15602759,Rodriguez,680,France,Male,33,6,111033.98,2,1,1,13497.79,0
2761,15602760,Perez,660,France,Male,69,4,0.0,1,0,0,14294.74,0
2762,15602761,Lewis,850,France,Female,69,9,68744.87,1,0,1,60877.55,1
2763,15602762,Miller,732,Germany,Male,39,4,105988.55,1,1,0,193290.49,0
2764,15602763,Davis,769,France,Female,56,0,0.0,1,0,0,167223.37,0
2765,15602764,Moore,656,France,Female,36,3,63160.19,2,1,0,149245.11,0
2766,15602765,Johnson,637,Spain,Female,44,0,0.0,2,1,1,50502.79,0
2767,15602766,Miller,710,Germany,Female,48,8,46298.71,1,0,0,169817.25,1
2768,15602767,Thomas,637,France,Female,45,8,0.0,2,1,1,108537.27,0
2769,15602768,Lewis,645,Germany,Male,59,4,124665.4,1,1,1,197928.41,0
2770,15602769,Taylor,694,Germany,Male,30,4,9745.73,1,1,1,54501.66,0
2771,15602770,Taylor,600,France,Female,43,4,51022.33,1,1,0,176327.14,0
2772,15602771,Brown,671,France,Female,63,6,0.0,2,0,1,12144.18,1
2773,15602772,Wilson,657,Spain,Male,35,5,112510.21,1,1,0,164180.81,0
2774,15602773,White,742,France,Male,44,1,210945.74,2,0,0,114523.22,0
2775,15602774,Sanchez,591,Germany,Male,65,10,103115.44,2,1,0,93802.88,1
2776,15602775,Lopez,458,France,Male,82,9,0.0,2,1,1,44410.47,1
2777,15602776,Harris,620,France,Male,69,2,120187.99,2,1,0,33805.05,1
2778,15602777,White,688,France,Female,48,4,0.0,1,0,0,71814.04,1
2779,15602778,Martin,742,France,Female,82,6,0.0,2,1,1,32888.13,0
2780,15602779,Clark,583,France,Male,64,1,132754.65,1,0,0,47932.24,0
2781,15602780,Rodriguez,702,France,Female,40,10,0.0,2,1,1,197456.62,0
2782,15602781,Jones,758,Spain,Female,36,3,67033.09,1,0,1,168938.27,0
2783,15602782,Smith,722,Spain,Male,62,0,78933.02,1,1,1,8264.24,0
2784,15602783,Thomas,574,Spain,Male,50,6,137122.71,1,1,1,63742.65,0
2785,15602784,Smith,584,Spain,Male,39,10,153305.0,1,0,1,33056.54,1
2786,15602785,Rodriguez,691,France,Female,49,1,35511.1,1,1,1,36288.85,0
2787,15602786,Taylor,806,Spain,Male,66,7,144926.77,2,1,1,32603.26,1
2788,15602787,Thompson,651,France,Female,45,9,130187.78,2,0,0,113183.36,0
2789,15602788,Gonzalez,634,Spain,Male,44,10,59945.27,1,1,1,35049.56,0
2790,15602789,Lee,518,Spain,Male,49,0,188505.31,2,1,1,199234.23,0
2791,15602790,Ramirez,615,Germany,Male,51,1,0.0,1,0,0,38104.16,0
2792,15602791,Jones,581,Spain,Male,47,7,76290.97,2,1,1,173931.86,0
2793,15602792,Miller,652,Germany,Female,59,4,64386.14,2,1,0,158189.48,1
2794,15602793,Rodriguez,504,France,Female,61,4,77589.55,2,1,1,191753.74,0
2795,15602794,Ramirez,618,France,Male,50,10,98775.8,1,1,0,187947.96,1
2796,15602795,Ramirez,553,Germany,Female,44,6,3207.01,1,1,0,103808.32,0
2797,15602796,Davis,740,France,Female,46,3,51390.41,1,1,0,198854.68,0
2798,15602797,Robinson,567,Germany,Male,71,8,104486.52,1,1,1,181506.8,1
2799,15602798,Brown,595,Spain,Female,82,2,162606.72,1,0,1,96142.07,0
2800,15602799,Wilson,677,France,Male,38,7,45250.83,1,1,1,94625.69,0
2801,15602800,Brown,606,Spain,Female,40,2,0.0,2,1,0,145655.22,0
2802,15602801,White,850,Spain,Male,46,7,0.0,1,0,0,100866.21,1
2803,15602802,Brown,739,Spain,Female,72,0,0.0,1,0,1,180082.07,0
2804,15602803,Lewis,651,Spain,Male,47,9,0.0,2,1,1,21498.94,0
2805,15602804,Davis,685,Germany,Female,59,9,0.0,1,1,0,190124.31,1
2806,15602805,Johnson,423,Spain,Female,49,6,0.0,1,0,1,196839.13,0
2807,15602806,Smith,768,Spain,Male,46,0,99896.87,1,1,0,198384.54,0
2808,15602807,Robinson,699,France,Male,49,1,0.0,1,1,1,135657.07,0
2809,15602808,Thompson,642,France,Male,39,10,31592.24,1,1,0,4548.48,0
2810,15602809,Taylor,704,Germany,Female,61,10,109900.48,1,0,0,158911.53,1
2811,15602810,Martin,716,France,Male,44,0,58776.54,2,0,0,151697.47,0
2812,15602811,Moore,610,Germany,Female,45,9,74473.69,1,0,0,31405.34,1
2813,15602812,Brown,686,Germany,Male,43,2,66748.67,2,1,1,56856.26,0
2814,15602813,Rodriguez,750,France,Male,74,8,15076.54,2,0,1,40624.15,1
2815,15602814,Martin,693,Germany,Male,47,0,168180.86,1,1,1,183876.52,0
2816,15602815,Wilson,625,Spain,Male,54,2,153780.61,1,1,0,69371.5,0
2817,15602816,Thomas,678,France,Female,33,1,0.0,1,1,1,189288.81,0
2818,15602817,Miller,782,France,Female,30,4,67421.05,1,0,1,73493.78,0
2819,15602818,Thomas,725,France,Male,40,6,80390.54,2,1,0,73895.27,1
2820,15602819,Jones,538,France,Male,65,5,0.0,1,1,0,66104.13,0
2821,15602820,Smith,706,Spain,Male,53,9,0.0,2,1,1,167425.61,0
2822,15602821,Anderson,693,France,Female,76,4,123605.06,1,1,0,41780.36,1
2823,15602822,Rodriguez,761,Germany,Male,68,2,34705.28,2,1,0,137981.21,1
2824,15602823,Ramirez,653,France,Female,43,6,0.0,2,1,0,15757.13,0
2825,15602824,Lewis,614,France,Female,50,8,117849.12,1,1,0,199353.77,1
2826,15602825,Rodriguez,518,Spain,Male,70,1,0.0,2,0,0,96764.55,1
2827,15602826,Jackson,583,Germany,Female,48,5,0.0,1,0,1,24976.23,0
2828,15602827,Smith,765,France,Male,60,4,95767.39,1,1,0,91474.63,1
2829,15602828,Taylor,669,France,Male,38,8,0.0,2,1,0,15866.36,0
2830,15602829,Miller,640,France,Male,56,7,160262.85,1,1,1,136559.96,0
2831,15602830,Brown,774,France,Male,51,8,0.0,2,1,1,98319.63,0
2832,15602831,Williams,754,Germany,Male,43,6,95254.06,2,1,0,24902.19,1
2833,15602832,Jones,579,France,Male,50,4,64952.31,1,1,0,122019.03,1
2834,15602833,Taylor,765,France,Male,55,3,40722.1,1,1,1,58037.84,0
2835,15602834,Hernandez,490,France,Male,65,7,66665.31,1,1,1,188433.1,0
2836,15602835,Ramirez,694,Spain,Female,75,1,138132.88,1,1,0,131085.37,1
2837,15602836,Johnson,682,Spain,Female,62,0,0.0,1,1,1,81102.48,1
2838,15602837,Johnson,760,France,Male,69,2,0.0,1,1,1,27846.87,0
2839,15602838,Martin,686,Spain,Male,42,6,198186.22,1,0,1,139858.58,0
2840,15602839,Wilson,626,France,Male,40,0,47997.8,1,1,1,94554.21,0
2841,15602840,Clark,634,France,Female,59,4,100601.04,2,1,1,149816.8,0
2842,15602841,Ramirez,850,Spain,Female,39,4,138346.46,1,0,1,129761.16,0
2843,15602842,Thompson,657,Spain,Male,49,2,102852.75,1,0,1,124468.71,0
2844,15602843,Lee,707,Spain,Male,62,10,0.0,2,1,1,146889.81,0
2845,15602844,Miller,455,Germany,Male,72,0,0.0,1,1,1,71115.31,1
2846,15602845,Gonzalez,570,France,Male,56,4,47834.27,2,0,1,193473.87,1
2847,15602846,Lee,699,Spain,Female,41,7,122228.37,1,0,0,187245.92,0
2848,15602847,Thomas,495,France,Female,52,8,0.0,2,1,0,143471.98,0
2849,15602848,Thomas,702,Germany,Male,53,5,0.0,2,1,1,23948.26,0
2850,15602849,Wilson,580,France,Male,44,0,0.0,2,1,0,162748.4,1
2851,15602850,Miller,550,Germany,Male,36,4,0.0,2,1,0,64739.05,1
2852,15602851,Ramirez,580,France,Male,62,1,86800.69,1,1,0,26937.37,0
2853,15602852,Sanchez,796,France,Female,49,0,0.0,1,1,1,134337.84,0
2854,15602853,White,682,Spain,Male,60,2,16060.33,1,1,1,154728.92,0
2855,15602854,Robinson,562,France,Male,55,10,80237.0,2,1,1,171880.11,0
2856,15602855,White,724,Germany,Male,49,9,97669.61,4,0,0,23962.45,1
2857,15602856,Lopez,729,France,Female,48,4,110309.98,1,1,1,41180.71,0
2858,15602857,Thompson,613,France,Female,51,8,70493.51,2,1,1,180350.74,0
2859,15602858,Brown,742,France,Male,59,6,23278.93,2,0,1,44348.52,0
2860,15602859,Gonzalez,746,France,Male,31,5,134849.49,2,1,1,118378.71,0
2861,15602860,Martinez,731,Spain,Male,58,8,155198.16,1,0,1,37245.29,0
2862,15602861,Gonzalez,585,France,Female,57,5,47240.23,1,1,1,27084.18,0
2863,15602862,Sanchez,536,Spain,Male,62,10,168943.98,1,1,0,48071.07,1
2864,15602863,Robinson,487,Germany,Male,73,3,91881.99,1,1,0,45657.08,1
2865,15602864,Jones,587,France,Male,44,6,38054.49,2,1,1,39140.16,0
2866,15602865,Anderson,614,Germany,Female,37,1,94953.01,1,0,1,19435.35,0
2867,15602866,Johnson,622,Germany,Male,54,1,20076.76,1,1,1,14286.71,0
2868,15602867,Lee,645,Spain,Male,53,5,0.0,2,1,1,63291.6,0
2869,15602868,Johnson,816,France,Female,48,4,115881.02,1,1,0,65260.02,0
2870,15602869,Anderson,617,France,Female,57,5,31086.29,1,0,1,155992.82,0
2871,15602870,Sanchez,645,Spain,Female,45,1,21503.01,1,1,0,166174.54,0
2872,15602871,Ramirez,475,Spain,Female,49,1,0.0,1,1,0,30076.66,0
2873,15602872,Clark,850,Spain,Male,58,0,72526.89,2,1,0,158529.49,0
2874,15602873,Gonzalez,523,France,Male,48,1,0.0,2,1,1,53547.91,0
2875,15602874,Smith,582,Spain,Female,53,10,79188.71,1,1,1,99609.93,0
2876,15602875,Lee,716,France,Male,48,9,53723.23,1,0,0,17198.18,0
2877,15602876,Thompson,673,France,Female,41,6,161074.32,2,1,1,79662.28,0
2878,15602877,Lee,807,France,Female,62,1,0.0,1,1,1,10603.56,0
2879,15602878,Miller,719,Germany,Female,61,2,0.0,1,1,1,1371.94,1
2880,15602879,Williams,642,France,Male,60,10,66381.84,1,1,0,186463.31,0
2881,15602880,Perez,750,France,Female,50,5,52906.1,2,1,0,159717.72,0
2882,15602881,Thomas,761,Spain,Female,63,5,0.0,1,1,1,42567.41,0
2883,15602882,Williams,586,France,Female,64,9,0.0,4,1,1,56785.93,0
2884,15602883,Rodriguez,742,France,Male,70,10,0.0,1,1,1,25669.45,0
2885,15602884,Anderson,628,France,Male,50,8,0.0,2,1,1,30144.95,0
2886,15602885,Williams,640,Spain,Male,54,10,172282.61,2,1,0,116452.85,0
2887,15602886,Smith,663,Germany,Male,41,1,124327.55,1,0,1,115267.29,0
2888,15602887,Moore,613,France,Male,73,6,84354.9,1,1,1,112754.34,0
2889,15602888,Anderson,608,Spain,Female,48,0,17840.78,2,1,0,7390.28,0
2890,15602889,Johnson,744,Spain,Female,39,5,181822.4,2,1,1,137122.57,0
2891,15602890,Anderson,503,France,Female,71,8,10779.52,1,1,0,5154.77,0
2892,15602891,Wilson,548,Germany,Male,50,7,116885.18,1,1,1,198107.68,0
2893,15602892,Lewis,714,Spain,Male,80,5,38384.45,1,0,0,166153.37,1
2894,15602893,Taylor,643,Germany,Female,52,5,0.0,1,1,1,184920.24,0
2895,15602894,Lee,745,France,Male,44,5,0.0,2,1,0,159198.79,0
2896,15602895,White,684,Spain,Male,63,7,123820.75,1,1,1,63672.34,1
2897,15602896,Lopez,521,Germany,Male,49,1,74098.03,1,1,0,39182.61,0
2898,15602897,Jones,656,France,Female,60,10,41922.85,1,0,1,98405.53,0
2899,15602898,White,701,France,Female,45,8,3613.02,2,1,1,159098.45,0
2900,15602899,Thompson,672,France,Male,58,9,0.0,2,1,0,105182.27,0
2901,15602900,Taylor,605,France,Female,48,7,128413.79,2,1,0,60049.05,0
2902,15602901,Perez,623,Spain,Male,62,1,53731.48,1,1,0,52265.73,0
2903,15602902,White,596,France,Male,51,10,72315.3,2,1,0,96985.99,0
2904,15602903,Taylor,522,France,Female,54,7,0.0,2,1,1,79792.95,0
2905,15602904,Perez,509,Germany,Female,29,0,0.0,1,0,0,125175.16,1
2906,15602905,Wilson,687,France,Female,49,5,100984.13,1,1,0,2559.27,0
2907,15602906,Anderson,566,Spain,Female,51,5,0.0,1,1,1,126480.19,0
2908,15602907,Thomas,705,France,Female,61,8,94076.74,1,1,0,95030.27,0
2909,15602908,Jackson,592,France,Female,41,8,138629.19,1,0,0,160074.11,0
2910,15602909,Wilson,523,France,Female,55,4,0.0,2,1,0,57423.84,0
2911,15602910,Perez,610,France,Female,91,0,0.0,1,1,0,156944.74,1
2912,15602911,Hernandez,850,France,Female,68,10,95261.93,1,1,0,191253.82,1
2913,15602912,Martinez,640,Germany,Female,50,0,0.0,2,1,1,90768.22,0
2914,15602913,Johnson,712,Spain,Male,53,6,0.0,2,1,1,73068.75,0
2915,15602914,Lee,666,France,Female,47,10,0.0,2,0,1,171117.54,0
2916,15602915,Moore,515,Germany,Male,59,10,0.0,1,1,1,47122.88,0
2917,15602916,Smith,789,Germany,Male,39,3,146291.94,2,1,0,146553.96,1
2918,15602917,Perez,626,Spain,Female,48,8,0.0,1,1,1,114539.5,0
2919,15602918,Wilson,524,France,Male,44,2,4268.09,1,1,0,86276.46,0
2920,15602919,Sanchez,600,France,Male,47,5,127217.76,2,1,1,38438.53,0
2921,15602920,Hernandez,630,France,Female,55,8,45913.64,2,1,0,2677.29,0
2922,15602921,Moore,721,Germany,Male,32,3,0.0,2,0,0,107679.71,0
2923,15602922,Williams,584,Spain,Male,49,4,0.0,2,0,1,11594.86,0
2924,15602923,Lopez,850,France,Female,46,4,59302.15,2,1,1,21315.31,0
2925,15602924,Rodriguez,560,France,Male,65,4,0.0,2,0,1,120887.48,0
2926,15602925,Martin,708,Spain,Male,42,1,140469.62,1,0,0,48144.69,0
2927,15602926,Garcia,460,Spain,Male,55,10,141233.83,1,0,1,137846.5,0
2928,15602927,Garcia,638,Spain,Male,50,1,0.0,2,0,1,29622.6,0
2929,15602928,Martin,685,Spain,Female,66,0,92183.16,2,1,1,14097.51,0
2930,15602929,Anderson,542,France,Female,64,0,0.0,1,1,0,104801.79,0
2931,15602930,Martin,793,Germany,Male,76,3,0.0,2,0,0,47713.37,1
2932,15602931,Hernandez,691,Germany,Female,66,2,31391.8,1,0,1,85420.92,1
2933,15602932,Martinez,619,France,Male,56,3,6134.57,2,1,0,21848.3,0
2934,15602933,Robinson,690,Germany,Male,62,10,31491.64,2,1,0,58546.74,0
2935,15602934,Anderson,593,Germany,Female,49,5,0.0,2,0,0,11856.85,1
2936,15602935,Brown,770,France,Female,53,10,0.0,1,1,0,162149.75,0
2937,15602936,Perez,747,Spain,Female,54,0,0.0,1,1,0,878.97,0
2938,15602937,Taylor,685,Germany,Male,43,7,0.0,2,1,1,191915.68,0
2939,15602938,Ramirez,708,Spain,Male,70,7,65612.11,1,0,0,54461.6,0
2940,15602939,Taylor,508,France,Male,65,6,273833.13,2,1,0,15597.85,0
2941,15602940,Thompson,790,France,Male,71,10,181275.63,2,1,0,171041.1,0
2942,15602941,Smith,640,Germany,Female,50,10,0.0,2,1,1,133682.9,0
2943,15602942,Davis,748,France,Male,51,3,213608.38,1,1,0,170561.68,0
2944,15602943,Jackson,721,Germany,Female,45,7,0.0,2,0,1,109244.02,0
2945,15602944,Taylor,746,Spain,Male,40,8,112710.46,2,1,1,51549.21,0
2946,15602945,Sanchez,549,France,Male,61,4,103281.11,1,0,0,19718.72,1
2947,15602946,Martin,561,Germany,Male,41,5,62162.29,2,0,0,109418.28,1
2948,15602947,Perez,850,Germany,Male,40,9,0.0,1,0,0,129477.95,1
2949,15602948,Lopez,504,France,Female,60,7,165106.73,1,1,0,89370.74,1
2950,15602949,Moore,544,Spain,Male,54,4,174180.33,2,1,0,66486.28,0
2951,15602950,Rodriguez,654,Spain,Male,61,3,21365.74,1,1,1,169752.27,0
2952,15602951,Brown,654,Germany,Female,44,7,51290.59,1,1,1,128006.9,0
2953,15602952,Lopez,598,Germany,Female,78,2,113014.19,1,0,1,30305.59,0
2954,15602953,Johnson,709,France,Male,43,5,22793.35,1,1,0,183516.68,0
2955,15602954,Taylor,736,Spain,Male,46,8,0.0,2,1,0,34186.01,0
2956,15602955,Lewis,648,Germany,Female,44,5,14690.21,1,0,0,178436.02,0
2957,15602956,Wilson,624,Germany,Female,78,8,18509.48,2,1,1,8394.66,1
2958,15602957,Jones,647,Spain,Female,48,7,0.0,2,1,0,194172.76,1
2959,15602958,Jones,602,France,Male,42,8,0.0,2,1,1,100166.39,0
2960,15602959,Thompson,486,Spain,Female,89,9,155672.55,1,1,1,24634.35,1
2961,15602960,Jones,678,France,Male,74,8,0.0,2,1,1,21652.47,0
2962,15602961,Rodriguez,723,France,Male,68,7,89877.38,1,1,1,83590.21,0
2963,15602962,Garcia,635,France,Female,73,8,128424.82,1,1,1,84702.04,0
2964,15602963,Lee,432,Spain,Male,42,6,0.0,2,1,1,116194.74,0
2965,15602964,Jackson,595,Spain,Male,76,6,0.0,1,1,0,71457.4,1
2966,15602965,Gonzalez,736,Germany,Male,50,10,0.0,2,1,1,101846.51,0
2967,15602966,Brown,511,Germany,Male,56,3,108752.82,2,1,0,120846.53,1
2968,15602967,Garcia,716,Germany,Female,52,0,41482.44,2,1,1,172406.38,0
2969,15602968,Moore,607,Spain,Female,71,6,125331.66,1,0,0,191775.97,0
2970,15602969,Martin,648,France,Male,31,7,0.0,2,0,1,176636.1,0
2971,15602970,Robinson,584,France,Male,41,8,0.0,2,1,0,16369.43,0
2972,15602971,Robinson,540,France,Female,73,0,0.0,1,1,0,60283.67,1
2973,15602972,Lewis,787,Spain,Female,45,8,0.0,1,1,1,25959.84,0
2974,15602973,White,728,Germany,Male,70,6,0.0,1,1,0,118025.75,1
2975,15602974,Brown,711,France,Female,45,6,0.0,1,1,0,143321.79,0
2976,15602975,Jones,737,France,Female,49,2,0.0,1,1,1,142155.43,0
2977,15602976,Martinez,698,Spain,Male,80,0,0.0,2,1,0,91051.73,1
2978,15602977,Lee,740,France,Male,62,6,115622.91,2,1,0,121557.07,0
2979,15602978,Jackson,586,Germany,Male,54,9,185492.16,1,0,1,56027.73,0
2980,15602979,Miller,782,Spain,Female,59,7,156564.23,1,0,0,134718.12,0
2981,15602980,Garcia,773,France,Male,66,5,0.0,1,1,0,30993.29,1
2982,15602981,Thomas,686,France,Male,54,6,150863.6,1,1,0,20394.8,0
2983,15602982,Jones,622,Germany,Male,60,8,0.0,1,1,1,74708.16,0
2984,15602983,Thomas,532,Spain,Female,90,7,175807.56,2,1,1,156690.55,0
2985,15602984,Moore,671,Germany,Male,42,4,92640.32,1,0,0,52589.09,1
2986,15602985,Anderson,811,Spain,Female,54,10,62666.76,1,0,0,39750.48,0
2987,15602986,Taylor,538,France,Female,47,3,219069.53,1,1,0,181138.4,1
2988,15602987,Rodriguez,747,Germany,Male,43,10,134839.7,1,1,0,113838.77,0
2989,15602988,Clark,604,Germany,Male,54,3,159314.2,2,1,0,39097.3,1
2990,15602989,Williams,612,Spain,Male,43,3,23870.87,1,1,0,37398.38,1
2991,15602990,Davis,537,France,Female,42,1,192854.91,2,1,0,23580.41,1
2992,15602991,Sanchez,577,Spain,Male,51,9,0.0,1,1,0,24781.66,1
2993,15602992,Martin,712,Germany,Male,59,9,0.0,1,0,0,160562.81,0
2994,15602993,Martinez,724,France,Male,58,6,39330.43,2,1,0,160612.75,0
2995,15602994,Taylor,672,France,Male,51,7,93323.11,2,1,1,190725.28,0
2996,15602995,Lopez,601,Spain,Female,39,6,0.0,1,1,0,59490.46,0
2997,15602996,Johnson,544,France,Female,39,10,85531.3,1,1,1,114658.63,0
2998,15602997,Perez,655,France,Female,57,9,99131.73,2,1,1,107435.07,0
2999,15602998,Davis,614,France,Male,45,7,0.0,2,1,0,20440.24,1
3000,15602999,Lewis,670,Spain,Male,55,10,137257.22,1,1,0,104873.36,0
3001,15603000,Martinez,619,Germany,Female,53,10,0.0,2,1,1,42396.97,0
3002,15603001,Martin,621,Spain,Male,35,8,0.0,1,1,0,48700.75,0
3003,15603002,Williams,665,France,Female,74,7,45636.82,3,1,1,164220.52,0
3004,15603003,Harris,683,Germany,Male,38,4,0.0,1,1,1,59690.92,0
3005,15603004,Harris,767,Germany,Male,49,3,80868.06,2,1,0,155887.89,0
3006,15603005,Rodriguez,617,Spain,Female,40,4,23014.58,2,0,0,12653.11,0
3007,15603006,Wilson,702,Spain,Female,45,10,4969.0,2,0,0,108292.5,0
3008,15603007,Brown,823,France,Female,46,0,0.0,1,0,1,129274.36,0
3009,15603008,Lee,704,Germany,Male,47,4,0.0,1,1,1,157543.07,0
3010,15603009,Miller,761,France,Male,50,5,97138.33,2,1,1,152904.66,0
3011,15603010,Hernandez,590,Germany,Female,78,8,0.0,1,1,1,51996.91,1
3012,15603011,Martin,580,France,Female,43,8,0.0,2,1,1,129105.02,0
3013,15603012,Jones,634,France,Female,60,9,0.0,1,0,0,36117.04,1
3014,15603013,Robinson,644,France,Male,68,2,0.0,1,1,1,31932.6,0
3015,15603014,Anderson,752,Germany,Female,58,10,0.0,1,1,0,38951.62,0
3016,15603015,Miller,579,France,Female,72,7,48622.64,1,1,0,41480.45,1
3017,15603016,Johnson,641,Germany,Female,59,7,27824.19,1,1,1,30706.36,0
3018,15603017,Wilson,753,France,Male,58,8,0.0,1,0,1,66302.84,0
3019,15603018,Brown,670,France,Male,69,0,0.0,1,1,0,142486.9,0
3020,15603019,Lewis,648,Spain,Female,56,4,277149.84,2,1,0,157039.59,0
3021,15603020,Garcia,672,France,Female,68,4,0.0,1,1,1,69256.07,1
3022,15603021,White,541,France,Female,56,6,0.0,2,0,0,145449.01,0
3023,15603022,Davis,540,Germany,Female,68,10,72609.75,2,0,0,154168.35,1
3024,15603023,Jackson,497,France,Female,76,7,0.0,2,1,0,77427.12,1
3025,15603024,Thomas,669,France,Female,48,10,81344.55,3,1,1,198965.76,1
3026,15603025,Martinez,738,France,Male,47,6,0.0,1,1,1,110517.62,0
3027,15603026,Johnson,723,Spain,Male,72,5,0.0,1,0,0,140220.17,0
3028,15603027,Rodriguez,759,Germany,Male,68,3,48553.62,2,0,0,20122.56,0
3029,15603028,Taylor,789,Germany,Male,36,8,32584.29,2,1,1,112865.31,0
3030,15603029,Williams,663,Germany,Male,55,1,23987.1,1,0,0,146561.64,1
3031,15603030,Perez,643,France,Male,80,5,3490.21,1,1,1,106355.12,0
3032,15603031,Taylor,791,France,Male,41,9,55285.37,2,1,1,169686.06,0
3033,15603032,Thomas,582,Spain,Male,40,5,63232.51,2,1,1,14788.52,0
3034,15603033,Thompson,536,France,Male,45,10,0.0,2,1,0,177452.9,0
3035,15603034,Jones,617,France,Male,47,3,0.0,1,0,0,154122.16,0
3036,15603035,Thompson,606,France,Female,37,2,60623.0,2,0,1,721.32,0
3037,15603036,Garcia,654,France,Male,41,10,107045.93,2,0,1,16401.13,0
3038,15603037,Ramirez,568,Spain,Male,36,2,83514.76,2,1,0,21127.38,0
3039,15603038,Clark,685,France,Female,55,1,169852.8,2,0,1,81997.95,0
3040,15603039,Jones,595,Germany,Female,54,2,168959.06,2,1,0,27395.24,1
3041,15603040,Harris,767,France,Male,72,3,0.0,2,1,0,8159.94,0
3042,15603041,Hernandez,535,Spain,Female,56,9,16351.61,1,1,0,164774.75,0
3043,15603042,Jackson,636,France,Female,60,3,79422.78,2,1,0,42987.5,1
3044,15603043,Rodriguez,617,France,Female,61,9,0.0,1,1,0,120729.61,0
3045,15603044,Jones,672,Germany,Male,42,6,224786.99,2,1,1,117806.68,0
3046,15603045,Martin,738,Germany,Female,41,3,93805.44,2,1,1,160652.96,1
3047,15603046,White,675,France,Male,40,8,79980.02,1,1,0,108230.01,0
3048,15603047,Perez,637,France,Female,47,7,0.0,2,1,0,194450.77,0
3049,15603048,Taylor,716,France,Female,47,0,0.0,2,0,1,106133.44,0
3050,15603049,Johnson,730,France,Male,53,9,81998.98,1,1,0,134727.16,0
3051,15603050,Johnson,675,France,Female,62,0,152854.88,2,0,1,181270.93,0
3052,15603051,Martin,687,France,Male,60,5,187780.16,1,0,1,144033.89,0
3053,15603052,Brown,712,France,Female,46,3,39638.05,2,1,1,145873.84,0
3054,15603053,Johnson,492,France,Female,45,9,0.0,1,1,1,11606.68,0
3055,15603054,Perez,616,Germany,Male,46,5,0.0,2,1,1,16876.65,1
3056,15603055,Davis,686,Spain,Female,47,8,0.0,2,1,1,54935.15,0
3057,15603056,Johnson,622,Germany,Male,38,9,31455.85,1,1,1,112564.51,0
3058,15603057,Anderson,622,France,Male,56,4,32471.5,2,1,1,176891.4,0
3059,15603058,Martinez,685,France,Female,80,7,66029.87,1,1,0,17531.31,1
3060,15603059,Davis,688,Spain,Male,52,1,101789.83,2,1,1,28421.81,0
3061,15603060,Martin,694,France,Female,53,7,0.0,1,0,1,105766.94,0
3062,15603061,White,573,France,Male,58,7,172385.51,3,0,1,27626.11,0
3063,15603062,Robinson,513,Germany,Male,41,1,78951.44,2,1,0,93762.33,0
3064,15603063,Gonzalez,727,Germany,Female,45,6,0.0,2,1,0,180673.34,1
3065,15603064,Smith,578,Germany,Male,46,7,0.0,2,1,0,149368.92,0
3066,15603065,Lewis,572,France,Female,40,6,81100.34,2,1,0,149327.72,0
3067,15603066,Smith,563,France,Female,75,5,61415.66,1,1,0,83437.71,1
3068,15603067,Sanchez,760,Spain,Female,62,2,182246.27,1,1,1,134954.07,0
3069,15603068,Taylor,670,France,Female,63,10,62635.59,1,1,1,147373.48,0
3070,15603069,Brown,682,Germany,Female,48,10,0.0,2,0,1,4050.18,0
3071,15603070,Johnson,716,Germany,Male,54,2,0.0,1,1,0,162874.26,1
3072,15603071,White,645,Germany,Female,47,7,137993.82,1,1,0,178397.03,1
3073,15603072,Jones,747,France,Male,50,3,37714.86,2,1,1,24259.59,0
3074,15603073,Garcia,535,France,Male,53,9,90630.43,2,1,1,168186.02,0
3075,15603074,Harris,545,Germany,Female,50,7,43591.17,1,1,1,71656.11,1
3076,15603075,Thompson,540,Spain,Female,53,9,209846.05,1,1,0,63615.77,0
3077,15603076,Clark,690,Spain,Female,37,5,0.0,1,1,1,121004.65,0
3078,15603077,Thomas,698,France,Female,41,2,0.0,1,1,1,162438.82,0
3079,15603078,Thomas,604,France,Female,47,9,0.0,4,0,0,79368.08,0
3080,15603079,Brown,627,Spain,Female,49,1,0.0,1,1,1,126594.51,0
3081,15603080,Thomas,771,Germany,Male,49,0,163002.29,2,1,1,165737.35,0
3082,15603081,Robinson,583,Spain,Male,59,3,155165.37,2,0,1,156802.37,0
3083,15603082,Lee,678,France,Male,55,7,130193.39,1,0,1,55256.89,0
3084,15603083,Hernandez,584,Germany,Female,57,3,0.0,1,0,0,141205.93,1
3085,15603084,Clark,755,Germany,Male,46,7,52869.77,1,1,0,127516.17,0
3086,15603085,Anderson,710,Germany,Male,42,7,122514.85,1,1,0,138168.64,1
3087,15603086,Smith,515,France,Male,50,10,129949.16,1,1,1,84884.68,0
3088,15603087,Perez,624,France,Female,61,0,46923.69,2,1,1,4080.83,0
3089,15603088,Wilson,450,Germany,Female,75,5,0.0,2,1,0,68192.58,1
3090,15603089,Sanchez,736,France,Male,46,10,0.0,1,0,0,147544.3,0
3091,15603090,Anderson,846,France,Male,75,9,183404.23,2,1,1,154925.98,0
3092,15603091,Lee,440,Spain,Male,41,7,102709.17,1,1,0,173999.43,0
3093,15603092,Robinson,512,France,Male,38,7,29931.23,2,0,1,46180.46,0
3094,15603093,Lewis,666,Spain,Male,49,0,42711.4,2,1,0,130279.99,0
3095,15603094,Johnson,648,France,Female,42,7,89794.92,2,1,0,40253.13,0
3096,15603095,Ramirez,610,Germany,Female,45,8,6683.11,1,1,1,34111.15,1
3097,15603096,Lopez,483,Spain,Male,64,10,31050.16,1,1,1,140116.59,0
3098,15603097,Ramirez,681,France,Male,63,5,0.0,1,1,1,34771.33,1
3099,15603098,White,735,France,Male,55,6,105714.29,2,0,0,6464.84,1
3100,15603099,Garcia,850,France,Male,54,5,184344.55,1,1,0,121256.95,0
3101,15603100,Davis,775,France,Male,44,4,35240.45,1,1,0,6856.79,1
3102,15603101,Martinez,525,Germany,Male,50,0,107135.24,2,1,1,107345.9,1
3103,15603102,Brown,648,Spain,Male,48,1,190256.62,2,0,0,160975.26,0
3104,15603103,Lopez,706,France,Female,39,9,0.0,2,1,0,8835.34,0
3105,15603104,Rodriguez,583,France,Female,78,1,0.0,2,0,1,134008.57,1
3106,15603105,Moore,724,France,Female,49,10,0.0,1,1,1,14572.56,0
3107,15603106,Brown,717,Germany,Male,42,8,0.0,1,1,1,124549.41,0
3108,15603107,Jones,768,France,Female,39,5,18648.26,1,1,0,174204.88,0
3109,15603108,Robinson,727,Germany,Female,58,2,0.0,2,1,0,85900.89,0
3110,15603109,Ramirez,677,Germany,Male,76,2,0.0,2,1,1,75596.65,1
3111,15603110,Rodriguez,588,Germany,Male,83,9,0.0,1,1,1,164503.44,1
3112,15603111,Johnson,525,France,Male,51,9,54899.05,1,1,1,125516.4,0
3113,15603112,White,671,Germany,Male,49,1,118593.8,1,0,0,90015.92,0
3114,15603113,Brown,611,France,Male,53,6,125773.64,2,1,1,125808.55,0
3115,15603114,Davis,620,France,Female,53,0,56230.54,1,1,0,60250.12,0
3116,15603115,Robinson,757,Spain,Male,35,0,101878.97,1,0,0,182417.01,0
3117,15603116,White,781,Germany,Male,47,9,0.0,1,1,0,1293.46,1
3118,15603117,Rodriguez,531,France,Male,56,2,214823.63,1,1,0,53694.49,0
3119,15603118,Ramirez,629,France,Female,59,0,0.0,1,1,0,167665.73,0
3120,15603119,Jackson,608,France,Male,60,10,0.0,2,1,1,39796.46,0
3121,15603120,Ramirez,680,France,Female,53,2,145909.44,1,1,0,46974.39,1
3122,15603121,Anderson,432,France,Male,41,8,0.0,2,1,0,112342.74,0
3123,15603122,Perez,509,France,Male,51,6,160890.82,1,1,1,135220.37,0
3124,15603123,Brown,638,France,Female,69,8,88653.33,1,1,1,8376.12,0
3125,15603124,Jackson,725,Germany,Male,57,6,0.0,1,1,0,165658.29,1
3126,15603125,Perez,657,Germany,Male,49,10,0.0,2,0,1,113669.43,0
3127,15603126,Johnson,714,Germany,Male,85,8,0.0,2,1,1,9550.16,0
3128,15603127,Davis,668,France,Female,53,10,0.0,1,1,0,107803.72,0
3129,15603128,Robinson,772,Spain,Female,50,2,0.0,1,1,0,32772.84,0
3130,15603129,Brown,792,Spain,Male,61,6,0.0,2,1,1,28207.45,0
3131,15603130,Sanchez,576,Spain,Female,40,5,24292.75,2,0,0,112233.88,0
3132,15603131,Davis,734,Spain,Male,49,1,0.0,2,0,0,141275.64,1
3133,15603132,White,698,Spain,Female,51,5,0.0,2,1,1,57205.68,0
3134,15603133,Davis,850,Germany,Male,37,2,182639.73,1,0,0,181801.63,0
3135,15603134,Smith,573,France,Female,54,1,16796.4,2,1,1,84236.79,0
3136,15603135,Jones,638,Germany,Female,58,4,65158.47,2,1,0,73157.65,1
3137,15603136,Martinez,550,Germany,Female,46,4,0.0,2,0,0,115239.92,0
3138,15603137,Garcia,556,Germany,Male,62,10,0.0,1,1,0,156892.48,1
3139,15603138,Lopez,687,Germany,Female,66,1,68977.84,2,1,0,15984.44,1
3140,15603139,Wilson,669,France,Male,69,2,198946.02,1,1,1,169641.08,0
3141,15603140,Rodriguez,701,France,Female,41,7,0.0,2,1,1,99893.81,0
3142,15603141,Harris,699,Spain,Male,54,4,131610.38,2,1,0,104272.34,0
3143,15603142,Lee,627,Germany,Male,85,7,102261.76,1,1,0,166263.02,1
3144,15603143,Taylor,626,Germany,Male,60,9,103278.26,2,1,1,111610.06,1
3145,15603144,Williams,556,France,Male,54,3,126927.82,1,1,0,89314.4,0
3146,15603145,Harris,582,France,Female,65,3,62565.74,1,1,0,165552.88,0
3147,15603146,Lopez,644,Spain,Female,55,5,83480.65,2,0,0,192993.79,0
3148,15603147,Perez,668,Germany,Female,41,9,0.0,2,1,0,150084.35,1
3149,15603148,Thompson,718,Spain,Female,66,10,145649.58,1,1,0,182994.21,1
3150,15603149,Wilson,708,France,Female,54,4,0.0,1,1,1,155491.8,1
3151,15603150,Lewis,799,Germany,Male,75,4,104552.93,2,1,0,158040.53,1
3152,15603151,Brown,556,France,Male,41,8,0.0,1,1,1,44281.61,0
3153,15603152,Jackson,627,Germany,Male,54,5,0.0,2,1,0,185622.22,0
3154,15603153,Martin,565,France,Male,74,2,19011.11,2,1,0,22843.07,0
3155,15603154,Clark,772,France,Male,55,10,51637.55,1,1,1,106282.36,0
3156,15603155,Thompson,601,Germany,Male,62,3,117478.44,2,1,1,2582.84,1
3157,15603156,Miller,760,Spain,Male,67,8,0.0,1,1,0,72965.06,1
3158,15603157,Anderson,789,France,Male,53,5,0.0,1,1,1,137274.74,0
3159,15603158,Wilson,689,Spain,Female,44,10,0.0,1,1,0,7043.44,0
3160,15603159,Gonzalez,678,France,Male,64,7,96611.99,1,0,1,14406.86,0
3161,15603160,Lopez,653,France,Male,51,10,59162.64,1,1,0,106754.48,1
3162,15603161,Anderson,619,France,Female,35,6,141443.89,1,1,0,11778.62,1
3163,15603162,Anderson,608,France,Male,70,0,0.0,1,1,1,61193.61,1
3164,15603163,Taylor,635,Germany,Male,78,0,151466.07,1,1,1,152235.14,1
3165,15603164,Miller,825,France,Male,46,9,135719.17,1,1,1,63951.17,0
3166,15603165,Thompson,549,France,Male,53,6,0.0,1,0,1,79211.54,0
3167,15603166,White,669,Spain,Male,79,1,50585.57,1,0,0,153877.69,1
3168,15603167,Robinson,718,France,Male,74,8,69592.61,4,1,0,29706.55,1
3169,15603168,Robinson,622,Spain,Female,60,9,128714.3,1,0,0,167362.55,0
3170,15603169,Martinez,689,France,Female,72,8,0.0,2,0,0,1990.42,1
3171,15603170,Taylor,505,Germany,Male,50,1,7719.08,1,1,0,47363.4,1
3172,15603171,Lopez,777,France,Male,39,8,83963.48,2,0,0,81108.15,0
3173,15603172,Sanchez,758,France,Male,68,8,142596.83,3,0,0,42928.96,1
3174,15603173,Sanchez,640,France,Female,52,9,0.0,2,0,0,166693.95,0
3175,15603174,Lopez,565,France,Male,37,5,0.0,1,1,1,185765.97,0
3176,15603175,Thompson,726,France,Female,46,4,139796.16,1,1,1,58074.61,0
3177,15603176,Robinson,539,Germany,Female,50,9,105056.76,2,1,0,25461.37,0
3178,15603177,Sanchez,553,Spain,Male,51,1,94676.57,1,0,1,161888.11,0
3179,15603178,Miller,644,Spain,Male,45,5,80416.53,2,1,0,198847.92,1
3180,15603179,Smith,795,Germany,Male,42,10,97009.17,2,1,1,120402.63,0
3181,15603180,Rodriguez,711,France,Male,36,8,140797.54,1,1,1,197068.83,0
3182,15603181,Davis,587,France,Male,36,2,0.0,1,1,1,4523.6,0
3183,15603182,Ramirez,488,France,Male,52,2,127435.07,1,1,1,154834.16,0
3184,15603183,Thompson,653,France,Male,56,10,0.0,1,1,0,100668.65,1
3185,15603184,Thompson,674,Germany,Male,42,3,0.0,2,1,1,79237.12,0
3186,15603185,Thomas,643,Germany,Female,72,9,97422.35,2,1,0,116729.22,1
3187,15603186,Anderson,823,France,Male,48,10,0.0,2,1,1,48152.53,0
3188,15603187,Moore,637,France,Female,51,3,0.0,2,0,0,94877.08,0
3189,15603188,Perez,430,Spain,Female,50,0,111044.13,3,1,0,100809.73,1
3190,15603189,Perez,610,Spain,Female,35,1,194479.85,2,1,1,152180.6,0
3191,15603190,Lewis,693,France,Female,65,5,134598.73,2,1,1,112158.34,0
3192,15603191,White,687,Spain,Male,60,4,21379.99,2,1,0,111037.77,0
3193,15603192,Thompson,633,Spain,Male,72,9,0.0,1,0,0,7045.32,1
3194,15603193,Lopez,617,France,Female,71,3,0.0,1,1,1,168685.34,0
3195,15603194,Jackson,458,France,Female,58,9,0.0,2,1,0,88543.62,0
3196,15603195,Thomas,658,Germany,Female,61,8,62374.63,1,1,0,175423.01,1
3197,15603196,Miller,617,Spain,Female,41,1,88617.43,1,1,1,169615.11,0
3198,15603197,Thomas,673,Spain,Male,48,7,0.0,2,0,1,118416.89,0
3199,15603198,Sanchez,697,France,Male,50,10,77393.83,1,1,0,2451.96,1
3200,15603199,Harris,769,France,Male,46,3,0.0,1,1,0,86112.49,0
3201,15603200,Lopez,558,Germany,Male,71,8,174602.19,1,0,0,52622.09,1
3202,15603201,Jones,525,Germany,Male,54,3,116515.52,1,1,1,34158.69,0
3203,15603202,Harris,594,France,Female,44,1,0.0,2,0,1,106941.37,0
3204,15603203,Brown,579,Spain,Female,69,5,17110.64,2,1,1,73547.87,0
3205,15603204,Lewis,570,Germany,Male,55,8,0.0,1,0,0,148029.99,0
3206,15603205,Miller,788,Spain,Female,65,6,119736.6,1,1,0,49263.74,1
3207,15603206,Rodriguez,664,Spain,Female,41,0,112974.23,1,0,0,111140.62,0
3208,15603207,Garcia,839,Germany,Female,56,8,0.0,2,1,0,100987.15,1
3209,15603208,Perez,649,France,Male,44,5,143447.59,1,1,0,81662.45,0
3210,15603209,Hernandez,537,Germany,Female,55,8,83649.67,1,0,0,172344.14,1
3211,15603210,Lopez,572,France,Female,60,1,0.0,2,1,1,121032.17,0
3212,15603211,Johnson,748,Germany,Male,40,10,78815.46,1,0,1,154310.92,0
3213,15603212,Davis,541,France,Male,52,6,49977.15,2,1,1,161965.85,1
3214,15603213,Johnson,703,Germany,Female,41,7,0.0,1,1,1,29643.81,0
3215,15603214,Lee,615,France,Male,66,7,149596.93,1,1,1,14723.73,0
3216,15603215,Lopez,560,France,Male,53,4,0.0,2,1,0,17017.88,0
3217,15603216,Lee,783,France,Male,44,6,179935.21,1,1,0,90973.19,0
3218,15603217,Martin,593,France,Female,46,6,0.0,1,1,1,77232.69,0
3219,15603218,Smith,570,Germany,Female,48,2,106621.42,1,1,0,189958.3,1
3220,15603219,Harris,642,Germany,Male,72,10,32045.73,1,1,1,85622.7,1
3221,15603220,Brown,601,Germany,Male,51,10,0.0,2,1,1,29307.81,0
3222,15603221,Garcia,850,France,Female,63,1,51712.71,1,0,0,32903.73,0
3223,15603222,Gonzalez,751,France,Female,52,4,184782.4,1,1,0,67761.21,0
3224,15603223,Brown,593,France,Female,41,3,22486.14,1,1,1,170018.51,1
3225,15603224,Rodriguez,604,France,Male,46,7,107125.73,2,0,1,138013.78,0
3226,15603225,Moore,456,Spain,Male,56,4,110698.4,2,1,1,153944.26,1
3227,15603226,Rodriguez,663,France,Male,35,8,0.0,2,1,0,62915.75,0
3228,15603227,Taylor,578,France,Female,58,6,151935.56,2,0,1,100509.92,0
3229,15603228,Hernandez,658,France,Male,45,10,0.0,2,1,0,179686.29,0
3230,15603229,Lewis,461,France,Male,54,0,119753.63,1,1,1,135180.37,0
3231,15603230,Lewis,647,Germany,Male,46,1,0.0,2,1,0,140513.96,0
3232,15603231,Garcia,813,Germany,Male,61,7,37111.81,2,0,1,28822.19,1
3233,15603232,Lewis,655,France,Female,53,9,154103.37,2,1,0,128409.55,0
3234,15603233,Taylor,575,France,Male,61,7,0.0,2,0,1,126382.11,0
3235,15603234,Davis,648,France,Female,36,1,49316.08,1,1,1,153192.64,0
3236,15603235,Jackson,643,France,Female,50,6,0.0,2,0,0,133442.72,0
3237,15603236,Jones,850,France,Male,45,7,32476.98,1,1,0,141031.02,1
3238,15603237,Clark,618,Spain,Female,58,3,0.0,2,1,0,161293.93,1
3239,15603238,Davis,534,Germany,Female,65,2,0.0,1,1,1,151066.9,1
3240,15603239,Sanchez,652,Germany,Female,65,9,153522.88,1,0,0,137011.56,1
3241,15603240,Harris,668,France,Male,73,8,0.0,1,0,0,83573.97,1
3242,15603241,Harris,703,France,Male,66,1,238685.03,2,1,0,24591.56,1
3243,15603242,Rodriguez,722,Germany,Male,50,2,84944.07,1,1,1,63613.24,0
3244,15603243,Williams,837,Germany,Female,43,7,132926.63,1,1,1,139984.88,0
3245,15603244,Smith,592,Germany,Female,37,1,0.0,2,0,0,196979.4,0
3246,15603245,Anderson,584,France,Female,42,4,0.0,1,0,1,41228.27,0
3247,15603246,Johnson,472,Germany,Male,36,9,0.0,1,0,0,30514.61,1
3248,15603247,Lopez,713,France,Male,39,7,152562.42,2,1,0,97361.8,0
3249,15603248,Martinez,564,Spain,Female,55,6,0.0,2,0,1,160710.33,0
3250,15603249,Harris,735,Germany,Male,36,3,0.0,2,1,0,12616.44,0
3251,15603250,Lewis,602,Germany,Female,57,9,121219.13,1,1,0,171596.49,1
3252,15603251,Brown,815,France,Male,46,8,0.0,2,1,0,35350.64,0
3253,15603252,Brown,512,Germany,Male,53,1,0.0,2,1,0,108895.32,1
3254,15603253,Lopez,748,France,Male,54,6,115142.58,1,1,1,118101.0,0
3255,15603254,Lewis,736,France,Male,73,6,35087.59,2,1,1,68238.63,0
3256,15603255,Lopez,700,France,Male,54,6,66034.57,2,1,0,104215.02,0
3257,15603256,Clark,542,Germany,Male,40,6,0.0,1,1,0,78534.61,0
3258,15603257,Gonzalez,700,France,Male,43,4,167080.24,2,1,0,184470.04,0
3259,15603258,Hernandez,662,France,Male,53,0,223260.44,1,1,0,4814.99,0
3260,15603259,Lee,474,Spain,Male,49,3,0.0,2,1,0,173654.85,0
3261,15603260,Miller,799,France,Female,54,4,137214.65,1,1,1,15420.84,0
3262,15603261,Miller,616,Germany,Male,57,9,148472.84,1,1,1,108838.83,0
3263,15603262,Perez,792,France,Female,43,3,170249.09,2,1,1,199624.57,0
3264,15603263,Thompson,643,France,Female,58,6,175248.13,1,1,1,41462.99,0
3265,15603264,Rodriguez,744,Spain,Female,59,1,0.0,4,0,0,85355.47,1
3266,15603265,Miller,567,France,Female,54,1,190457.29,1,1,0,90097.89,0
3267,15603266,Wilson,670,France,Male,79,10,106871.65,2,1,0,134725.05,0
3268,15603267,Martin,663,Germany,Female,37,1,0.0,2,1,0,62531.83,0
3269,15603268,Lewis,618,Germany,Female,76,9,0.0,2,1,1,164942.42,1
3270,15603269,Williams,566,Germany,Female,48,2,0.0,1,1,1,42110.55,0
3271,15603270,Martinez,355,France,Male,45,4,126334.8,1,0,0,199162.97,0
3272,15603271,Lopez,568,France,Male,58,9,0.0,2,0,0,168167.04,0
3273,15603272,Garcia,717,Germany,Male,46,8,96534.21,1,1,1,6776.84,0
3274,15603273,Williams,516,Germany,Female,64,2,78111.14,2,0,1,140117.87,1
3275,15603274,Moore,535,Spain,Female,48,5,58682.89,1,1,0,30188.71,0
3276,15603275,Lewis,512,Spain,Male,67,5,0.0,2,1,1,162677.9,0
3277,15603276,Perez,670,Spain,Male,42,10,75467.09,2,1,0,75730.63,0
3278,15603277,Martin,564,France,Female,56,5,69932.62,1,1,1,51095.33,0
3279,15603278,Thompson,767,France,Male,44,4,0.0,2,1,0,18689.11,0
3280,15603279,Anderson,720,Spain,Female,57,1,88836.17,3,1,0,54397.16,1
3281,15603280,Moore,669,France,Female,38,0,0.0,2,1,0,11457.44,0
3282,15603281,Taylor,679,France,Male,39,4,0.0,2,1,0,198016.92,0
3283,15603282,Jackson,576,Spain,Female,48,7,0.0,2,0,1,52660.41,0
3284,15603283,Sanchez,576,Spain,Male,67,9,136569.04,1,1,0,60249.29,1
3285,15603284,Taylor,718,France,Female,37,4,62568.73,2,0,0,70660.79,0
3286,15603285,Lewis,737,France,Female,70,2,40490.59,1,1,1,84939.65,0
3287,15603286,Lewis,717,France,Female,57,2,104655.91,2,1,1,66564.03,0
3288,15603287,Lewis,604,Spain,Male,66,1,0.0,1,0,1,116591.7,0
3289,15603288,Robinson,612,Spain,Male,53,6,53411.77,1,1,1,122028.03,0
3290,15603289,Lee,560,France,Male,54,1,0.0,1,0,1,9082.36,0
3291,15603290,White,723,France,Male,50,5,0.0,2,1,1,112546.8,0
3292,15603291,Lee,461,Spain,Male,49,7,119572.03,2,1,0,174331.72,0
3293,15603292,Harris,438,France,Female,61,7,0.0,1,1,0,31338.44,1
3294,15603293,Davis,457,Germany,Male,42,1,63268.13,4,1,1,66079.0,1
3295,15603294,Wilson,444,Spain,Male,52,5,201268.78,2,0,0,121434.66,0
3296,15603295,Moore,780,France,Male,37,2,166088.99,1,1,0,124985.26,0
3297,15603296,Davis,725,Germany,Female,39,8,0.0,2,1,0,14806.17,1
3298,15603297,Clark,534,France,Female,51,2,0.0,2,0,1,85241.04,0
3299,15603298,Martin,639,France,Male,45,0,0.0,1,0,1,7566.19,0
3300,15603299,Thompson,790,Spain,Male,50,8,210306.95,2,1,0,185663.75,0
3301,15603300,Miller,698,France,Male,43,7,12962.39,1,1,0,135398.55,0
3302,15603301,Johnson,850,Spain,Male,60,1,170734.39,2,1,0,19974.27,0
3303,15603302,Thomas,639,Germany,Male,40,9,114355.62,2,1,0,130562.87,0
3304,15603303,Anderson,587,France,Female,77,9,0.0,1,1,1,19750.87,1
3305,15603304,Moore,546,France,Female,69,2,0.0,1,1,1,11270.97,0
3306,15603305,Lopez,652,France,Female,58,6,155473.24,1,1,0,43062.6,0
3307,15603306,Martin,739,France,Male,39,5,0.0,2,0,1,194583.18,0
3308,15603307,Wilson,659,France,Female,50,7,0.0,2,0,1,115831.49,0
3309,15603308,Sanchez,615,France,Female,59,9,120688.48,1,0,1,65092.1,0
3310,15603309,Miller,770,France,Male,65,4,0.0,2,1,1,13142.15,0
3311,15603310,Jackson,700,Germany,Male,65,4,139648.66,1,1,1,3130.69,0
3312,15603311,Jackson,639,Germany,Male,62,1,76496.54,2,0,0,178840.03,1
3313,15603312,Garcia,576,Germany,Male,34,5,150955.99,2,1,0,96083.64,0
3314,15603313,Anderson,625,France,Female,42,10,105205.35,1,1,0,18255.0,1
3315,15603314,Garcia,695,France,Male,62,10,126357.3,2,0,1,109043.5,0
3316,15603315,Brown,575,Germany,Male,46,4,0.0,1,1,0,13055.47,0
3317,15603316,Ramirez,531,France,Male,56,8,128033.61,1,1,1,81066.56,0
3318,15603317,Sanchez,603,France,Male,78,2,112887.75,1,1,0,182156.9,0
3319,15603318,Lee,645,Spain,Female,46,4,0.0,2,1,1,185248.19,0
3320,15603319,Brown,780,Spain,Female,66,2,234903.57,1,1,0,190484.75,0
3321,15603320,Taylor,538,Germany,Female,57,8,0.0,2,1,1,28556.4,0
3322,15603321,Johnson,671,France,Male,88,8,94272.43,1,0,1,36681.36,0
3323,15603322,Thomas,623,Spain,Female,57,9,146159.55,1,0,0,170196.07,0
3324,15603323,Smith,628,Germany,Male,46,6,0.0,1,1,1,20513.56,0
3325,15603324,Clark,797,Spain,Female,52,0,0.0,1,1,0,2489.03,0
3326,15603325,Jackson,657,Spain,Male,42,8,44170.48,1,0,1,139816.43,0
3327,15603326,Martin,562,Spain,Male,61,8,70313.89,2,0,1,88725.21,0
3328,15603327,Martinez,735,Germany,Male,48,9,21673.67,1,0,1,160717.01,1
3329,15603328,Miller,728,France,Male,52,4,85099.47,2,0,1,31024.06,0
3330,15603329,Thomas,553,Germany,Female,67,10,98386.08,2,1,0,87401.06,0
3331,15603330,Johnson,535,Germany,Male,41,1,0.0,4,1,0,163361.26,1
3332,15603331,Smith,689,Germany,Male,65,0,164858.97,1,1,0,51742.45,1
3333,15603332,Miller,646,France,Male,38,1,21017.2,1,1,0,94242.45,0
3334,15603333,Lopez,604,France,Female,51,3,0.0,1,1,1,124443.74,0
3335,15603334,Moore,751,Spain,Male,58,3,31504.72,2,1,1,144010.17,0
3336,15603335,Anderson,593,Germany,Female,62,0,166360.75,2,1,1,104479.81,1
3337,15603336,Williams,690,Spain,Female,41,7,0.0,1,1,1,144583.78,0
3338,15603337,Anderson,762,Spain,Male,79,9,0.0,1,1,0,150588.85,0
3339,15603338,Perez,617,Germany,Male,58,7,157329.28,1,1,1,166671.3,0
3340,15603339,Martinez,474,Germany,Male,62,7,121885.28,1,1,0,181616.0,0
3341,15603340,Hernandez,611,Spain,Female,58,4,29552.68,2,1,1,140583.7,0
3342,15603341,Thomas,668,Germany,Male,42,9,126567.53,1,1,1,179441.12,0
3343,15603342,Johnson,746,Germany,Male,45,1,0.0,1,0,0,12135.88,1
3344,15603343,Clark,599,France,Female,70,3,0.0,3,1,1,26011.15,0
3345,15603344,Martinez,815,France,Female,70,0,45269.1,1,1,0,80874.7,0
3346,15603345,Ramirez,525,Germany,Male,35,9,58150.93,1,1,0,33293.3,0
3347,15603346,Williams,665,France,Male,61,0,13750.59,2,1,1,67483.22,0
3348,15603347,Davis,627,France,Male,51,9,114670.42,2,1,1,176718.86,0
3349,15603348,Miller,779,France,Male,58,2,236170.38,1,1,1,24544.1,0
3350,15603349,Jones,508,France,Male,55,3,95441.91,2,1,1,127131.67,0
3351,15603350,Rodriguez,690,France,Female,54,10,53955.9,1,1,1,45789.12,0
3352,15603351,Martinez,626,France,Male,43,10,0.0,1,0,1,98365.92,0
3353,15603352,Sanchez,796,Spain,Female,66,2,0.0,1,1,1,79202.55,1
3354,15603353,Harris,570,Germany,Female,46,10,0.0,1,1,0,172893.84,0
3355,15603354,Davis,689,France,Male,51,2,134288.86,2,0,1,107796.9,0
3356,15603355,Anderson,569,France,Female,44,7,74615.59,1,1,0,164309.52,1
3357,15603356,Thompson,668,Germany,Male,52,3,0.0,1,1,1,82815.73,1
3358,15603357,Robinson,614,France,Female,40,2,107998.07,2,1,1,132343.93,0
3359,15603358,Thompson,613,Spain,Female,47,8,79629.96,1,0,0,181832.95,1
3360,15603359,Jackson,459,Germany,Male,65,0,137583.53,3,1,0,29741.8,1
3361,15603360,Harris,689,Spain,Male,41,7,51226.27,1,1,1,112051.71,0
3362,15603361,Robinson,546,France,Male,61,4,0.0,2,0,0,126413.47,1
3363,15603362,Martinez,542,Germany,Male,39,7,13672.62,2,1,0,123446.72,1
3364,15603363,Gonzalez,500,France,Male,45,9,0.0,1,1,1,110285.26,0
3365,15603364,Moore,548,Spain,Male,46,2,0.0,2,0,0,158920.86,0
3366,15603365,Lopez,698,Germany,Female,64,5,58859.34,1,1,0,11753.43,1
3367,15603366,Hernandez,693,France,Male,70,10,89994.51,2,1,0,132586.89,0
3368,15603367,Wilson,713,France,Female,49,6,0.0,2,1,1,177248.64,0
3369,15603368,Gonzalez,551,France,Female,40,7,0.0,2,1,0,182980.6,0
3370,15603369,Harris,670,Germany,Male,47,6,0.0,1,0,0,35522.88,0
3371,15603370,Miller,590,France,Female,48,6,145461.4,1,1,1,120352.19,1
3372,15603371,Jackson,741,Germany,Male,47,1,0.0,2,0,0,56069.9,0
3373,15603372,Johnson,690,France,Male,51,2,19488.64,1,1,1,144580.73,0
3374,15603373,Thompson,586,Germany,Female,44,5,101709.99,1,1,0,15903.52,0
3375,15603374,Jones,749,Spain,Male,40,2,163100.62,2,0,0,24792.08,0
3376,15603375,Smith,698,Spain,Female,36,8,0.0,1,0,0,134510.39,0
3377,15603376,White,516,Spain,Female,63,8,0.0,2,0,1,109612.06,0
3378,15603377,Anderson,489,France,Female,54,5,0.0,1,1,0,179197.44,1
3379,15603378,Thomas,520,France,Female,60,0,2560.97,1,0,0,5659.05,0
3380,15603379,Robinson,808,Germany,Female,58,0,0.0,2,1,0,140312.83,1
3381,15603380,Sanchez,552,France,Male,52,3,169660.69,1,1,0,142840.05,0
3382,15603381,Garcia,830,France,Male,51,10,87328.97,2,1,1,165847.37,0
3383,15603382,Rodriguez,547,France,Female,78,9,0.0,2,1,0,154114.99,1
3384,15603383,Thompson,537,France,Male,47,7,137983.58,2,1,1,103797.79,0
3385,15603384,Lopez,734,France,Male,53,2,0.0,1,1,1,57397.28,0
3386,15603385,Ramirez,738,Spain,Male,48,3,209358.35,2,0,0,78836.21,0
3387,15603386,Miller,703,France,Female,42,10,72473.03,1,1,0,104517.49,0
3388,15603387,Lewis,714,Germany,Male,87,5,134841.73,1,0,1,910.2,0
3389,15603388,Hernandez,573,France,Female,59,10,0.0,2,1,1,18105.04,0
3390,15603389,Davis,729,Germany,Male,45,8,0.0,1,0,0,108461.04,0
3391,15603390,Brown,673,France,Male,43,3,135285.51,2,1,1,199168.27,0
3392,15603391,Robinson,614,Spain,Male,61,2,93285.71,1,1,1,75305.49,0
3393,15603392,Thompson,659,Spain,Male,67,9,64910.73,2,0,0,159756.27,0
3394,15603393,Jackson,751,France,Female,41,9,82020.78,2,1,0,76418.94,1
3395,15603394,Thompson,687,Spain,Male,50,8,23566.57,2,0,1,24898.9,0
3396,15603395,Lewis,442,Spain,Male,53,6,0.0,1,1,1,168412.39,0
3397,15603396,Taylor,735,Spain,Female,53,8,65702.9,2,1,1,131510.97,0
3398,15603397,Miller,728,Spain,Male,55,10,106995.35,1,0,1,26554.83,0
3399,15603398,Thomas,613,France,Male,49,9,0.0,2,0,1,87215.14,0
3400,15603399,Lopez,661,Germany,Male,51,5,119436.18,1,0,0,45093.43,0
3401,15603400,Lopez,660,France,Female,52,3,66288.31,1,1,0,133351.75,0
3402,15603401,Moore,459,France,Female,41,4,0.0,2,0,0,92913.83,0
3403,15603402,Lee,611,Spain,Male,78,9,138093.19,1,0,0,59697.57,1
3404,15603403,Clark,615,France,Male,62,1,0.0,1,0,0,111308.88,1
3405,15603404,Jackson,634,Germany,Male,66,2,172106.84,1,1,0,181062.91,1
3406,15603405,Brown,599,Spain,Male,56,4,0.0,1,1,0,83041.6,0
3407,15603406,Thompson,713,Spain,Female,88,2,0.0,2,1,1,193196.95,1
3408,15603407,Moore,572,Spain,Female,31,2,0.0,1,1,1,142344.07,0
3409,15603408,Sanchez,737,France,Male,53,8,0.0,1,0,0,120525.91,0
3410,15603409,Martin,709,France,Female,43,3,0.0,2,1,0,11958.93,0
3411,15603410,Taylor,780,France,Male,54,3,16254.25,2,1,0,162020.21,0
3412,15603411,Moore,816,France,Male,73,0,0.0,1,1,0,134512.24,1
3413,15603412,Garcia,817,France,Male,61,6,0.0,2,1,1,25394.51,0
3414,15603413,Perez,536,France,Male,52,9,0.0,1,1,1,2132.57,0
3415,15603414,Jackson,683,Spain,Female,75,8,122763.8,2,0,1,187140.59,0
3416,15603415,Harris,581,Germany,Male,64,7,126451.59,2,0,1,39699.37,0
3417,15603416,White,850,France,Male,59,1,0.0,1,1,1,84399.66,0
3418,15603417,Miller,708,Germany,Female,59,5,0.0,2,1,1,83773.16,0
3419,15603418,Jones,785,France,Female,63,9,17447.41,1,1,1,17203.51,1
3420,15603419,Smith,691,France,Female,46,9,73855.24,1,1,1,160833.51,1
3421,15603420,Miller,396,Spain,Female,45,4,132308.63,2,0,1,120736.72,0
3422,15603421,Ramirez,574,Germany,Male,42,7,127414.13,2,0,0,107023.07,0
3423,15603422,Rodriguez,584,Spain,Female,47,0,0.0,1,1,0,172587.95,0
3424,15603423,Lewis,612,France,Female,74,8,137724.24,1,1,1,182061.06,1
3425,15603424,Robinson,684,Spain,Female,50,8,50583.05,2,1,0,25742.71,0
3426,15603425,Jackson,698,Germany,Female,74,10,0.0,2,0,1,137523.0,1
3427,15603426,Gonzalez,397,Germany,Male,46,6,0.0,1,1,1,53666.74,0
3428,15603427,Moore,627,Germany,Female,67,7,0.0,2,1,1,156086.18,0
3429,15603428,Perez,603,Spain,Male,71,8,138349.57,2,0,0,23367.52,1
3430,15603429,Miller,782,Germany,Male,54,4,0.0,1,1,1,37607.54,0
3431,15603430,Ramirez,706,Germany,Male,50,10,0.0,1,1,0,42604.34,1
3432,15603431,Lewis,632,Spain,Female,44,1,147047.32,1,1,1,124607.06,0
3433,15603432,Martinez,671,Spain,Male,65,0,179266.22,1,1,0,133597.81,0
3434,15603433,Perez,488,France,Male,50,4,0.0,1,1,0,183717.24,1
3435,15603434,Moore,713,Germany,Male,48,7,56836.54,1,1,0,14835.59,0
3436,15603435,Moore,612,France,Female,57,9,0.0,2,0,1,136848.77,1
3437,15603436,Davis,572,France,Male,61,3,42385.75,1,1,0,2509.15,1
3438,15603437,Lewis,776,Germany,Female,44,3,0.0,2,0,1,101866.14,0
3439,15603438,Miller,676,Spain,Female,57,3,0.0,1,1,1,92103.98,0
3440,15603439,Harris,586,Spain,Male,71,7,0.0,1,1,0,9018.76,1
3441,15603440,Jones,591,France,Male,42,6,91613.33,1,0,1,37369.69,0
3442,15603441,Johnson,685,Germany,Female,66,10,283238.89,2,1,0,160362.2,1
3443,15603442,Rodriguez,677,France,Female,65,0,60580.39,1,1,1,60823.06,0
3444,15603443,Brown,652,Spain,Female,67,9,17712.12,2,0,1,96422.08,1
3445,15603444,Martinez,534,Spain,Male,61,5,120938.31,2,1,0,78860.5,0
3446,15603445,Davis,548,Germany,Female,60,3,101818.59,2,1,0,37132.35,1
3447,15603446,Williams,578,Spain,Male,65,1,0.0,1,1,0,188196.65,1
3448,15603447,Jones,631,Germany,Female,57,2,122194.8,2,0,1,10601.9,0
3449,15603448,Sanchez,646,Germany,Female,48,3,176182.55,2,1,0,92451.44,0
3450,15603449,Miller,634,France,Male,47,9,1155.93,2,1,0,67277.54,0
3451,15603450,Miller,639,France,Female,52,6,95810.92,1,0,0,133353.26,0
3452,15603451,Lopez,830,Germany,Female,62,0,0.0,1,1,0,129402.42,1
3453,15603452,Miller,731,Germany,Female,52,0,152336.39,2,1,0,139343.58,1
3454,15603453,Gonzalez,764,France,Male,50,2,0.0,1,0,1,99841.41,0
3455,15603454,Sanchez,694,Spain,Male,67,1,36074.13,1,1,1,22144.23,0
3456,15603455,Davis,656,France,Female,55,2,93901.56,4,1,1,100657.91,1
3457,15603456,Lopez,689,Germany,Male,40,2,111539.25,2,1,1,175848.06,0
3458,15603457,Harris,671,Germany,Male,42,10,127794.27,1,0,0,65760.15,0
3459,15603458,Martinez,727,Germany,Female,41,0,40215.17,1,1,1,177232.47,0
3460,15603459,Anderson,556,Germany,Male,52,5,0.0,2,1,0,140571.88,0
3461,15603460,Martinez,719,France,Female,43,7,0.0,2,1,0,189703.16,0
3462,15603461,Taylor,666,France,Male,50,4,0.0,2,1,1,97631.44,1
3463,15603462,Garcia,476,Germany,Male,47,0,90741.86,1,1,1,55779.89,1
3464,15603463,Davis,658,Germany,Female,38,10,161599.25,2,1,0,14656.71,1
3465,15603464,Rodriguez,524,France,Female,42,9,0.0,1,1,0,1647.71,1
3466,15603465,Smith,598,Germany,Female,75,10,148984.99,1,1,0,180838.55,1
3467,15603466,White,634,France,Male,49,6,95289.92,1,1,0,112888.39,0
3468,15603467,Miller,505,Germany,Female,48,10,127880.74,1,1,1,21485.94,0
3469,15603468,Rodriguez,644,Spain,Male,48,9,54057.82,1,1,1,70232.0,0
3470,15603469,Smith,656,France,Male,55,8,89538.65,2,1,1,117071.07,0
3471,15603470,Robinson,722,France,Male,53,6,0.0,2,1,0,184410.21,0
3472,15603471,Thompson,606,Spain,Female,80,8,209681.01,1,1,1,148249.4,1
3473,15603472,Jones,676,Germany,Male,68,9,7738.63,2,1,0,83765.4,1
3474,15603473,Miller,640,Germany,Male,79,8,57460.52,2,1,0,7970.14,1
3475,15603474,Robinson,609,Spain,Male,62,1,0.0,1,0,1,128298.29,0
3476,15603475,Garcia,489,Spain,Male,60,7,110059.79,1,1,1,72894.47,0
3477,15603476,Wilson,639,Spain,Male,42,6,0.0,1,1,1,14009.35,0
3478,15603477,Thomas,721,Germany,Female,35,6,12446.91,1,1,0,166075.92,0
3479,15603478,Smith,560,France,Male,39,1,0.0,1,1,1,187302.0,0
3480,15603479,Miller,629,France,Female,39,0,0.0,2,1,0,105212.93,0
3481,15603480,Jackson,643,France,Female,51,3,69319.9,1,1,0,23201.7,0
3482,15603481,Garcia,755,Germany,Male,64,6,255487.52,1,1,1,80491.64,1
3483,15603482,Anderson,652,France,Female,46,5,66451.92,1,1,0,15456.61,0
3484,15603483,Lopez,677,Spain,Male,43,9,68476.26,2,1,1,160374.48,0
3485,15603484,Taylor,649,Germany,Female,63,1,0.0,2,1,0,108227.25,1
3486,15603485,Miller,602,Germany,Female,44,6,148742.14,2,1,0,78680.41,1
3487,15603486,Taylor,541,France,Male,74,9,0.0,2,1,1,145981.14,0
3488,15603487,Brown,622,France,Female,42,10,0.0,1,1,1,167387.22,0
3489,15603488,Jones,687,France,Male,64,8,0.0,4,1,0,156586.18,1
3490,15603489,Garcia,661,France,Male,56,1,0.0,1,0,1,164225.24,0
3491,15603490,Lewis,792,France,Female,33,9,60127.82,1,1,0,173587.45,0
3492,15603491,Davis,740,Germany,Male,44,10,0.0,2,1,1,93669.72,0
3493,15603492,Davis,769,Spain,Male,65,4,141871.44,3,0,0,131859.13,1
3494,15603493,Anderson,454,Spain,Male,38,10,62457.38,1,1,1,118093.05,0
3495,15603494,Jackson,801,Germany,Female,48,1,0.0,2,1,0,25581.71,1
3496,15603495,Robinson,675,France,Male,39,0,106837.59,1,1,0,47807.41,0
3497,15603496,Smith,689,Spain,Female,51,10,0.0,2,1,1,34366.56,0
3498,15603497,Smith,736,Spain,Male,57,6,36429.91,2,1,1,129834.62,0
3499,15603498,Miller,652,France,Male,54,1,60202.53,1,1,0,172647.79,1
3500,15603499,Clark,547,Germany,Female,55,5,82576.63,2,0,0,151671.75,1
3501,15603500,Smith,788,France,Male,54,6,87929.2,2,1,0,75451.66,0
3502,15603501,Moore,576,Spain,Female,50,0,59937.18,1,0,0,131626.66,1
3503,15603502,Martin,555,Spain,Male,63,10,54440.62,1,1,0,81997.15,1
3504,15603503,Martinez,627,France,Male,38,8,87114.55,2,1,1,54906.22,0
3505,15603504,Thompson,612,Spain,Male,73,5,0.0,2,1,0,178710.46,1
3506,15603505,Jackson,650,Germany,Female,54,1,14521.84,1,0,1,40950.49,1
3507,15603506,Gonzalez,640,Spain,Female,39,0,0.0,1,0,0,126888.72,0
3508,15603507,Anderson,779,France,Female,70,0,131952.37,2,1,1,150130.62,1
3509,15603508,Williams,694,Spain,Male,50,1,113582.76,1,1,1,123713.53,0
3510,15603509,Brown,567,France,Female,47,8,0.0,1,1,1,24030.34,0
3511,15603510,Hernandez,580,France,Male,39,1,0.0,2,1,1,53929.73,0
3512,15603511,Moore,612,France,Female,46,0,119609.19,1,0,0,2926.93,0
3513,15603512,Harris,613,Spain,Female,63,3,0.0,2,1,1,151739.16,0
3514,15603513,Moore,600,Spain,Female,43,8,0.0,1,1,1,37023.53,0
3515,15603514,Lopez,544,Spain,Male,64,7,0.0,2,1,1,171243.23,0
3516,15603515,Gonzalez,677,Spain,Female,48,6,0.0,1,1,1,33101.53,0
3517,15603516,Jackson,606,France,Male,33,7,67337.78,2,0,0,74368.94,0
3518,15603517,Lopez,558,France,Female,42,1,0.0,2,1,1,28442.95,0
3519,15603518,Jackson,696,France,Male,46,4,0.0,1,1,1,106554.06,0
3520,15603519,Martin,731,France,Male,58,6,0.0,2,1,1,118762.42,0
3521,15603520,Miller,626,France,Male,55,0,0.0,1,1,1,45707.46,0
3522,15603521,Williams,821,France,Male,75,5,77427.11,2,1,1,81460.43,0
3523,15603522,Sanchez,850,France,Male,49,6,0.0,2,0,0,23432.5,0
3524,15603523,Rodriguez,697,France,Female,64,7,0.0,1,1,1,157568.23,0
3525,15603524,Moore,604,France,Female,51,4,0.0,1,1,1,157314.96,0
3526,15603525,Sanchez,675,France,Female,44,7,0.0,1,1,0,51703.87,0
3527,15603526,Williams,532,Spain,Female,40,9,0.0,1,1,0,52854.34,1
3528,15603527,Lee,566,Spain,Male,49,10,89826.25,1,1,0,121934.71,1
3529,15603528,Brown,488,Spain,Female,52,0,138633.58,1,1,1,121803.05,1
3530,15603529,Moore,589,France,Male,70,3,0.0,1,0,1,146668.02,0
3531,15603530,Gonzalez,531,France,Female,75,10,0.0,1,1,1,19315.62,1
3532,15603531,Martinez,709,Spain,Male,75,5,80132.08,1,0,1,134407.4,1
3533,15603532,Sanchez,578,France,Male,45,3,135741.87,2,1,0,147104.79,0
3534,15603533,Martinez,676,France,Male,43,4,0.0,1,1,1,55788.55,0
3535,15603534,Wilson,721,France,Male,46,10,0.0,2,1,0,51644.39,0
3536,15603535,Robinson,762,France,Male,50,10,0.0,1,1,1,132927.46,0
3537,15603536,Lewis,616,France,Male,37,1,157094.71,1,1,0,23325.89,0
3538,15603537,Miller,679,France,Female,42,6,0.0,2,1,0,108320.72,0
3539,15603538,Sanchez,682,Germany,Female,69,8,0.0,1,1,0,100382.01,1
3540,15603539,Perez,772,France,Male,56,6,149062.81,2,1,1,134513.83,0
3541,15603540,Gonzalez,725,France,Male,46,0,97891.17,2,0,0,121237.9,0
3542,15603541,Martinez,775,Spain,Female,37,1,99206.26,2,1,1,162872.58,0
3543,15603542,Moore,490,France,Male,55,10,0.0,2,1,1,12184.02,0
3544,15603543,Smith,586,France,Female,53,7,0.0,2,1,0,129335.62,1
3545,15603544,Rodriguez,749,Spain,Male,42,0,48883.82,1,1,1,143527.24,0
3546,15603545,Garcia,705,France,Female,61,1,127075.09,2,1,0,158494.86,0
3547,15603546,Hernandez,637,France,Female,47,4,149557.08,2,1,1,74042.52,0
3548,15603547,Martinez,604,France,Female,54,5,62327.52,1,1,0,58498.5,1
3549,15603548,Thompson,725,France,Female,75,0,88439.88,2,1,0,132924.93,1
3550,15603549,Harris,459,Germany,Male,60,0,0.0,1,1,1,103012.29,1
3551,15603550,Gonzalez,726,Spain,Male,39,1,77610.19,1,0,0,75272.71,1
3552,15603551,Lee,658,France,Male,60,2,58962.33,3,1,0,149017.77,1
3553,15603552,Harris,603,Germany,Female,45,8,194140.21,2,1,1,96221.95,0
3554,15603553,Rodriguez,698,Germany,Male,58,2,0.0,2,1,0,91598.6,1
3555,15603554,Clark,612,France,Female,64,7,143716.25,1,0,1,71713.59,0
3556,15603555,Clark,652,Germany,Male,54,5,13439.31,1,1,1,9824.78,0
3557,15603556,Harris,645,France,Male,40,9,97326.79,2,1,1,166718.57,0
3558,15603557,Davis,721,France,Female,34,4,73004.59,2,1,0,68555.84,0
3559,15603558,Moore,665,France,Male,67,8,0.0,1,1,1,87319.21,1
3560,15603559,Jackson,466,France,Male,72,7,148563.01,1,1,0,23626.29,0
3561,15603560,Jones,516,France,Male,45,10,25547.63,2,1,0,122751.08,0
3562,15603561,Thompson,545,Spain,Male,33,2,0.0,1,0,1,118912.23,0
3563,15603562,Robinson,693,France,Female,38,6,135191.32,1,0,1,60865.69,0
3564,15603563,Anderson,703,France,Female,47,3,171061.77,1,1,1,71638.83,0
3565,15603564,Sanchez,810,France,Male,64,7,0.0,2,1,1,149835.91,0
3566,15603565,Martin,552,Germany,Male,33,6,0.0,2,0,1,106869.37,0
3567,15603566,Rodriguez,775,Germany,Male,69,2,19694.67,1,1,1,50029.3,0
3568,15603567,Johnson,463,Germany,Male,67,6,117325.11,1,0,1,112750.64,1
3569,15603568,Hernandez,651,Spain,Female,69,5,204560.99,2,1,1,174993.62,0
3570,15603569,Taylor,673,Spain,Female,42,5,81959.06,2,1,0,199331.08,0
3571,15603570,Miller,673,France,Male,65,10,115686.79,1,1,1,18125.87,0
3572,15603571,Brown,620,Germany,Male,52,9,0.0,1,0,1,89553.13,1
3573,15603572,Moore,661,Spain,Female,41,2,0.0,1,1,1,89387.43,0
3574,15603573,Clark,531,Spain,Male,54,3,0.0,1,0,1,188765.63,0
3575,15603574,Lopez,733,Spain,Male,52,3,0.0,1,1,0,184057.91,0
3576,15603575,Davis,673,France,Female,38,5,0.0,1,1,1,89861.9,0
3577,15603576,Lopez,684,France,Male,60,8,0.0,2,1,1,53651.87,0
3578,15603577,Gonzalez,623,France,Male,52,4,96071.05,1,0,1,128975.13,0
3579,15603578,Lopez,618,Germany,Female,48,7,0.0,1,0,1,24118.71,1
3580,15603579,Martin,700,France,Female,48,4,125257.23,1,1,1,40701.45,0
3581,15603580,Moore,802,France,Male,56,5,225904.54,1,0,1,164404.06,0
3582,15603581,Moore,516,Spain,Male,47,5,0.0,3,1,1,167525.08,1
3583,15603582,Garcia,511,France,Male,35,3,0.0,2,1,1,180944.51,0
3584,15603583,Martin,675,Spain,Female,41,9,99341.88,2,0,1,149120.07,0
3585,15603584,Thomas,618,France,Male,52,9,80465.67,1,1,1,33384.66,0
3586,15603585,Williams,661,France,Male,46,4,47474.41,2,0,1,58326.42,0
3587,15603586,Harris,647,France,Female,48,3,90961.86,2,1,0,92590.54,0
3588,15603587,White,709,Spain,Male,42,1,10449.94,1,0,1,63952.65,0
3589,15603588,Lee,622,France,Male,42,1,56308.37,1,0,0,106828.2,0
3590,15603589,Harris,534,France,Male,58,7,33878.56,1,1,1,18977.88,0
3591,15603590,Brown,574,Spain,Male,54,3,25012.39,1,1,1,190423.71,0
3592,15603591,Anderson,634,France,Male,43,8,0.0,1,1,0,195889.19,0
3593,15603592,Lee,529,Germany,Female,47,5,74588.13,2,0,0,14676.4,0
3594,15603593,Thomas,646,Germany,Female,62,4,155896.75,1,1,0,8086.51,1
3595,15603594,Brown,655,France,Male,40,6,127550.66,2,1,1,97442.48,0
3596,15603595,Miller,615,Germany,Male,64,5,119744.49,2,1,1,28699.66,0
3597,15603596,Martin,670,France,Female,50,3,0.0,1,0,1,27747.47,0
3598,15603597,Anderson,495,Germany,Male,48,9,0.0,2,1,0,73532.47,0
3599,15603598,Sanchez,558,France,Male,39,8,179451.82,1,0,0,191667.66,0
3600,15603599,Moore,540,Germany,Female,92,5,100484.95,2,0,1,187361.42,1
3601,15603600,Jones,734,France,Male,57,2,124744.73,1,1,1,185576.72,1
3602,15603601,Hernandez,850,Germany,Male,34,3,0.0,1,1,0,33668.8,0
3603,15603602,Lopez,565,France,Male,54,3,174407.1,1,0,0,17015.4,1
3604,15603603,Ramirez,627,France,Male,67,7,88488.45,2,0,1,22043.53,0
3605,15603604,Ramirez,583,France,Male,55,4,129557.9,2,1,0,118022.61,0
3606,15603605,Robinson,671,France,Male,62,7,72938.81,1,0,0,67837.41,1
3607,15603606,Gonzalez,591,Spain,Male,46,10,128302.29,2,1,0,175058.97,0
3608,15603607,Perez,677,France,Female,45,7,141521.46,2,1,1,131777.01,0
3609,15603608,White,713,Spain,Male,48,5,46503.0,1,1,1,199627.12,0
3610,15603609,Taylor,532,Spain,Male,52,4,82571.76,1,0,1,181673.29,0
3611,15603610,White,676,Germany,Female,46,1,212561.39,2,0,1,114136.64,0
3612,15603611,Harris,477,France,Female,50,0,109928.78,2,1,0,166273.84,0
3613,15603612,Garcia,625,France,Male,41,6,129408.0,1,1,1,32070.68,0
3614,15603613,Robinson,618,Spain,Male,37,9,0.0,2,1,1,172044.03,0
3615,15603614,Harris,628,France,Male,43,9,32754.76,3,0,0,143177.14,1
3616,15603615,Ramirez,620,France,Female,78,10,0.0,1,1,0,77461.19,1
3617,15603616,Jackson,602,Germany,Male,68,6,0.0,2,0,0,161408.77,1
3618,15603617,Clark,624,Spain,Male,55,1,2735.59,1,1,1,131434.78,0
3619,15603618,Miller,672,Spain,Male,38,2,86091.72,1,1,0,17394.61,0
3620,15603619,Garcia,675,France,Male,51,10,0.0,2,0,0,195785.93,0
3621,15603620,Moore,661,Germany,Male,53,7,78598.01,2,1,1,54242.71,0
3622,15603621,Smith,594,France,Male,45,3,44075.05,1,1,0,109456.94,0
3623,15603622,Thompson,753,France,Female,69,4,117150.95,1,1,1,173851.28,0
3624,15603623,Miller,796,Spain,Female,37,6,68202.35,1,0,0,57748.11,0
3625,15603624,Ramirez,526,France,Male,40,7,0.0,2,1,0,46189.05,0
3626,15603625,Hernandez,665,France,Male,58,0,93355.3,1,0,1,111071.88,0
3627,15603626,Rodriguez,605,France,Male,40,6,0.0,2,1,1,70375.6,0
3628,15603627,Thompson,738,Spain,Male,41,2,168921.07,2,1,0,138378.92,0
3629,15603628,Johnson,648,Spain,Female,51,4,79879.22,1,1,1,64367.32,0
3630,15603629,Martin,655,Germany,Female,33,0,0.0,1,1,0,197852.87,0
3631,15603630,Jones,697,Spain,Male,54,10,8179.07,2,1,1,56568.19,0
3632,15603631,Davis,621,France,Male,46,2,0.0,1,1,0,127484.85,0
3633,15603632,Garcia,811,France,Male,50,4,0.0,1,1,1,54299.83,0
3634,15603633,Garcia,698,France,Female,44,0,0.0,2,1,0,92292.36,0
3635,15603634,Perez,739,France,Female,69,1,0.0,1,0,1,58266.79,0
3636,15603635,Ramirez,628,France,Female,63,2,89847.27,1,0,0,83182.79,0
3637,15603636,Garcia,638,Spain,Female,58,7,241443.41,1,1,0,126392.15,1
3638,15603637,Brown,727,France,Male,42,4,0.0,2,0,0,141160.66,0
3639,15603638,Harris,718,France,Female,60,4,83430.22,1,1,0,47144.03,1
3640,15603639,Harris,530,France,Female,55,2,0.0,1,0,1,179828.89,0
3641,15603640,Perez,662,France,Male,88,8,0.0,1,0,0,64455.35,1
3642,15603641,Harris,695,Spain,Male,38,8,174538.55,1,0,1,12379.32,0
3643,15603642,Hernandez,637,France,Female,49,1,184820.19,2,1,1,189375.91,0
3644,15603643,Moore,686,France,Female,44,7,0.0,1,1,1,54474.16,1
3645,15603644,Rodriguez,641,Spain,Female,56,0,47417.78,1,1,1,199351.22,0
3646,15603645,Anderson,434,France,Female,37,4,102852.88,2,0,1,109457.06,0
3647,15603646,Sanchez,524,France,Female,61,6,127232.64,4,0,1,169762.29,1
3648,15603647,White,743,France,Female,37,7,0.0,2,0,0,21684.68,0
3649,15603648,Rodriguez,626,Germany,Male,56,7,0.0,2,1,0,110321.48,1
3650,15603649,Jackson,668,Spain,Female,48,5,0.0,1,1,0,3755.31,0
3651,15603650,Sanchez,649,Spain,Male,43,6,0.0,2,1,1,75961.11,0
3652,15603651,Clark,570,France,Male,40,3,134580.2,1,1,0,8237.06,0
3653,15603652,Gonzalez,605,Spain,Male,44,9,0.0,1,1,1,92455.21,0
3654,15603653,Lewis,681,France,Female,48,6,100186.87,1,1,0,142620.14,0
3655,15603654,Williams,691,France,Female,51,6,172671.05,2,1,0,175514.88,0
3656,15603655,Sanchez,850,France,Female,53,8,128771.09,1,0,1,133022.15,0
3657,15603656,White,604,France,Male,49,10,0.0,1,0,1,145037.71,0
3658,15603657,Wilson,810,Germany,Male,47,1,29093.64,2,1,0,43568.43,1
3659,15603658,Jones,567,Germany,Male,74,10,14337.72,1,1,1,58585.95,1
3660,15603659,Thompson,696,Spain,Male,60,7,79347.4,2,0,0,187557.01,0
3661,15603660,Lopez,667,Germany,Female,38,8,43253.69,1,1,0,32627.8,1
3662,15603661,Lee,637,Germany,Male,45,2,82948.15,1,0,1,198140.58,0
3663,15603662,Davis,649,France,Female,50,7,139488.62,1,0,1,168107.12,0
3664,15603663,Sanchez,590,France,Female,43,0,125157.61,2,1,1,160476.67,0
3665,15603664,Taylor,736,Germany,Male,48,9,0.0,1,0,0,161676.85,1
3666,15603665,Martinez,569,France,Female,38,4,82642.04,1,1,0,74536.12,0
3667,15603666,Sanchez,680,Spain,Male,52,0,0.0,1,1,0,158540.98,0
3668,15603667,White,722,France,Male,80,0,126482.8,1,1,1,70876.64,0
3669,15603668,Thomas,782,France,Female,53,5,255482.26,2,1,1,73275.49,0
3670,15603669,Perez,743,France,Female,53,4,56523.56,2,1,0,158785.59,0
3671,15603670,Martin,704,France,Male,49,4,49239.76,2,0,1,78077.88,0
3672,15603671,Smith,588,France,Male,40,1,0.0,2,1,0,161593.98,0
3673,15603672,White,574,Germany,Male,76,9,0.0,1,1,0,2279.12,0
3674,15603673,Robinson,540,France,Male,54,8,0.0,4,1,1,34330.16,1
3675,15603674,Lee,531,Germany,Female,58,4,239055.96,1,0,0,186678.96,1
3676,15603675,Taylor,649,France,Female,47,2,224207.65,2,1,0,125894.72,0
3677,15603676,Wilson,580,France,Male,58,10,0.0,2,0,1,93617.53,0
3678,15603677,Gonzalez,765,France,Female,76,6,38787.49,1,0,0,116019.56,1
3679,15603678,Thomas,594,Spain,Male,69,5,0.0,2,0,1,80421.28,0
3680,15603679,Moore,659,France,Male,26,10,0.0,2,1,1,26559.93,0
3681,15603680,Lewis,624,Spain,Female,68,5,126509.2,2,0,1,178236.16,0
3682,15603681,Hernandez,515,France,Female,42,4,87460.76,2,1,1,150823.29,0
3683,15603682,Robinson,754,Spain,Female,42,3,130219.58,2,1,1,139584.77,0
3684,15603683,Lewis,716,France,Male,39,5,82622.25,1,1,1,168765.97,0
3685,15603684,Lopez,727,Germany,Female,41,6,138150.08,1,1,1,149135.03,0
3686,15603685,Lewis,707,Germany,Male,56,7,118117.45,1,1,0,103169.6,1
3687,15603686,Miller,577,Spain,Female,53,1,91486.78,2,1,0,27434.9,0
3688,15603687,Sanchez,578,France,Female,59,3,146601.08,1,1,1,21485.09,1
3689,15603688,Hernandez,693,France,Male,51,10,22567.84,1,0,0,6299.43,0
3690,15603689,Rodriguez,798,France,Female,42,6,0.0,1,1,0,98352.23,0
3691,15603690,Garcia,687,Spain,Male,60,2,153423.64,2,1,1,31916.61,0
3692,15603691,Sanchez,743,Germany,Male,48,4,45431.91,1,1,1,54600.17,0
3693,15603692,Martin,599,Spain,Female,61,9,41267.74,1,0,0,175573.37,0
3694,15603693,Jackson,755,France,Male,54,6,0.0,1,1,0,121528.37,0
3695,15603694,Lewis,609,France,Female,52,8,0.0,1,0,0,197086.62,0
3696,15603695,Thomas,673,France,Male,79,5,0.0,2,0,0,189994.36,1
3697,15603696,Anderson,614,Spain,Female,35,1,0.0,1,1,0,88434.1,0
3698,15603697,Brown,735,Germany,Male,35,8,160581.07,1,1,1,131495.44,0
3699,15603698,Jackson,736,Spain,Male,44,5,0.0,2,1,0,189638.77,1
3700,15603699,Anderson,508,France,Male,61,9,0.0,2,1,1,156895.88,0
3701,15603700,Williams,777,Germany,Female,46,1,172353.09,2,1,0,131176.09,1
3702,15603701,Johnson,850,Germany,Female,48,0,43072.16,2,1,0,118503.17,1
3703,15603702,Martinez,615,France,Female,36,3,91174.21,2,0,0,108493.5,0
3704,15603703,Wilson,637,Spain,Male,60,1,0.0,2,1,0,27751.1,0
3705,15603704,Moore,768,Spain,Male,36,6,82266.3,1,1,1,21240.48,0
3706,15603705,Jackson,656,Spain,Male,47,10,54419.84,2,1,0,48131.37,0
3707,15603706,Gonzalez,649,Germany,Female,33,6,155806.74,1,0,1,114711.85,0
3708,15603707,Thompson,832,France,Male,63,2,87034.26,2,0,1,186101.38,0
3709,15603708,Hernandez,519,France,Female,35,10,72460.75,1,0,1,78793.7,0
3710,15603709,Jackson,574,Spain,Female,47,9,0.0,2,1,0,171714.79,0
3711,15603710,Smith,690,France,Male,45,0,55189.79,2,0,0,4390.37,0
3712,15603711,Lee,494,Germany,Male,58,1,135180.41,2,1,1,148056.21,1
3713,15603712,White,614,Germany,Female,53,7,80750.56,2,1,1,17910.4,0
3714,15603713,White,613,Germany,Male,78,3,164545.34,1,1,0,180112.65,1
3715,15603714,Lee,742,Spain,Male,38,2,226633.05,2,1,0,96766.41,0
3716,15603715,White,716,France,Male,68,9,43968.94,1,1,1,101515.6,0
3717,15603716,Martin,488,France,Female,71,6,0.0,2,1,0,183755.08,1
3718,15603717,Jackson,583,France,Female,77,9,86935.27,1,0,0,87793.37,1
3719,15603718,Moore,583,France,Male,51,3,46754.63,2,1,0,180518.93,0
3720,15603719,Lewis,629,France,Male,39,1,41675.5,2,1,0,136233.22,0
3721,15603720,Garcia,544,France,Male,57,2,0.0,1,1,0,56560.03,0
3722,15603721,Davis,693,Spain,Female,36,3,117273.21,2,1,1,12157.23,0
3723,15603722,Davis,583,Spain,Male,66,0,0.0,1,1,1,180948.08,0
3724,15603723,Perez,706,France,Male,50,7,161503.8,1,1,1,64955.75,1
3725,15603724,Taylor,649,France,Female,55,10,0.0,2,1,1,4918.05,0
3726,15603725,Clark,556,Spain,Female,77,7,40655.4,1,1,1,181347.17,0
3727,15603726,Thompson,783,France,Female,53,4,0.0,2,1,0,106528.4,0
3728,15603727,Lopez,786,France,Female,39,5,97387.6,1,1,1,139478.03,0
3729,15603728,Johnson,677,France,Male,50,3,81375.48,1,1,0,190627.29,0
3730,15603729,Lee,627,Germany,Male,45,10,94601.47,1,1,0,39476.57,0
3731,15603730,Martin,548,France,Male,54,2,96151.7,1,1,1,126279.89,0
3732,15603731,Clark,752,Spain,Male,47,2,52605.97,3,0,0,34674.76,1
3733,15603732,Moore,728,France,Female,44,3,0.0,1,1,1,51827.15,0
3734,15603733,White,571,Germany,Female,51,5,0.0,1,1,0,108198.95,1
3735,15603734,Thompson,584,France,Female,39,1,0.0,1,0,1,44584.52,0
3736,15603735,Lee,693,France,Male,50,5,0.0,2,0,1,94172.19,0
3737,15603736,Sanchez,537,Germany,Female,58,7,12199.13,1,1,1,3212.71,0
3738,15603737,Taylor,589,Spain,Female,72,8,4582.07,2,1,0,130002.45,0
3739,15603738,Gonzalez,550,Spain,Male,45,3,0.0,1,1,1,153166.47,0
3740,15603739,Lee,553,Germany,Female,82,4,0.0,1,1,0,46608.6,1
3741,15603740,Miller,580,Spain,Male,55,7,50814.42,1,1,0,5652.73,0
3742,15603741,Harris,736,Spain,Male,48,9,0.0,2,1,0,13498.43,0
3743,15603742,Taylor,481,Spain,Female,49,1,0.0,2,1,1,126331.23,0
3744,15603743,Jones,691,France,Female,31,9,173393.32,2,1,1,199952.42,0
3745,15603744,Lee,674,France,Male,51,1,186688.22,1,0,0,137177.75,0
3746,15603745,Thomas,742,France,Male,46,8,155643.74,2,1,0,1868.29,0
3747,15603746,Lewis,674,Germany,Female,44,10,0.0,1,1,1,187560.46,0
3748,15603747,Thomas,613,France,Female,54,5,144118.35,1,1,0,171559.98,1
3749,15603748,Brown,571,France,Female,35,9,138709.93,1,1,0,104548.61,1
3750,15603749,Robinson,745,Spain,Male,42,8,104035.93,1,1,1,162086.13,0
3751,15603750,Wilson,697,Spain,Male,61,9,116792.64,2,0,0,58835.09,1
3752,15603751,Lee,602,Spain,Male,33,6,111202.19,1,0,1,24429.49,0
3753,15603752,Johnson,737,France,Male,56,4,215402.82,2,1,0,31358.54,1
3754,15603753,Lee,607,Germany,Male,52,8,101622.04,1,0,1,47230.38,1
3755,15603754,Thomas,649,France,Male,45,8,104566.74,2,1,1,54359.16,0
3756,15603755,Ramirez,591,France,Female,24,1,166073.29,2,1,1,84328.04,0
3757,15603756,Martin,701,France,Male,47,7,120552.41,1,1,1,137970.13,0
3758,15603757,Williams,554,France,Female,50,7,0.0,1,1,0,26373.45,1
3759,15603758,White,621,France,Male,57,1,105244.32,2,1,1,39804.77,0
3760,15603759,Wilson,587,Spain,Male,55,9,101895.97,2,1,0,22788.66,1
3761,15603760,Taylor,675,France,Male,66,6,0.0,1,1,1,96750.53,0
3762,15603761,Martin,687,Germany,Male,55,0,0.0,1,1,0,142738.53,1
3763,15603762,Davis,544,Germany,Male,70,4,0.0,2,0,0,88543.96,0
3764,15603763,Moore,689,France,Female,34,4,0.0,1,0,1,148832.51,0
3765,15603764,Thomas,508,France,Female,66,9,0.0,2,1,1,113577.84,0
3766,15603765,Thomas,850,France,Male,48,4,0.0,2,1,1,63278.99,0
3767,15603766,Martin,600,Germany,Male,53,1,130074.73,2,1,0,108994.55,0
3768,15603767,Brown,750,France,Female,59,2,0.0,1,1,0,166260.05,0
3769,15603768,Thompson,669,France,Female,41,5,0.0,1,1,1,34599.82,0
3770,15603769,Moore,673,France,Male,49,0,149289.82,2,0,1,112670.11,0
3771,15603770,Lopez,538,Germany,Female,68,5,0.0,2,1,1,134924.41,1
3772,15603771,Johnson,730,Spain,Female,72,5,0.0,1,0,1,180803.03,0
3773,15603772,Moore,654,France,Female,44,6,169035.28,1,1,1,120777.42,0
3774,15603773,Smith,695,Germany,Female,58,8,123534.21,2,0,1,8525.82,0
3775,15603774,Williams,641,Germany,Female,47,8,71349.85,2,0,1,113748.56,0
3776,15603775,Robinson,662,Spain,Female,37,3,0.0,2,1,0,40657.48,0
3777,15603776,Lee,564,Spain,Male,71,1,24541.83,1,1,0,92845.58,0
3778,15603777,Moore,635,Germany,Female,41,4,0.0,1,0,0,113371.82,0
3779,15603778,Williams,609,Germany,Female,90,0,188904.5,2,0,0,131733.97,1
3780,15603779,Thompson,582,Spain,Female,38,4,14020.16,1,0,1,14655.69,0
3781,15603780,Thompson,662,France,Female,66,9,54002.85,1,1,1,169406.11,0
3782,15603781,Anderson,684,France,Male,65,2,72657.78,1,1,0,188765.94,0
3783,15603782,Thompson,674,France,Male,47,6,57851.47,2,1,0,139708.33,0
3784,15603783,Lopez,640,Spain,Male,55,6,0.0,1,1,0,120682.46,0
3785,15603784,Clark,689,Spain,Male,47,2,105757.8,2,1,1,123757.53,0
3786,15603785,Smith,673,France,Male,43,4,130080.97,1,1,1,139603.15,0
3787,15603786,Clark,659,Germany,Female,57,8,0.0,1,1,1,176113.64,1
3788,15603787,Gonzalez,665,France,Male,62,3,0.0,1,1,0,30106.87,0
3789,15603788,Thompson,763,France,Female,44,1,181866.65,2,1,1,6879.34,0
3790,15603789,Martin,534,Spain,Female,71,2,157084.4,2,1,1,14250.1,0
3791,15603790,Miller,619,France,Male,54,10,0.0,1,1,1,55636.15,0
3792,15603791,Gonzalez,682,France,Male,51,0,0.0,2,1,1,80564.76,0
3793,15603792,Martin,498,Germany,Female,52,4,59592.26,2,0,0,93130.35,1
3794,15603793,Ramirez,782,Germany,Female,70,8,0.0,1,1,0,44969.8,0
3795,15603794,Perez,674,France,Female,48,1,0.0,2,1,0,15073.61,0
3796,15603795,Jones,741,Germany,Female,48,2,148092.1,1,0,0,49761.18,1
3797,15603796,Williams,757,Germany,Female,70,2,115156.88,2,1,1,154474.57,1
3798,15603797,Anderson,689,France,Female,71,6,87565.9,2,1,1,121869.14,0
3799,15603798,Smith,435,France,Female,65,9,88159.75,2,0,1,148096.02,1
3800,15603799,Jones,664,Germany,Female,39,6,168093.62,1,0,0,105366.51,1
3801,15603800,Thomas,670,France,Female,81,10,92979.56,2,1,1,50978.9,0
3802,15603801,Robinson,545,Spain,Male,53,0,141389.33,2,1,1,193063.98,0
3803,15603802,Brown,478,Spain,Female,51,2,0.0,1,1,1,169624.85,0
3804,15603803,Jackson,694,Spain,Male,65,0,0.0,2,0,1,182151.94,0
3805,15603804,Williams,530,France,Female,56,8,176805.88,1,1,1,42976.75,0
3806,15603805,Hernandez,847,Spain,Male,47,6,0.0,1,1,0,139504.23,0
3807,15603806,Brown,675,France,Male,74,4,0.0,2,1,0,109597.68,1
3808,15603807,Rodriguez,779,France,Male,51,6,0.0,2,1,0,42949.57,0
3809,15603808,Taylor,652,France,Male,53,2,151497.5,2,0,1,163496.9,0
3810,15603809,Williams,722,France,Male,74,2,0.0,1,0,1,642.71,0
3811,15603810,Clark,655,Germany,Female,64,0,0.0,1,1,1,34297.25,1
3812,15603811,Miller,746,France,Male,60,4,144778.2,2,1,0,33281.06,1
3813,15603812,Lopez,454,France,Male,47,6,63467.89,2,0,1,116079.34,0
3814,15603813,Thompson,735,Germany,Male,57,2,79386.03,1,1,0,102259.95,1
3815,15603814,Clark,714,France,Female,58,4,0.0,1,1,0,185876.1,1
3816,15603815,Miller,635,Germany,Male,57,9,108771.61,2,0,1,165745.46,0
3817,15603816,Jackson,610,France,Male,51,0,90499.52,1,1,0,66016.08,1
3818,15603817,Martin,621,Spain,Male,44,6,46604.97,1,1,0,105710.22,0
3819,15603818,Hernandez,677,Spain,Female,66,10,53133.4,1,1,0,62028.63,0
3820,15603819,Sanchez,766,France,Male,46,7,115086.47,1,1,1,40185.83,0
3821,15603820,Rodriguez,598,France,Male,52,7,77397.27,1,1,1,122168.2,0
3822,15603821,Anderson,486,France,Male,32,0,0.0,2,0,0,165075.55,0
3823,15603822,Williams,850,Spain,Female,63,3,24088.65,1,0,1,6010.13,0
3824,15603823,Garcia,714,France,Male,42,8,0.0,1,0,0,9854.67,0
3825,15603824,Harris,612,France,Female,58,1,53402.8,2,1,0,7465.65,1
3826,15603825,Martinez,764,France,Male,40,0,96123.68,2,0,0,140332.88,0
3827,15603826,Jackson,739,France,Male,50,5,173278.42,1,1,1,69698.9,0
3828,15603827,Martinez,697,France,Male,49,10,0.0,2,1,0,141801.26,0
3829,15603828,Rodriguez,604,Spain,Male,42,10,73843.93,1,0,1,44564.36,0
3830,15603829,Ramirez,714,France,Male,55,0,66233.39,2,0,1,2103.32,0
3831,15603830,Wilson,754,France,Male,38,5,0.0,2,1,0,132978.29,0
3832,15603831,Rodriguez,484,Spain,Male,61,0,0.0,1,1,0,38924.15,0
3833,15603832,Jones,671,Spain,Female,62,5,15790.19,2,1,0,111268.56,0
3834,15603833,Ramirez,678,France,Female,43,8,0.0,1,1,1,86767.51,0
3835,15603834,Anderson,675,France,Male,70,4,84673.0,1,0,1,178113.41,0
3836,15603835,Jackson,654,France,Female,50,3,71907.06,2,1,0,7565.91,0
3837,15603836,Anderson,763,Spain,Female,42,7,0.0,2,1,1,89296.17,0
3838,15603837,Taylor,629,France,Female,36,3,65670.19,1,1,1,167569.88,0
3839,15603838,Lewis,649,Spain,Male,28,3,0.0,2,1,1,136062.51,0
3840,15603839,Moore,680,Germany,Female,69,10,172977.13,1,1,0,175714.18,0
3841,15603840,Moore,632,Germany,Male,44,8,0.0,1,0,0,198253.38,0
3842,15603841,Wilson,516,France,Male,48,0,85445.63,1,1,0,111375.9,0
3843,15603842,Lee,670,France,Male,47,2,0.0,4,0,1,69085.74,0
3844,15603843,Clark,671,France,Male,65,10,121782.47,1,0,1,16186.64,1
3845,15603844,Jackson,614,France,Male,58,3,107594.33,2,1,1,125646.97,0
3846,15603845,Gonzalez,637,Germany,Male,53,7,0.0,1,0,1,155401.24,0
3847,15603846,Thompson,350,Spain,Female,31,0,0.0,2,0,0,99884.7,0
3848,15603847,Smith,766,Germany,Male,39,2,124579.74,3,1,0,41019.86,1
3849,15603848,Perez,736,Germany,Male,75,1,153957.05,1,1,1,180965.01,0
3850,15603849,Jones,521,France,Male,59,5,131566.94,2,1,0,179174.18,0
3851,15603850,Ramirez,585,France,Male,59,8,102769.09,1,1,1,76634.25,0
3852,15603851,Brown,789,France,Female,40,9,119908.67,2,1,1,131470.55,0
3853,15603852,Gonzalez,539,Germany,Female,28,8,131749.32,1,1,1,153944.2,0
3854,15603853,Harris,695,Spain,Male,41,9,150120.64,2,1,1,20369.63,0
3855,15603854,Robinson,602,Germany,Male,53,4,127469.97,1,1,0,168997.21,1
3856,15603855,Ramirez,689,France,Female,53,2,0.0,1,1,1,146527.48,0
3857,15603856,Clark,654,France,Male,42,7,66031.32,1,0,1,104336.62,0
3858,15603857,Anderson,622,Germany,Female,40,8,0.0,2,1,1,184025.01,0
3859,15603858,Davis,687,France,Male,46,8,0.0,1,1,0,157047.91,0
3860,15603859,Lopez,602,Spain,Male,48,10,130211.5,1,1,1,98523.59,0
3861,15603860,Jackson,478,Spain,Male,39,0,0.0,1,1,1,175497.4,0
3862,15603861,Lopez,560,Germany,Male,59,9,0.0,1,1,0,175297.75,0
3863,15603862,Gonzalez,549,France,Male,60,4,12522.62,1,1,1,124048.66,0
3864,15603863,Lopez,496,France,Female,58,9,123434.78,1,0,1,177242.3,0
3865,15603864,Ramirez,685,France,Female,39,8,64049.64,4,1,1,146087.2,0
3866,15603865,Garcia,633,France,Female,46,10,140519.53,2,1,0,19329.08,0
3867,15603866,Rodriguez,683,France,Female,62,2,0.0,3,0,0,175377.9,1
3868,15603867,Lee,699,Germany,Male,54,6,0.0,2,1,1,150032.31,0
3869,15603868,Harris,722,Germany,Female,70,8,0.0,2,1,0,66366.77,1
3870,15603869,Moore,689,France,Male,68,1,0.0,1,1,1,28420.62,0
3871,15603870,Lee,555,France,Female,52,1,0.0,1,1,1,14956.33,1
3872,15603871,Lopez,705,France,Male,46,4,119975.17,4,1,0,192763.5,1
3873,15603872,Moore,671,France,Female,61,7,174663.51,1,0,0,118565.95,0
3874,15603873,Garcia,850,Spain,Female,63,9,190019.31,1,0,1,12671.55,0
3875,15603874,Williams,650,France,Male,65,4,203582.93,2,1,1,4954.86,0
3876,15603875,Gonzalez,686,France,Male,54,7,38078.25,1,1,0,21552.86,0
3877,15603876,Lewis,640,France,Male,44,3,0.0,1,0,0,136895.43,0
3878,15603877,Garcia,654,Spain,Male,58,8,0.0,2,0,1,41856.58,0
3879,15603878,Lopez,648,Germany,Female,58,3,87534.75,1,1,1,103031.23,1
3880,15603879,Miller,608,France,Female,61,4,109564.64,2,1,0,166351.4,1
3881,15603880,Lee,667,Germany,Male,47,6,0.0,2,1,1,153607.62,0
3882,15603881,Perez,709,Germany,Male,34,8,133649.01,1,1,1,79899.74,0
3883,15603882,Brown,609,Spain,Female,57,4,173641.3,1,1,0,168449.86,1
3884,15603883,Lopez,730,France,Male,38,6,74560.75,2,1,0,61854.94,0
3885,15603884,Perez,718,Spain,Male,62,3,0.0,2,1,0,49413.99,0
3886,15603885,Lewis,565,Spain,Female,54,1,0.0,2,1,1,150736.53,0
3887,15603886,Lewis,557,Spain,Female,45,1,120129.66,1,1,0,99380.48,0
3888,15603887,Miller,693,Germany,Male,70,4,0.0,1,0,0,189578.13,1
3889,15603888,Hernandez,593,Germany,Male,48,1,0.0,2,1,0,54093.92,1
3890,15603889,Robinson,549,France,Female,54,1,101128.23,2,1,1,105946.18,0
3891,15603890,Lopez,814,Spain,Female,46,1,0.0,1,1,0,40513.54,0
3892,15603891,Rodriguez,557,Germany,Female,52,3,8377.07,1,0,1,16061.16,0
3893,15603892,Jackson,503,Germany,Male,58,7,0.0,2,1,1,37546.46,0
3894,15603893,Jackson,574,France,Female,47,6,37706.83,1,1,1,11807.44,0
3895,15603894,Smith,672,Germany,Female,50,4,0.0,4,1,0,40074.64,1
3896,15603895,Lewis,657,Spain,Female,62,6,101658.09,1,0,1,4559.23,0
3897,15603896,Gonzalez,831,France,Female,35,5,0.0,1,1,0,27330.62,0
3898,15603897,Lopez,576,Spain,Male,63,7,400.02,2,0,0,86539.11,0
3899,15603898,Lee,672,Germany,Female,66,7,168257.3,1,1,1,55692.45,1
3900,15603899,Harris,758,Spain,Male,41,6,107470.72,3,1,1,65782.11,1
3901,15603900,Clark,586,France,Male,36,4,44329.08,1,1,1,34215.8,0
3902,15603901,Perez,717,France,Female,39,5,49018.62,2,0,0,186200.84,0
3903,15603902,Williams,474,Spain,Female,43,10,0.0,1,1,1,179052.6,0
3904,15603903,Martinez,818,France,Female,40,10,0.0,1,0,0,66185.82,0
3905,15603904,Thompson,745,Spain,Male,60,9,145509.73,2,1,0,183474.21,0
3906,15603905,Wilson,584,France,Male,51,7,123484.17,2,1,1,87818.51,0
3907,15603906,Lewis,729,Germany,Female,56,6,0.0,2,1,0,59125.62,1
3908,15603907,Rodriguez,776,France,Male,64,4,115260.42,1,1,1,197929.3,1
3909,15603908,Lewis,526,Germany,Female,61,9,190049.41,3,1,1,85968.94,1
3910,15603909,Gonzalez,592,France,Male,74,7,93752.24,2,1,1,16722.87,1
3911,15603910,Thompson,779,France,Female,67,3,0.0,1,0,0,116680.77,1
3912,15603911,Lopez,656,France,Male,29,5,16705.87,1,1,1,36350.85,0
3913,15603912,Moore,691,France,Female,49,3,75002.19,1,0,1,122829.58,1
3914,15603913,Gonzalez,656,Spain,Female,58,4,76900.06,2,1,1,9622.7,0
3915,15603914,Sanchez,735,Spain,Male,74,9,53094.83,2,1,1,22162.35,0
3916,15603915,Smith,699,France,Female,48,2,129569.42,2,1,1,62525.17,0
3917,15603916,Thomas,660,Germany,Female,59,1,165401.98,1,0,1,123269.66,1
3918,15603917,Jackson,448,France,Female,80,10,0.0,1,1,0,129236.76,0
3919,15603918,Rodriguez,711,Germany,Female,60,0,142775.08,1,1,1,129524.63,0
3920,15603919,Clark,720,Spain,Male,42,2,0.0,1,1,0,102035.26,1
3921,15603920,Gonzalez,531,Spain,Male,36,10,0.0,2,1,0,66139.21,0
3922,15603921,Thomas,537,France,Male,43,0,15131.37,1,1,1,174648.79,0
3923,15603922,Thomas,699,Spain,Male,50,5,64583.14,1,1,1,90378.77,0
3924,15603923,Rodriguez,668,France,Male,78,10,59767.99,1,1,1,156539.13,0
3925,15603924,Lopez,460,Spain,Female,65,1,0.0,2,0,1,94360.57,1
3926,15603925,Davis,571,France,Male,48,2,15079.93,2,0,0,171576.21,0
3927,15603926,Rodriguez,680,Germany,Male,42,7,0.0,1,1,1,5609.92,0
3928,15603927,Miller,714,Germany,Male,42,4,0.0,1,0,0,53658.01,0
3929,15603928,Anderson,593,Germany,Female,84,1,0.0,1,0,0,156010.15,1
3930,15603929,Johnson,635,France,Female,41,1,157686.55,1,1,1,138269.5,0
3931,15603930,Williams,565,Spain,Male,63,2,0.0,2,1,1,181421.25,0
3932,15603931,Lee,777,France,Female,62,2,0.0,1,0,0,118429.0,0
3933,15603932,Brown,666,Germany,Male,49,7,106733.37,2,0,0,191122.18,0
3934,15603933,Rodriguez,585,France,Female,40,4,0.0,2,1,0,183028.25,0
3935,15603934,Jackson,538,France,Female,58,7,0.0,2,0,1,185271.73,0
3936,15603935,Perez,528,Germany,Male,77,3,0.0,2,1,0,122946.51,1
3937,15603936,Ramirez,823,France,Female,39,8,254668.02,1,0,1,178027.39,1
3938,15603937,Davis,633,France,Female,53,2,193.02,1,1,1,85962.65,0
3939,15603938,Wilson,611,France,Male,61,1,130627.34,1,1,1,194960.91,0
3940,15603939,Jones,629,France,Female,75,5,0.0,1,0,1,33257.76,1
3941,15603940,Thompson,589,Spain,Male,35,10,112519.88,2,0,0,59798.2,0
3942,15603941,Garcia,639,Spain,Male,59,3,0.0,2,0,0,102399.59,1
3943,15603942,Perez,653,France,Male,75,1,34920.94,1,1,0,192238.73,0
3944,15603943,Robinson,651,France,Male,63,5,176059.24,1,0,1,115587.74,0
3945,15603944,Rodriguez,528,France,Male,45,3,207967.8,1,1,0,12528.42,0
3946,15603945,Ramirez,735,France,Female,54,9,93600.65,3,1,0,123562.5,1
3947,15603946,Williams,596,Germany,Male,65,10,10586.74,2,0,1,190667.31,0
3948,15603947,Smith,586,Germany,Male,66,3,83495.84,2,0,1,86564.37,0
3949,15603948,Perez,582,France,Male,62,9,66288.12,2,1,1,60256.8,1
3950,15603949,Gonzalez,548,France,Female,34,3,47188.52,2,0,0,119811.59,0
3951,15603950,Brown,675,France,Female,55,3,80941.38,2,1,0,136803.76,1
3952,15603951,Jackson,735,Spain,Female,51,7,148138.96,2,1,1,80645.21,0
3953,15603952,Clark,580,Spain,Female,67,0,149832.22,2,1,0,15314.24,1
3954,15603953,Brown,473,France,Female,58,8,111213.08,2,1,1,74774.33,1
3955,15603954,Clark,551,France,Female,54,2,0.0,2,1,0,97428.31,0
3956,15603955,Jones,606,Spain,Female,45,4,111296.49,1,0,0,103878.19,1
3957,15603956,Martin,531,Spain,Male,44,4,0.0,1,1,0,140174.76,0
3958,15603957,Sanchez,592,France,Male,52,3,176398.72,1,0,0,3301.37,1
3959,15603958,Lewis,597,France,Female,60,3,0.0,1,1,1,176698.26,0
3960,15603959,Williams,648,France,Male,59,6,121806.06,1,0,1,121175.61,1
3961,15603960,Lewis,510,Germany,Male,58,3,118473.82,1,1,0,105811.66,1
3962,15603961,Anderson,705,France,Female,53,9,0.0,1,1,1,32258.51,0
3963,15603962,Moore,809,France,Female,66,2,21798.11,2,1,0,24208.05,1
3964,15603963,Smith,787,Germany,Male,69,10,0.0,2,1,0,111820.82,1
3965,15603964,Ramirez,593,France,Female,41,8,40354.88,2,1,0,143455.6,0
3966,15603965,Martin,714,Spain,Female,46,3,178612.44,2,0,0,152466.67,0
3967,15603966,Thompson,702,France,Female,84,3,0.0,2,0,0,114199.48,1
3968,15603967,Johnson,645,France,Female,51,9,0.0,1,1,1,70975.51,0
3969,15603968,Sanchez,666,Germany,Female,51,7,0.0,1,0,1,28324.34,0
3970,15603969,Perez,715,France,Male,44,10,32998.72,1,1,1,113245.97,0
3971,15603970,Perez,734,Spain,Male,66,6,70918.07,2,1,1,66572.2,0
3972,15603971,Davis,572,Germany,Female,90,3,160494.63,1,0,0,161770.71,1
3973,15603972,Rodriguez,721,France,Female,44,7,193603.27,1,1,0,101463.47,1
3974,15603973,Williams,809,Germany,Female,67,9,57376.35,2,1,1,44898.34,1
3975,15603974,Hernandez,734,France,Female,43,1,168532.36,2,0,0,166105.74,0
3976,15603975,Sanchez,797,Spain,Male,65,8,105192.36,2,0,0,182807.21,1
3977,15603976,Jackson,401,France,Female,43,1,77711.85,2,1,0,36705.95,1
3978,15603977,Gonzalez,707,Germany,Male,34,9,155771.07,1,1,0,110176.95,0
3979,15603978,Perez,675,France,Male,83,2,67068.23,2,1,0,169474.35,1
3980,15603979,Robinson,748,France,Male,47,5,10474.68,2,1,1,173136.89,0
3981,15603980,Miller,541,Spain,Male,38,6,0.0,1,1,1,116558.22,0
3982,15603981,Ramirez,601,Spain,Female,55,8,115175.28,2,1,1,106415.39,0
3983,15603982,Thompson,736,France,Male,60,7,115307.95,1,1,0,9439.64,1
3984,15603983,Gonzalez,548,France,Male,68,10,0.0,1,1,0,146225.24,1
3985,15603984,Hernandez,673,Spain,Female,50,5,41048.3,2,1,1,36593.54,0
3986,15603985,Williams,648,Spain,Male,50,7,147453.89,2,1,1,176822.56,0
3987,15603986,White,631,France,Male,47,10,141408.87,1,1,1,157726.05,0
3988,15603987,Clark,704,France,Male,54,10,0.0,2,0,1,198814.13,0
3989,15603988,Williams,542,France,Male,62,4,87395.47,2,1,0,109216.66,0
3990,15603989,Harris,575,Spain,Male,57,9,118913.7,1,1,1,92683.6,0
3991,15603990,Lewis,636,France,Male,47,9,95938.99,1,0,0,60913.81,1
3992,15603991,Taylor,534,France,Female,53,8,22500.9,1,0,1,7886.96,0
3993,15603992,Moore,768,Spain,Male,40,3,115276.4,1,0,1,127064.53,0
3994,15603993,Ramirez,573,France,Male,50,0,80547.43,1,1,0,189434.03,0
3995,15603994,Thompson,725,France,Female,49,7,0.0,1,1,0,94619.66,0
3996,15603995,Gonzalez,565,France,Male,30,4,206830.85,3,0,0,58852.28,1
3997,15603996,Johnson,717,France,Female,68,8,0.0,1,0,0,135764.28,1
3998,15603997,Lopez,495,France,Male,55,2,94275.33,3,1,0,142896.36,1
3999,15603998,Hernandez,785,Germany,Male,51,8,0.0,2,1,1,143165.42,0
4000,15603999,Moore,758,France,Female,52,7,115018.81,2,0,0,191606.54,0
4001,15604000,Lee,596,Germany,Male,50,5,0.0,1,0,1,24420.18,1
4002,15604001,Martin,570,Spain,Male,42,10,0.0,1,0,1,162311.92,0
4003,15604002,Harris,693,Spain,Female,62,9,58641.98,2,1,1,16483.41,0
4004,15604003,Johnson,503,France,Male,32,9,60810.84,2,0,0,140443.38,0
4005,15604004,Miller,653,France,Female,47,10,182238.72,1,1,0,150933.68,0
4006,15604005,Moore,572,France,Female,44,7,128228.54,1,1,1,80887.54,0
4007,15604006,Anderson,625,France,Male,47,7,122207.42,1,1,1,143741.11,0
4008,15604007,Hernandez,588,France,Female,33,6,0.0,1,1,1,40747.46,0
4009,15604008,Martin,573,Germany,Male,61,6,153263.36,2,1,0,6523.96,1
4010,15604009,Garcia,813,France,Female,51,2,219718.24,4,1,1,35590.44,1
4011,15604010,Wilson,724,France,Female,52,6,79361.4,2,1,0,27564.8,0
4012,15604011,Martinez,507,France,Female,60,2,155751.85,1,0,1,167969.54,0
4013,15604012,Rodriguez,565,Germany,Male,59,10,86151.65,2,1,1,54302.98,1
4014,15604013,Ramirez,732,France,Female,58,8,33645.73,2,1,1,144753.15,0
4015,15604014,Taylor,742,Germany,Male,53,10,0.0,1,1,1,166280.25,0
4016,15604015,Thompson,517,France,Male,67,4,0.0,1,1,1,190993.53,0
4017,15604016,Lee,717,Spain,Female,44,10,152198.49,1,1,1,165045.14,0
4018,15604017,Lewis,675,Spain,Male,51,7,0.0,2,1,0,168754.86,0
4019,15604018,White,463,France,Female,48,2,20902.34,2,1,1,68775.22,0
4020,15604019,Harris,611,France,Male,48,2,86090.85,1,1,0,57989.03,0
4021,15604020,Martin,636,France,Female,43,2,0.0,1,1,1,84040.16,0
4022,15604021,Jackson,654,France,Male,63,7,0.0,1,1,0,135459.46,0
4023,15604022,Smith,523,Germany,Male,60,8,0.0,1,1,1,61896.64,0
4024,15604023,Garcia,576,Spain,Male,50,6,0.0,3,0,0,5913.98,0
4025,15604024,Davis,590,Germany,Female,58,0,0.0,3,1,0,109030.4,1
4026,15604025,Anderson,598,Spain,Male,64,5,0.0,2,0,1,6686.71,0
4027,15604026,Robinson,600,France,Female,74,2,199154.03,1,1,0,156300.76,1
4028,15604027,Thomas,637,France,Male,39,0,0.0,1,0,1,24299.52,1
4029,15604028,Garcia,679,Germany,Male,51,9,0.0,1,1,1,182868.37,0
4030,15604029,Brown,820,France,Male,69,1,0.0,1,1,0,108924.19,0
4031,15604030,Davis,733,Germany,Male,85,2,89385.88,1,1,1,127966.18,1
4032,15604031,Sanchez,776,France,Female,56,6,0.0,1,1,1,74153.31,0
4033,15604032,Harris,603,France,Female,63,5,0.0,2,0,1,130118.58,0
4034,15604033,Gonzalez,553,Spain,Male,30,1,0.0,1,1,1,50759.33,0
4035,15604034,Davis,726,France,Female,57,4,0.0,2,0,1,162549.28,0
4036,15604035,Williams,648,Spain,Female,50,0,10577.49,2,0,1,64231.52,0
4037,15604036,Robinson,720,Spain,Male,62,2,0.0,1,1,0,127378.25,0
4038,15604037,Lee,565,Spain,Male,76,0,84663.84,1,1,1,144292.82,0
4039,15604038,Jones,712,Germany,Male,52,2,11155.76,1,1,1,63341.23,0
4040,15604039,Smith,633,Germany,Male,52,1,149972.75,1,1,1,127843.44,0
4041,15604040,Clark,605,Spain,Male,46,3,174744.2,2,1,0,74933.64,0
4042,15604041,Gonzalez,614,France,Male,33,4,0.0,2,1,0,108537.85,0
4043,15604042,Martinez,697,France,Female,47,2,117323.94,1,1,1,157125.54,0
4044,15604043,Williams,724,Germany,Male,39,9,112085.71,2,1,1,145925.7,0
4045,15604044,Martin,614,France,Male,40,4,0.0,1,1,1,47273.02,0
4046,15604045,Smith,683,France,Male,57,10,0.0,2,1,1,140882.18,0
4047,15604046,Thompson,682,France,Male,41,6,24818.72,2,1,0,162159.04,0
4048,15604047,Lewis,720,Germany,Male,53,9,70788.43,2,0,1,28688.34,0
4049,15604048,Moore,744,Spain,Female,82,8,0.0,2,0,0,8431.66,1
4050,15604049,Taylor,823,France,Male,48,7,90583.01,2,1,1,89286.11,1
4051,15604050,Wilson,605,Spain,Female,40,5,0.0,2,1,0,49416.11,0
4052,15604051,Williams,790,Germany,Male,77,8,112353.76,2,0,0,19774.5,1
4053,15604052,Davis,661,Spain,Female,43,7,109076.54,1,1,0,176594.81,0
4054,15604053,Robinson,544,Germany,Female,47,3,58678.38,1,1,0,6787.54,0
4055,15604054,Robinson,587,Spain,Male,66,10,0.0,1,1,0,66710.96,0
4056,15604055,Garcia,694,France,Female,41,1,196542.24,1,1,1,154524.86,0
4057,15604056,Smith,719,Spain,Male,47,8,74554.26,2,1,1,8065.44,0
4058,15604057,Smith,552,France,Female,41,5,301819.29,2,1,0,44229.36,1
4059,15604058,Sanchez,576,Spain,Male,66,9,0.0,1,0,0,124855.04,1
4060,15604059,Johnson,598,Spain,Female,41,7,63594.4,1,1,0,93414.48,0
4061,15604060,Sanchez,567,France,Female,59,7,129097.2,2,1,1,17554.83,0
4062,15604061,Ramirez,469,France,Female,51,3,0.0,2,1,1,80323.09,0
4063,15604062,Garcia,436,Spain,Male,46,9,35815.39,1,1,1,61246.08,1
4064,15604063,Davis,613,France,Male,51,4,0.0,1,1,1,139823.94,0
4065,15604064,Smith,674,Spain,Female,48,0,0.0,2,1,0,111760.43,0
4066,15604065,Lopez,712,France,Female,44,8,0.0,2,1,1,105655.23,0
4067,15604066,Jones,519,France,Female,35,6,0.0,2,1,1,152025.06,0
4068,15604067,Brown,520,Spain,Male,41,0,0.0,1,1,1,42296.0,0
4069,15604068,Jones,599,Germany,Female,55,10,46700.57,2,1,0,124081.44,0
4070,15604069,Ramirez,650,Spain,Male,49,9,54363.56,1,1,0,37919.28,0
4071,15604070,Robinson,746,France,Female,59,9,7182.78,1,1,0,99615.72,0
4072,15604071,Ramirez,718,Germany,Male,53,2,112226.25,2,1,1,143275.63,0
4073,15604072,Johnson,614,Germany,Male,31,8,27037.6,2,0,0,140247.6,0
4074,15604073,Smith,684,Germany,Female,57,10,0.0,1,1,1,90891.5,1
4075,15604074,Williams,569,Germany,Male,40,10,32642.77,1,0,0,52189.58,0
4076,15604075,White,657,Germany,Female,52,0,164242.83,2,1,1,4276.16,0
4077,15604076,Martinez,644,France,Female,37,5,141619.23,2,1,0,77675.5,0
4078,15604077,Anderson,784,France,Male,65,4,136635.06,2,0,0,119162.53,0
4079,15604078,Garcia,697,Spain,Male,62,3,92005.52,1,1,0,58430.78,0
4080,15604079,Jackson,576,France,Female,49,0,182464.3,2,0,0,161946.04,0
4081,15604080,Ramirez,576,Germany,Male,61,6,0.0,1,0,0,168721.15,0
4082,15604081,Anderson,618,France,Female,42,0,66251.78,2,0,0,84029.05,1
4083,15604082,Perez,499,Germany,Female,45,0,25673.54,1,0,1,90941.22,0
4084,15604083,Garcia,627,Germany,Male,65,1,127329.33,2,1,0,35788.84,1
4085,15604084,Sanchez,636,France,Male,29,8,0.0,1,1,0,31414.87,0
4086,15604085,Thomas,694,France,Male,50,0,128222.26,4,0,1,46219.89,0
4087,15604086,Thompson,708,France,Female,56,7,92480.12,2,1,1,82188.51,0
4088,15604087,White,659,Germany,Male,47,0,97597.29,2,1,0,194318.88,1
4089,15604088,Robinson,493,Spain,Male,69,10,0.0,2,1,0,124951.15,0
4090,15604089,Hernandez,532,France,Male,74,0,0.0,2,1,1,84590.83,0
4091,15604090,Jackson,591,Germany,Female,57,8,0.0,2,1,0,43636.51,0
4092,15604091,Martin,712,France,Male,40,7,103721.11,1,1,0,155796.93,1
4093,15604092,Thompson,709,France,Male,62,0,168211.27,2,0,1,128154.14,0
4094,15604093,Anderson,626,Spain,Female,81,6,0.0,2,1,1,81348.18,0
4095,15604094,Martinez,850,France,Female,53,7,136015.72,1,0,1,122000.99,0
4096,15604095,Taylor,799,France,Female,50,1,232154.16,2,1,0,115543.61,0
4097,15604096,Thompson,769,France,Female,42,3,0.0,2,1,0,116103.4,0
4098,15604097,Perez,717,France,Female,56,1,0.0,1,0,0,14225.49,0
4099,15604098,Robinson,694,France,Female,51,5,0.0,2,1,0,180258.16,0
4100,15604099,Martin,687,France,Female,32,4,44904.69,1,0,0,170467.94,0
4101,15604100,Jackson,476,Germany,Female,61,10,27606.2,2,1,1,16489.68,0
4102,15604101,Clark,549,France,Female,39,10,153802.47,1,1,1,127167.0,0
4103,15604102,Moore,628,Germany,Male,85,4,0.0,1,0,1,99381.24,0
4104,15604103,Martin,662,France,Male,54,7,0.0,2,1,1,148509.51,0
4105,15604104,White,638,France,Female,50,0,0.0,2,1,1,80209.06,0
4106,15604105,Smith,676,Germany,Male,53,9,0.0,2,1,1,195542.44,0
4107,15604106,Lewis,448,Spain,Female,52,1,0.0,1,1,0,190372.57,1
4108,15604107,Johnson,698,France,Male,48,0,80687.16,2,1,0,19189.99,1
4109,15604108,Robinson,655,Spain,Female,36,3,74014.71,1,1,1,61158.1,0
4110,15604109,Johnson,632,Germany,Male,69,1,113890.57,2,1,1,41453.52,0
4111,15604110,Jones,739,Germany,Female,53,9,0.0,1,1,0,63661.92,1
4112,15604111,Johnson,549,Germany,Female,66,10,75860.32,1,1,0,95485.44,1
4113,15604112,Rodriguez,627,France,Male,37,6,166157.09,1,0,1,23067.03,0
4114,15604113,Thomas,677,France,Male,44,4,0.0,2,1,0,142194.14,0
4115,15604114,Harris,568,Germany,Male,47,4,0.0,2,0,0,114833.01,0
4116,15604115,Miller,457,France,Male,40,0,0.0,1,1,1,29440.78,0
4117,15604116,Wilson,539,Spain,Male,61,1,0.0,1,0,0,135498.97,0
4118,15604117,Sanchez,643,France,Male,49,4,11839.44,1,1,1,128815.47,0
4119,15604118,Harris,626,France,Female,55,6,0.0,2,0,1,176616.67,0
4120,15604119,Miller,648,Germany,Male,45,0,158989.17,1,1,1,42343.58,0
4121,15604120,Rodriguez,586,France,Female,67,6,0.0,2,1,1,121822.5,0
4122,15604121,Lee,524,Germany,Male,62,10,0.0,2,1,1,175197.5,0
4123,15604122,Lee,663,Germany,Female,60,1,74363.21,1,1,1,52637.5,0
4124,15604123,Wilson,634,Spain,Male,54,1,58638.81,1,1,1,46365.24,0
4125,15604124,Clark,711,Spain,Female,69,8,80990.05,2,1,0,55028.92,0
4126,15604125,Martinez,578,Germany,Female,63,7,114835.6,2,1,0,152633.13,0
4127,15604126,Ramirez,455,Germany,Female,51,9,33498.12,1,1,1,161864.23,0
4128,15604127,Thomas,399,Spain,Male,46,3,0.0,2,1,0,6909.92,0
4129,15604128,Lee,611,France,Female,49,4,57273.63,2,1,1,62855.0,0
4130,15604129,Taylor,662,France,Male,58,8,0.0,1,1,1,25367.53,0
4131,15604130,Thompson,627,France,Male,37,3,159183.89,1,0,0,30729.52,1
4132,15604131,Davis,595,France,Male,43,9,121458.56,2,1,1,163189.01,0
4133,15604132,Smith,497,Germany,Male,69,7,51403.14,2,1,1,192779.78,1
4134,15604133,Johnson,468,Germany,Male,65,4,116770.74,2,1,1,82743.41,0
4135,15604134,White,685,Germany,Female,49,0,0.0,2,1,0,194016.63,0
4136,15604135,Jackson,628,France,Male,92,6,174164.6,2,1,1,75556.64,0
4137,15604136,Anderson,615,Germany,Male,62,9,0.0,1,1,0,143233.19,0
4138,15604137,Thomas,501,France,Male,53,10,109335.64,1,1,0,71809.12,0
4139,15604138,Harris,557,Germany,Female,65,10,0.0,2,1,1,64002.85,1
4140,15604139,Clark,654,Germany,Female,46,2,195235.96,1,1,0,117512.7,1
4141,15604140,Harris,677,France,Male,44,6,91249.33,2,1,0,173905.11,0
4142,15604141,White,634,France,Female,51,7,103321.99,1,0,0,118662.92,0
4143,15604142,Moore,782,France,Male,52,3,0.0,1,1,1,114011.78,0
4144,15604143,Martin,594,Spain,Male,44,10,45676.91,1,1,1,100887.91,0
4145,15604144,Brown,773,Spain,Male,71,5,72273.88,1,0,1,189707.4,0
4146,15604145,Ramirez,670,Germany,Female,48,9,138140.45,1,1,0,162935.53,1
4147,15604146,Wilson,660,France,Female,36,6,225830.7,2,1,1,81365.68,0
4148,15604147,Martin,739,France,Male,54,7,31216.41,2,1,1,164847.14,0
4149,15604148,Garcia,590,Germany,Male,50,2,169545.47,1,1,1,21706.87,0
4150,15604149,Hernandez,618,Spain,Male,63,6,204281.49,1,0,0,87088.6,1
4151,15604150,Ramirez,532,France,Female,46,4,85650.3,1,0,0,22364.96,1
4152,15604151,Anderson,739,France,Female,61,6,105460.37,2,0,1,199431.17,0
4153,15604152,Lewis,682,Germany,Male,55,5,0.0,2,1,1,9418.77,0
4154,15604153,Robinson,755,France,Male,66,4,203313.95,1,1,0,181629.25,1
4155,15604154,Jones,669,France,Female,53,2,0.0,2,0,1,186360.88,0
4156,15604155,Brown,755,France,Female,44,9,90069.18,3,1,0,58573.85,1
4157,15604156,Miller,578,Germany,Female,56,1,130496.88,2,0,0,189907.97,0
4158,15604157,Miller,744,Spain,Female,41,2,54876.55,2,1,0,100124.6,0
4159,15604158,Davis,611,Spain,Female,33,1,0.0,1,1,0,187613.75,0
4160,15604159,Williams,650,Germany,Male,44,2,0.0,1,0,1,97133.09,0
4161,15604160,Williams,719,Germany,Male,67,1,16453.71,4,1,0,94086.74,1
4162,15604161,Ramirez,850,France,Male,79,0,119935.86,2,0,0,150682.57,1
4163,15604162,Jones,728,Germany,Female,37,8,0.0,2,1,0,46711.14,1
4164,15604163,Brown,737,France,Male,64,9,114839.39,2,1,0,180832.09,0
4165,15604164,Sanchez,597,Germany,Male,75,4,26210.03,2,1,0,169676.63,0
4166,15604165,Moore,665,France,Male,41,8,129675.59,2,0,1,27019.25,0
4167,15604166,Hernandez,640,France,Male,72,7,0.0,1,1,0,5883.48,1
4168,15604167,Brown,785,France,Female,39,6,198309.53,2,1,0,142114.02,1
4169,15604168,Brown,635,France,Male,51,5,76456.41,1,0,0,70349.72,1
4170,15604169,Lopez,777,France,Male,57,10,51000.31,2,0,1,20426.66,0
4171,15604170,Sanchez,525,France,Female,42,3,135509.17,1,0,0,179084.77,1
4172,15604171,Sanchez,784,Spain,Male,70,9,68010.19,2,1,1,198848.67,0
4173,15604172,Moore,567,France,Female,52,9,101197.72,2,1,0,63738.03,1
4174,15604173,Rodriguez,731,Germany,Female,63,6,723.78,2,1,0,37064.26,1
4175,15604174,Gonzalez,567,Spain,Female,42,6,67376.73,2,0,1,171340.88,0
4176,15604175,Martin,709,Spain,Female,80,0,107169.2,1,1,1,105918.83,0
4177,15604176,Anderson,557,Germany,Male,59,8,119437.97,1,0,0,197095.61,1
4178,15604177,Hernandez,749,Spain,Female,58,3,68938.05,1,0,0,127550.08,0
4179,15604178,Clark,731,France,Male,57,6,0.0,1,1,1,113247.72,0
4180,15604179,Rodriguez,592,France,Male,58,8,34838.54,2,1,0,185562.23,0
4181,15604180,Moore,705,France,Male,61,1,0.0,1,1,0,160311.51,0
4182,15604181,Martinez,740,Germany,Male,48,7,175674.03,1,1,0,81481.1,1
4183,15604182,Garcia,561,Germany,Female,39,10,86833.81,2,1,0,2144.99,0
4184,15604183,Brown,550,France,Male,39,3,263491.94,2,0,1,150425.6,0
4185,15604184,Garcia,547,France,Female,53,3,30908.48,1,1,1,173064.18,0
4186,15604185,Rodriguez,533,Germany,Male,76,2,0.0,1,0,0,26020.77,1
4187,15604186,Martinez,546,France,Male,51,9,101011.87,2,1,1,179045.43,0
4188,15604187,Moore,738,Germany,Female,68,3,110367.49,2,1,0,173290.87,1
4189,15604188,Miller,703,Germany,Male,51,8,0.0,2,1,0,3525.43,1
4190,15604189,Anderson,487,Germany,Female,73,0,0.0,1,1,1,145703.9,1
4191,15604190,Hernandez,601,Spain,Male,58,8,131132.0,2,1,0,76691.42,0
4192,15604191,Hernandez,538,Spain,Male,56,10,0.0,1,1,1,10183.99,0
4193,15604192,Martinez,732,France,Male,67,9,39270.55,2,1,1,66171.53,0
4194,15604193,Jones,606,Germany,Female,58,8,137679.66,2,1,1,120992.99,1
4195,15604194,Jackson,501,Germany,Male,61,0,0.0,1,1,0,61269.58,1
4196,15604195,Gonzalez,666,France,Male,53,8,154378.06,1,1,0,157516.84,1
4197,15604196,Anderson,708,France,Male,57,5,0.0,1,1,1,99012.33,0
4198,15604197,Rodriguez,558,France,Female,40,7,0.0,1,0,0,7100.73,0
4199,15604198,Davis,624,France,Female,70,7,0.0,2,1,0,112131.44,0
4200,15604199,Jackson,563,Germany,Female,71,7,0.0,1,1,1,87561.84,0
4201,15604200,Hernandez,769,Spain,Male,49,10,56375.09,2,1,1,18961.77,0
4202,15604201,Johnson,608,France,Female,52,7,126467.22,1,1,0,88380.48,0
4203,15604202,Wilson,580,France,Female,80,0,91632.43,2,0,1,159504.54,0
4204,15604203,Lopez,645,Spain,Female,49,0,0.0,2,0,1,21287.69,0
4205,15604204,Robinson,630,France,Female,62,6,140480.73,1,0,1,49338.79,1
4206,15604205,Thomas,716,France,Female,55,10,0.0,2,1,0,197331.06,0
4207,15604206,Martinez,766,Germany,Male,38,8,0.0,1,1,0,82918.49,0
4208,15604207,Lopez,767,Germany,Female,58,10,0.0,2,1,0,166023.94,1
4209,15604208,Ramirez,613,France,Female,38,9,43139.69,2,1,0,100802.68,0
4210,15604209,Miller,679,France,Male,70,7,0.0,2,1,1,46407.1,0
4211,15604210,Hernandez,792,France,Male,50,10,123051.05,2,0,1,17191.56,0
4212,15604211,Moore,796,Germany,Female,40,4,0.0,2,1,0,149278.78,0
4213,15604212,Jones,565,Germany,Male,64,7,140884.51,2,0,0,97015.44,1
4214,15604213,Brown,706,France,Female,38,8,57141.01,1,1,0,195876.92,0
4215,15604214,Gonzalez,690,Germany,Male,38,6,154410.44,2,1,0,180545.63,1
4216,15604215,Wilson,738,Spain,Male,81,10,0.0,2,1,1,30854.16,1
4217,15604216,Garcia,769,France,Male,67,9,0.0,1,1,0,131422.65,0
4218,15604217,Thomas,550,France,Male,53,10,37647.45,2,1,0,36671.17,0
4219,15604218,Brown,583,Germany,Male,59,2,216749.39,1,0,1,72991.06,1
4220,15604219,Martinez,737,France,Male,43,8,238846.01,2,0,0,66588.44,1
4221,15604220,Lee,664,France,Female,55,4,0.0,1,1,1,102997.98,0
4222,15604221,White,436,Germany,Female,41,10,90485.95,2,1,1,166878.06,1
4223,15604222,Lee,490,Spain,Male,41,7,53717.08,2,0,0,176947.83,0
4224,15604223,Jones,713,Spain,Male,64,10,196626.5,2,1,1,136617.38,1
4225,15604224,Hernandez,730,Germany,Male,47,0,0.0,2,1,1,126044.94,0
4226,15604225,Taylor,520,Germany,Male,46,0,67608.54,2,1,0,184600.56,0
4227,15604226,Perez,755,France,Male,57,2,62002.92,1,1,0,20384.34,1
4228,15604227,Anderson,631,Germany,Male,45,1,37242.1,2,1,1,78444.71,0
4229,15604228,Jackson,551,France,Male,50,4,281848.91,1,1,1,43618.91,0
4230,15604229,Martinez,596,France,Male,78,10,0.0,1,0,1,27358.07,1
4231,15604230,Rodriguez,532,Germany,Male,38,8,75191.26,2,0,0,134185.47,0
4232,15604231,Martin,590,Germany,Female,74,8,0.0,1,1,0,38427.83,1
4233,15604232,Hernandez,470,France,Male,92,7,125851.94,2,1,1,192070.93,1
4234,15604233,White,642,Spain,Female,39,4,0.0,2,1,0,105559.92,0
4235,15604234,Brown,706,France,Female,40,2,137768.95,1,1,1,94303.71,1
4236,15604235,Robinson,520,France,Female,60,5,0.0,1,1,0,71534.89,0
4237,15604236,Smith,651,France,Female,33,7,192050.22,1,1,0,54755.53,0
4238,15604237,Taylor,572,Spain,Male,54,5,49301.55,2,1,0,182261.65,1
4239,15604238,Moore,714,Germany,Male,44,6,88699.51,2,1,0,123032.77,1
4240,15604239,White,427,France,Male,70,6,158718.93,3,0,0,47300.66,1
4241,15604240,Johnson,718,Germany,Female,48,6,0.0,2,0,1,136677.17,0
4242,15604241,Garcia,475,France,Female,56,8,125725.23,1,0,0,47503.27,0
4243,15604242,Smith,629,Spain,Female,62,8,126417.92,1,1,1,154133.39,0
4244,15604243,Sanchez,581,France,Male,59,0,77628.41,1,0,0,110642.27,0
4245,15604244,White,615,France,Female,52,2,35337.8,2,0,0,88450.38,0
4246,15604245,Sanchez,503,Spain,Male,63,4,92409.12,2,1,1,130947.22,0
4247,15604246,Ramirez,809,France,Male,37,10,78528.62,2,1,0,174297.73,0
4248,15604247,Jackson,526,France,Female,67,3,124395.42,2,1,0,80655.23,1
4249,15604248,Williams,534,Germany,Male,49,0,0.0,1,0,1,137687.12,0
4250,15604249,Brown,822,Spain,Female,61,0,86438.91,2,0,1,72638.35,0
4251,15604250,Smith,680,France,Male,52,3,144080.53,1,0,1,72179.14,0
4252,15604251,Brown,529,France,Female,46,4,103842.7,1,1,1,167763.72,0
4253,15604252,Garcia,637,France,Male,51,3,0.0,1,0,1,109628.65,0
4254,15604253,White,627,Germany,Female,56,1,95243.53,2,0,1,80935.42,0
4255,15604254,Miller,487,France,Female,58,4,132219.05,1,0,0,40294.84,1
4256,15604255,Rodriguez,577,Germany,Female,56,9,89655.11,2,0,0,159234.43,1
4257,15604256,Garcia,647,Spain,Male,45,2,0.0,2,1,1,126027.87,0
4258,15604257,Thompson,771,France,Female,42,6,133514.69,1,1,0,144020.0,0
4259,15604258,Davis,631,France,Male,43,3,0.0,1,1,1,87196.61,0
4260,15604259,Hernandez,639,France,Male,50,1,112877.98,2,1,1,61637.78,0
4261,15604260,Thompson,571,France,Male,61,10,119303.58,4,1,0,144886.19,1
4262,15604261,Jones,755,Spain,Female,62,7,5268.51,1,1,1,17276.19,0
4263,15604262,Lopez,736,France,Male,46,9,70359.57,2,1,1,132006.6,0
4264,15604263,Martin,725,France,Female,53,1,21962.15,1,1,0,195362.17,1
4265,15604264,Anderson,660,Germany,Female,38,10,0.0,2,1,0,162905.64,1
4266,15604265,Smith,496,France,Male,48,6,0.0,1,0,1,146439.83,0
4267,15604266,Lee,754,Germany,Female,46,7,0.0,1,1,1,88202.03,0
4268,15604267,Johnson,655,France,Male,44,9,129608.35,1,1,1,3267.36,0
4269,15604268,Thompson,620,Spain,Female,54,2,0.0,2,1,0,196976.67,0
4270,15604269,Sanchez,693,Spain,Male,78,5,0.0,2,1,0,184134.13,1
4271,15604270,Moore,671,Germany,Male,53,3,0.0,1,1,1,99635.07,1
4272,15604271,Garcia,547,Spain,Male,68,1,44191.18,2,1,1,137472.7,0
4273,15604272,Clark,619,France,Male,64,7,54599.4,1,1,0,111954.65,1
4274,15604273,Miller,467,France,Male,47,1,0.0,2,1,0,137992.08,0
4275,15604274,Thompson,658,Germany,Male,63,8,116309.1,2,1,0,10755.53,1
4276,15604275,Thompson,777,Germany,Male,79,8,81293.0,2,0,1,199686.95,1
4277,15604276,White,477,France,Male,40,10,74381.38,2,1,0,156106.86,0
4278,15604277,Garcia,662,France,Male,64,7,137246.62,2,1,0,53183.08,0
4279,15604278,Lopez,714,France,Female,52,9,171498.27,1,0,1,108489.0,0
4280,15604279,Moore,728,France,Female,45,2,19707.39,2,1,0,94673.24,1
4281,15604280,Martin,578,France,Female,57,7,140459.75,1,1,1,70873.54,1
4282,15604281,Sanchez,544,Germany,Female,58,4,79981.03,2,1,1,87738.49,1
4283,15604282,Perez,593,France,Female,90,9,63232.88,2,1,0,113843.53,1
4284,15604283,Moore,764,France,Female,46,4,168497.93,2,1,0,102279.75,1
4285,15604284,Lopez,485,Germany,Male,53,1,63386.81,1,1,0,167632.81,0
4286,15604285,Sanchez,533,Germany,Female,53,2,91918.26,2,1,0,23848.42,1
4287,15604286,Davis,605,Spain,Male,45,7,0.0,1,1,0,11176.56,0
4288,15604287,Thomas,556,Germany,Female,43,0,129402.73,1,0,0,101142.47,1
4289,15604288,Thompson,645,France,Female,48,3,70774.9,2,1,0,93498.45,0
4290,15604289,Thomas,785,Spain,Male,51,5,68081.17,2,1,1,129087.31,0
4291,15604290,Brown,534,Germany,Female,42,8,221777.66,1,1,1,58041.44,0
4292,15604291,Thomas,635,France,Male,65,7,0.0,2,1,1,17935.56,0
4293,15604292,White,649,Germany,Male,59,9,0.0,1,1,1,160866.15,0
4294,15604293,Gonzalez,617,Spain,Male,40,4,49243.9,1,1,1,88099.01,0
4295,15604294,Ramirez,498,France,Female,48,6,103238.42,1,0,0,27189.21,1
4296,15604295,Williams,588,France,Female,54,7,116574.67,2,0,1,191124.9,0
4297,15604296,Martinez,589,France,Female,62,8,200440.51,1,1,1,188822.14,1
4298,15604297,Moore,710,France,Male,51,2,46520.42,1,0,0,32521.57,0
4299,15604298,Lopez,690,France,Male,61,10,62779.48,4,1,0,161350.57,1
4300,15604299,Wilson,501,Germany,Female,57,7,0.0,2,1,1,108061.59,0
4301,15604300,Sanchez,612,France,Male,63,2,233246.75,1,1,1,59689.86,0
4302,15604301,Ramirez,601,Spain,Female,44,0,0.0,1,1,1,78682.55,0
4303,15604302,Smith,837,Spain,Male,59,3,0.0,1,0,0,192899.06,0
4304,15604303,Martinez,678,Germany,Male,52,6,125621.57,2,1,1,66789.12,1
4305,15604304,Thomas,546,Spain,Male,31,8,0.0,2,0,0,42742.26,0
4306,15604305,Sanchez,575,France,Female,68,9,95666.24,2,1,0,93395.26,1
4307,15604306,Gonzalez,613,France,Male,44,6,0.0,2,1,1,122977.79,0
4308,15604307,Clark,684,Germany,Male,57,9,0.0,1,1,1,56929.25,0
4309,15604308,Thompson,696,Spain,Male,53,10,30186.66,2,1,0,154767.81,0
4310,15604309,Robinson,669,Spain,Male,51,4,0.0,2,1,0,121134.47,0
4311,15604310,Brown,629,France,Male,48,0,0.0,2,1,0,185591.1,0
4312,15604311,Davis,636,Spain,Male,49,0,68145.95,1,0,0,64112.2,0
4313,15604312,Ramirez,637,France,Female,77,8,0.0,1,1,0,132815.83,1
4314,15604313,Davis,478,Spain,Male,50,3,0.0,1,1,1,177208.78,0
4315,15604314,Brown,644,Spain,Female,75,2,28510.99,1,0,0,894.78,0
4316,15604315,Harris,594,France,Female,51,10,0.0,4,1,1,98924.09,1
4317,15604316,Anderson,491,Germany,Male,55,4,44913.81,2,1,1,110874.82,0
4318,15604317,Johnson,850,France,Male,52,6,0.0,4,0,0,101584.99,1
4319,15604318,Taylor,679,France,Female,76,6,0.0,1,1,1,58346.21,1
4320,15604319,Sanchez,651,Germany,Male,63,4,23717.95,3,1,0,18057.87,1
4321,15604320,Smith,614,Germany,Male,47,7,237505.87,1,1,1,172982.62,1
4322,15604321,Ramirez,720,Spain,Male,38,4,0.0,1,1,1,101988.28,0
4323,15604322,Davis,538,Germany,Female,48,9,0.0,1,0,1,14506.99,0
4324,15604323,Moore,619,France,Female,71,3,38661.64,1,1,1,82089.33,0
4325,15604324,Moore,558,Spain,Female,41,5,113362.65,1,1,0,36659.02,0
4326,15604325,Clark,719,Spain,Female,39,2,0.0,1,1,0,62153.17,0
4327,15604326,Moore,570,France,Male,45,3,0.0,2,1,1,163332.58,0
4328,15604327,Anderson,755,Spain,Male,42,7,49115.19,1,1,0,103964.46,0
4329,15604328,Lee,640,France,Male,43,9,12736.07,1,1,1,47197.11,0
4330,15604329,Lee,724,Spain,Male,35,9,0.0,2,1,0,162078.0,0
4331,15604330,Clark,688,France,Male,55,2,0.0,1,1,0,38575.73,0
4332,15604331,Anderson,751,France,Male,57,10,64475.8,1,0,0,63476.71,0
4333,15604332,Brown,560,France,Male,50,9,0.0,1,1,0,6652.25,1
4334,15604333,Garcia,736,Germany,Male,38,2,0.0,2,1,1,191418.47,0
4335,15604334,Ramirez,471,France,Male,45,5,0.0,1,0,0,83689.06,0
4336,15604335,Rodriguez,654,France,Female,57,7,0.0,1,1,1,33347.11,1
4337,15604336,Wilson,597,Germany,Female,59,9,0.0,2,0,1,102348.18,0
4338,15604337,Jones,515,Spain,Female,35,1,78680.75,2,1,1,21188.79,0
4339,15604338,Garcia,564,France,Male,53,0,170346.15,3,1,0,179928.27,1
4340,15604339,Anderson,588,France,Male,45,9,107259.03,2,0,0,12290.7,0
4341,15604340,Ramirez,631,France,Male,52,0,17341.79,1,0,1,124134.86,0
4342,15604341,Smith,599,France,Male,39,6,15927.47,1,1,0,178355.83,0
4343,15604342,Jones,657,Spain,Male,36,1,0.0,1,1,0,49545.92,0
4344,15604343,Garcia,570,Spain,Female,50,8,135471.79,1,1,1,19661.31,0
4345,15604344,Taylor,604,Germany,Female,51,9,0.0,1,1,1,92788.84,0
4346,15604345,Smith,622,France,Male,43,3,121426.34,1,1,1,118173.86,0
4347,15604346,Miller,667,Spain,Male,73,6,0.0,2,1,1,57966.12,0
4348,15604347,Brown,731,Germany,Male,44,4,64471.54,2,0,1,65033.74,0
4349,15604348,Perez,731,Spain,Male,44,4,0.0,1,1,1,127613.0,0
4350,15604349,Taylor,672,Germany,Male,52,6,0.0,1,1,0,195325.81,1
4351,15604350,Robinson,691,Spain,Male,51,8,0.0,2,1,0,84969.22,0
4352,15604351,Gonzalez,679,Germany,Male,44,3,0.0,1,0,0,88760.87,0
4353,15604352,Clark,619,France,Male,57,8,178908.28,2,1,0,174100.54,0
4354,15604353,Robinson,736,Spain,Male,57,8,76101.68,1,0,0,77957.08,1
4355,15604354,Lee,562,Germany,Male,53,10,0.0,2,0,0,65693.74,1
4356,15604355,Wilson,453,Germany,Male,55,7,0.0,1,1,1,93164.78,1
4357,15604356,Ramirez,550,France,Female,52,0,126424.89,1,1,1,8427.21,0
4358,15604357,Lopez,784,Germany,Male,51,9,0.0,1,1,1,182112.79,0
4359,15604358,Brown,621,Germany,Female,39,10,257266.52,2,0,0,19579.27,1
4360,15604359,Hernandez,676,France,Female,53,10,143706.86,2,1,1,180103.5,1
4361,15604360,Lee,623,France,Female,64,8,233516.86,2,1,0,186797.29,0
4362,15604361,Jackson,703,Germany,Female,55,2,71959.29,1,1,0,177176.98,1
4363,15604362,Rodriguez,656,Spain,Female,49,7,70174.16,1,1,1,17399.08,0
4364,15604363,Thomas,643,Germany,Female,63,4,151592.51,1,1,1,109217.7,0
4365,15604364,Rodriguez,708,France,Male,55,5,0.0,2,1,0,70916.84,0
4366,15604365,Anderson,605,Germany,Male,44,2,0.0,1,0,0,34310.63,1
4367,15604366,Jones,685,France,Female,63,10,122151.09,1,1,0,108321.87,1
4368,15604367,Miller,633,France,Female,47,6,83759.84,1,1,1,8346.3,0
4369,15604368,Martinez,639,France,Female,41,1,104959.72,1,0,0,60842.02,0
4370,15604369,Thompson,571,France,Female,43,2,0.0,2,1,1,104494.28,0
4371,15604370,Brown,629,France,Female,46,1,0.0,2,1,1,196167.93,0
4372,15604371,Gonzalez,598,France,Female,39,10,0.0,2,1,0,103486.18,0
4373,15604372,Martinez,758,France,Female,69,8,0.0,1,1,1,62275.95,0
4374,15604373,Johnson,488,France,Male,36,10,0.0,1,1,1,110466.61,0
4375,15604374,Smith,735,Germany,Female,59,2,68432.65,1,0,0,9773.68,1
4376,15604375,Wilson,482,France,Female,55,7,101276.51,1,1,0,163323.61,1
4377,15604376,Gonzalez,701,France,Female,54,5,103911.08,1,1,1,180363.61,0
4378,15604377,Sanchez,569,Spain,Female,57,0,163700.86,1,1,0,7883.83,0
4379,15604378,Miller,704,France,Male,50,10,0.0,1,1,1,41364.12,0
4380,15604379,Moore,638,Germany,Male,59,5,42052.46,1,1,1,7109.95,0
4381,15604380,Johnson,512,France,Female,51,7,12492.01,1,0,0,180249.58,0
4382,15604381,Garcia,780,France,Female,48,9,0.0,1,1,0,3667.68,0
4383,15604382,Jones,724,Germany,Male,40,2,177025.57,2,0,0,4407.39,1
4384,15604383,Jones,698,Germany,Male,56,6,0.0,2,1,1,114694.61,0
4385,15604384,Lopez,588,Spain,Female,56,5,0.0,1,0,1,37322.39,0
4386,15604385,Moore,727,Germany,Female,52,0,129223.26,1,1,1,185006.35,0
4387,15604386,Miller,526,Spain,Female,62,1,100299.43,1,1,1,162553.58,0
4388,15604387,Lopez,436,France,Female,67,10,0.0,1,0,0,42857.67,1
4389,15604388,Wilson,500,France,Male,46,4,143700.77,2,0,1,88439.44,0
4390,15604389,White,561,France,Male,59,6,192732.81,1,1,0,168520.57,1
4391,15604390,Smith,577,France,Male,39,3,136547.28,2,1,1,3483.92,0
4392,15604391,Martin,608,Germany,Female,52,5,201066.72,2,1,0,94916.21,1
4393,15604392,Robinson,612,Germany,Male,50,1,0.0,2,1,0,91794.74,1
4394,15604393,Harris,587,France,Female,62,4,83660.03,2,1,1,187129.87,0
4395,15604394,Martinez,446,Spain,Male,47,9,122386.13,2,1,1,68633.79,0
4396,15604395,Wilson,668,Spain,Male,68,2,0.0,2,1,0,42465.25,0
4397,15604396,Garcia,624,France,Female,49,0,0.0,1,1,0,64330.87,0
4398,15604397,Ramirez,583,France,Male,40,5,112735.33,2,0,1,58722.36,0
4399,15604398,Smith,784,France,Female,37,8,83790.88,1,1,0,163316.88,0
4400,15604399,Garcia,626,France,Male,61,9,0.0,1,1,0,136902.93,0
4401,15604400,Lee,655,France,Male,39,7,0.0,2,1,0,87658.83,0
4402,15604401,Davis,726,Germany,Male,58,3,0.0,1,1,1,171131.04,0
4403,15604402,Garcia,506,France,Male,60,7,0.0,2,1,0,118345.11,0
4404,15604403,Williams,647,France,Female,44,10,149607.88,1,1,0,24956.56,0
4405,15604404,Lewis,726,Spain,Male,55,4,0.0,1,1,1,135876.91,0
4406,15604405,Garcia,641,Germany,Male,73,2,189716.4,2,1,1,52744.62,1
4407,15604406,Moore,524,Spain,Male,50,3,0.0,2,1,1,136920.23,0
4408,15604407,Brown,603,France,Female,37,6,129130.0,3,1,1,103165.81,1
4409,15604408,Thomas,668,France,Female,45,4,0.0,1,0,0,150341.95,1
4410,15604409,Moore,447,Germany,Male,76,3,0.0,1,1,0,96656.42,1
4411,15604410,Garcia,520,France,Female,62,2,60605.88,2,0,0,176634.01,1
4412,15604411,Robinson,839,France,Female,40,2,24694.67,2,1,1,72880.56,0
4413,15604412,Brown,696,Germany,Female,66,9,0.0,2,0,1,59557.67,1
4414,15604413,Martinez,792,Germany,Male,67,5,71669.65,1,1,1,44407.98,0
4415,15604414,Anderson,733,France,Female,47,7,242559.71,2,1,1,108260.43,0
4416,15604415,Wilson,687,France,Female,39,3,0.0,2,0,0,58178.05,0
4417,15604416,White,620,France,Female,65,0,118095.79,1,1,0,143888.58,1
4418,15604417,Robinson,686,France,Female,78,3,116985.7,1,0,1,48693.56,0
4419,15604418,Clark,789,France,Female,44,4,0.0,1,0,1,102973.4,0
4420,15604419,Lopez,729,France,Male,61,7,132164.57,1,1,1,123973.57,0
4421,15604420,Sanchez,666,France,Female,45,6,121686.23,2,1,1,96183.57,0
4422,15604421,White,633,Spain,Male,44,1,184937.73,2,0,1,8470.18,0
4423,15604422,Clark,697,Germany,Female,55,8,138491.01,1,1,1,67219.31,0
4424,15604423,Taylor,598,Germany,Male,43,2,0.0,2,1,0,168603.51,1
4425,15604424,Taylor,697,France,Male,51,8,0.0,1,1,0,141078.32,0
4426,15604425,Sanchez,582,France,Female,68,0,0.0,1,1,1,197689.18,0
4427,15604426,Jones,616,France,Female,38,8,0.0,2,1,0,58486.83,0
4428,15604427,Wilson,551,France,Male,63,6,0.0,2,0,1,186111.26,0
4429,15604428,White,607,France,Female,54,1,0.0,2,1,1,85345.33,0
4430,15604429,Gonzalez,584,Spain,Male,57,9,95750.17,2,1,1,14741.12,0
4431,15604430,Lopez,812,Germany,Female,53,6,0.0,2,0,1,71810.06,0
4432,15604431,Martin,564,Germany,Female,70,0,47230.96,2,0,0,40414.91,1
4433,15604432,Lewis,686,France,Male,56,10,0.0,2,0,1,56919.45,0
4434,15604433,Thompson,559,Spain,Female,48,2,74185.78,1,1,1,66823.13,0
4435,15604434,Perez,654,France,Female,54,6,25630.69,1,0,0,62253.68,1
4436,15604435,Gonzalez,677,France,Male,47,2,86324.31,1,0,1,6742.3,0
4437,15604436,Lee,472,France,Female,45,1,0.0,1,0,0,58909.12,0
4438,15604437,Anderson,515,Spain,Male,66,4,0.0,3,1,0,118464.82,1
4439,15604438,Jones,558,Spain,Female,48,2,0.0,1,1,0,155317.09,0
4440,15604439,Jones,524,France,Male,36,8,0.0,2,0,0,1237.07,0
4441,15604440,Williams,658,Spain,Male,57,6,124236.9,2,1,0,19992.73,0
4442,15604441,Miller,673,Spain,Male,48,10,0.0,1,1,1,124661.88,0
4443,15604442,Jackson,547,France,Male,74,0,121717.38,1,0,0,15680.64,0
4444,15604443,Clark,661,France,Female,59,0,164067.66,2,1,1,3254.89,0
4445,15604444,Hernandez,609,France,Male,73,5,32038.86,2,1,0,63071.78,1
4446,15604445,Anderson,640,Spain,Male,62,3,0.0,2,1,1,138534.74,0
4447,15604446,Jones,589,France,Female,67,0,63633.6,2,1,0,170543.91,1
4448,15604447,Rodriguez,696,Spain,Male,57,8,0.0,2,1,1,106229.53,0
4449,15604448,Garcia,806,France,Male,63,1,161585.31,1,0,1,95183.91,0
4450,15604449,Rodriguez,724,Germany,Female,44,0,77513.58,2,1,0,105053.21,1
4451,15604450,Anderson,783,France,Female,62,2,125541.93,2,1,0,89437.9,1
4452,15604451,Robinson,515,Germany,Male,39,9,40455.15,1,1,0,156305.88,0
4453,15604452,Lewis,585,Spain,Male,51,0,0.0,1,0,0,123756.36,0
4454,15604453,Thompson,704,Spain,Female,46,3,36001.11,1,1,0,29064.71,0
4455,15604454,Sanchez,794,Spain,Male,55,3,0.0,2,1,0,187557.96,0
4456,15604455,Martin,712,France,Male,47,5,0.0,2,1,1,37657.04,0
4457,15604456,Perez,551,Germany,Male,39,2,185700.93,1,0,1,34602.9,0
4458,15604457,Lee,608,France,Male,39,8,161422.88,1,1,0,73326.07,0
4459,15604458,Garcia,682,France,Female,40,5,100203.39,2,1,0,74676.39,0
4460,15604459,Thompson,634,Germany,Female,55,6,12906.45,2,1,0,16244.53,0
4461,15604460,Robinson,573,France,Female,56,5,119125.66,1,1,1,19646.17,1
4462,15604461,Perez,622,Germany,Female,47,8,142570.09,2,0,1,194482.33,1
4463,15604462,Moore,648,Spain,Male,58,1,0.0,1,1,0,23808.87,0
4464,15604463,Thompson,545,France,Male,50,10,0.0,2,0,0,191923.2,0
4465,15604464,Wilson,744,Germany,Female,57,7,0.0,2,1,1,138167.6,0
4466,15604465,Miller,607,France,Male,52,4,0.0,1,1,1,43580.76,0
4467,15604466,Moore,643,France,Male,63,1,146569.99,1,0,1,82446.82,0
4468,15604467,Robinson,749,France,Female,43,6,134105.36,2,1,1,46212.65,0
4469,15604468,Smith,638,Spain,Female,35,4,0.0,2,0,0,46824.72,0
4470,15604469,Garcia,744,Spain,Male,50,7,0.0,1,1,1,129585.38,0
4471,15604470,Jackson,551,Spain,Female,53,9,0.0,1,1,0,67270.95,0
4472,15604471,Lopez,691,Spain,Female,41,10,0.0,1,0,1,169587.46,0
4473,15604472,Jones,730,France,Male,43,5,109475.12,1,1,0,105376.33,0
4474,15604473,Moore,570,France,Female,59,6,189882.55,1,1,0,52328.5,0
4475,15604474,Lopez,632,Germany,Male,59,10,0.0,1,0,0,6921.0,0
4476,15604475,Wilson,634,France,Male,50,0,102357.92,2,1,1,118628.96,0
4477,15604476,Lopez,670,France,Female,37,1,0.0,1,0,1,187472.92,0
4478,15604477,Brown,695,France,Female,59,8,146450.37,2,1,0,101235.0,0
4479,15604478,Jones,562,Germany,Male,53,6,60559.29,1,1,0,108361.97,1
4480,15604479,Thomas,644,Germany,Male,46,6,251874.01,2,0,1,53951.05,0
4481,15604480,Miller,802,France,Male,64,3,120965.07,2,0,1,131304.05,0
4482,15604481,Smith,751,France,Female,32,3,85661.11,1,1,0,101521.82,0
4483,15604482,Garcia,726,Germany,Male,51,2,167180.08,2,1,1,142853.47,0
4484,15604483,Johnson,631,Germany,Male,59,9,0.0,2,1,1,24164.23,0
4485,15604484,Gonzalez,850,France,Male,39,3,0.0,1,1,1,46129.88,0
4486,15604485,Martinez,748,Germany,Male,38,9,85988.9,2,1,0,164947.21,0
4487,15604486,Wilson,653,France,Male,75,5,115778.81,1,1,1,193373.77,0
4488,15604487,Lee,671,France,Female,59,10,121897.72,1,1,0,163631.55,1
4489,15604488,Wilson,605,Spain,Male,70,2,49268.59,1,1,1,89242.09,0
4490,15604489,Ramirez,687,Germany,Male,63,9,139302.61,2,1,0,14458.97,1
4491,15604490,Lopez,706,France,Female,56,7,0.0,2,1,0,175034.51,1
4492,15604491,Rodriguez,717,Germany,Female,78,0,0.0,2,0,0,161687.03,1
4493,15604492,Miller,632,Germany,Male,54,5,138254.55,1,1,1,192081.25,0
4494,15604493,Taylor,508,Spain,Male,51,1,0.0,1,1,1,81912.27,0
4495,15604494,Harris,673,Germany,Female,63,10,123991.91,1,1,0,138139.16,1
4496,15604495,Jones,717,Germany,Male,65,0,26620.41,1,1,0,31755.68,1
4497,15604496,Miller,556,France,Female,57,3,116491.18,1,1,1,183496.85,0
4498,15604497,White,641,France,Male,46,5,18539.87,2,1,1,139896.35,0
4499,15604498,Ramirez,778,France,Male,63,6,144016.94,2,1,0,144411.29,1
4500,15604499,Davis,534,France,Male,46,10,140191.37,1,0,0,134725.07,0
4501,15604500,Sanchez,622,Germany,Female,52,0,0.0,1,0,0,144072.32,1
4502,15604501,Davis,792,Germany,Female,43,2,5767.93,1,1,0,30375.34,1
4503,15604502,Miller,665,France,Male,43,5,287976.17,2,1,0,135315.16,0
4504,15604503,Williams,599,France,Male,33,5,0.0,2,1,0,78616.06,0
4505,15604504,Taylor,649,France,Male,50,9,106812.01,1,1,1,67035.76,0
4506,15604505,Sanchez,729,France,Male,56,5,117148.65,2,0,1,51886.25,1
4507,15604506,Martin,630,Germany,Female,77,6,87914.03,1,1,0,172887.51,1
4508,15604507,Thompson,707,France,Male,45,10,114896.25,2,1,1,147762.85,0
4509,15604508,Clark,672,Germany,Female,53,6,0.0,4,1,1,59350.25,1
4510,15604509,Wilson,680,Spain,Female,51,9,192897.79,4,0,1,21851.44,1
4511,15604510,Thomas,713,France,Female,57,7,37200.02,2,1,0,85087.97,1
4512,15604511,Lee,621,France,Female,49,10,0.0,1,1,1,123193.55,0
4513,15604512,White,559,France,Male,60,1,112181.31,4,0,1,2022.28,1
4514,15604513,Smith,695,Germany,Male,42,9,191619.77,2,1,1,104208.81,1
4515,15604514,Clark,637,Germany,Male,52,0,0.0,2,1,0,20727.02,0
4516,15604515,Wilson,606,France,Male,56,9,119738.3,3,1,0,163722.83,1
4517,15604516,Jackson,700,Germany,Male,65,6,0.0,1,0,1,134200.7,1
4518,15604517,Rodriguez,772,Spain,Male,60,0,0.0,1,1,1,76014.22,0
4519,15604518,Wilson,635,France,Female,52,1,174021.48,1,0,1,44639.76,0
4520,15604519,Johnson,650,France,Male,43,0,69280.37,4,1,0,76673.77,1
4521,15604520,Williams,536,Spain,Female,80,0,0.0,2,1,0,178972.9,1
4522,15604521,Lewis,628,Germany,Female,45,2,0.0,1,1,0,13514.47,0
4523,15604522,Clark,671,Spain,Female,40,3,182055.23,1,1,0,183777.7,0
4524,15604523,Garcia,648,Germany,Male,45,4,0.0,1,0,1,14975.58,0
4525,15604524,Ramirez,615,Spain,Male,38,4,0.0,1,0,1,7353.52,0
4526,15604525,Sanchez,719,France,Male,56,1,119157.1,1,0,0,39899.83,0
4527,15604526,Miller,655,Germany,Male,52,10,82197.44,2,0,1,29262.28,0
4528,15604527,Martin,850,Spain,Male,49,2,76327.11,2,0,1,186380.62,0
4529,15604528,Jones,669,Germany,Female,50,7,0.0,2,1,0,48925.14,0
4530,15604529,Hernandez,386,France,Male,46,1,0.0,2,1,0,164982.97,1
4531,15604530,Johnson,543,France,Male,35,3,96606.63,2,1,1,64080.84,0
4532,15604531,Moore,701,France,Female,63,6,120987.57,2,0,1,29633.54,0
4533,15604532,Gonzalez,588,France,Male,47,8,239000.3,2,1,0,84180.89,0
4534,15604533,Harris,594,France,Male,39,2,0.0,2,0,0,19575.08,0
4535,15604534,Martin,531,Germany,Female,36,2,56447.44,2,1,0,120630.68,1
4536,15604535,Thomas,604,Germany,Male,69,6,109722.54,1,1,1,32070.97,0
4537,15604536,Taylor,668,France,Female,48,7,0.0,3,1,0,112114.42,1
4538,15604537,Taylor,687,Germany,Male,48,3,136457.91,1,1,0,47218.84,1
4539,15604538,Anderson,552,France,Female,57,0,0.0,2,0,0,183458.25,0
4540,15604539,Johnson,727,France,Male,46,4,0.0,2,1,0,43585.16,0
4541,15604540,Jackson,535,France,Male,38,10,149204.74,1,1,0,93506.9,0
4542,15604541,Davis,692,Germany,Female,45,3,127353.5,1,1,1,3488.59,0
4543,15604542,Rodriguez,682,France,Male,54,10,0.0,2,1,0,24182.01,0
4544,15604543,Harris,560,France,Male,45,7,0.0,1,1,1,32345.38,0
4545,15604544,White,548,France,Male,43,6,0.0,1,1,1,165535.44,0
4546,15604545,Clark,686,Spain,Male,41,1,0.0,2,1,0,124765.82,0
4547,15604546,Harris,596,France,Male,56,5,0.0,2,0,1,8018.67,0
4548,15604547,Brown,631,Germany,Female,54,3,0.0,2,0,0,36122.83,0
4549,15604548,Martinez,715,Germany,Female,58,6,68788.15,1,1,1,173692.23,0
4550,15604549,Perez,695,Spain,Female,49,8,110152.88,1,1,0,61331.01,0
4551,15604550,Moore,562,Spain,Male,47,6,0.0,1,1,1,41820.75,0
4552,15604551,Martinez,644,France,Male,43,1,123981.8,2,1,1,159307.49,0
4553,15604552,Perez,560,France,Female,48,7,0.0,1,1,1,79314.29,0
4554,15604553,Lewis,733,Spain,Female,37,5,168908.35,1,1,0,96774.36,0
4555,15604554,Martin,797,France,Male,55,8,0.0,1,1,0,141009.31,0
4556,15604555,Hernandez,568,Germany,Male,47,6,65750.61,1,0,0,181610.68,1
4557,15604556,Smith,647,Germany,Male,65,4,0.0,4,0,1,139711.54,1
4558,15604557,Hernandez,738,Germany,Male,51,7,105199.17,1,1,0,78756.21,1
4559,15604558,Robinson,652,Spain,Female,34,6,114160.3,2,1,0,192841.89,0
4560,15604559,Thomas,703,Spain,Male,53,0,39951.83,2,1,0,109660.16,0
4561,15604560,Jones,654,Germany,Female,80,10,91862.69,1,0,0,180463.83,1
4562,15604561,Hernandez,548,France,Male,56,4,163149.06,1,1,1,177525.7,0
4563,15604562,Rodriguez,661,Spain,Male,61,6,71604.97,1,1,0,102182.63,1
4564,15604563,Harris,758,France,Female,67,9,174318.78,1,0,1,41685.91,1
4565,15604564,Jones,680,France,Male,43,6,87109.88,2,1,1,74396.14,0
4566,15604565,Martinez,805,Spain,Male,50,10,0.0,2,1,0,35073.1,1
4567,15604566,Lopez,479,France,Female,43,2,141683.94,1,1,1,31740.71,0
4568,15604567,Moore,686,France,Female,59,4,260833.44,1,1,1,178987.68,0
4569,15604568,Thomas,587,France,Female,43,7,0.0,1,1,0,28168.57,0
4570,15604569,Lewis,565,Spain,Male,49,8,73871.98,1,1,0,194974.44,0
4571,15604570,Lee,778,Germany,Male,60,8,0.0,1,1,1,55610.99,1
4572,15604571,Ramirez,625,Germany,Female,59,9,91539.37,2,1,0,91724.41,0
4573,15604572,Jackson,616,France,Male,53,4,0.0,1,1,0,37112.25,1
4574,15604573,Smith,682,Spain,Female,67,1,124394.5,1,1,1,74665.82,0
4575,15604574,Thomas,443,Spain,Male,60,7,60526.64,2,1,0,119821.18,1
4576,15604575,Wilson,780,France,Male,45,6,0.0,2,1,1,183207.44,0
4577,15604576,Williams,832,France,Female,38,3,0.0,2,1,0,188471.85,0
4578,15604577,Rodriguez,737,France,Male,42,4,118308.09,1,0,1,10652.36,0
4579,15604578,White,689,Spain,Male,61,9,0.0,1,1,0,106370.54,0
4580,15604579,Martinez,629,Germany,Male,56,10,175073.61,1,1,0,27220.14,1
4581,15604580,Martinez,546,Spain,Male,67,10,143449.73,1,0,1,29047.67,0
4582,15604581,Smith,764,France,Male,57,9,0.0,1,1,0,164179.64,0
4583,15604582,Clark,737,Spain,Male,61,1,172928.79,1,0,1,65233.57,0
4584,15604583,Williams,693,Spain,Male,55,8,171957.49,2,1,1,196922.2,0
4585,15604584,Miller,682,Germany,Female,45,5,78492.16,1,1,0,159575.25,1
4586,15604585,Moore,678,Spain,Male,44,8,0.0,2,0,0,109401.51,0
4587,15604586,Martin,599,France,Female,42,7,120948.0,2,0,0,7126.51,0
4588,15604587,Harris,850,France,Male,45,0,190994.33,2,1,1,14459.5,0
4589,15604588,Miller,622,Germany,Female,67,8,0.0,1,1,0,121065.2,1
4590,15604589,Taylor,609,Germany,Male,59,8,0.0,1,0,0,168013.19,1
4591,15604590,White,757,Germany,Female,49,3,0.0,1,1,0,103315.64,0
4592,15604591,Jackson,647,France,Female,56,0,90331.95,1,0,0,174479.78,0
4593,15604592,Brown,648,Germany,Female,56,3,0.0,2,1,0,80360.29,1
4594,15604593,Harris,785,France,Female,69,5,180667.22,2,1,1,184096.51,0
4595,15604594,Martinez,715,France,Male,48,3,270277.31,2,1,0,178077.55,1
4596,15604595,Lewis,720,Germany,Female,54,8,27086.27,1,1,1,125710.19,0
4597,15604596,Davis,513,Germany,Female,61,3,0.0,1,1,1,179721.39,1
4598,15604597,Martin,688,France,Female,45,9,0.0,1,1,1,107479.0,0
4599,15604598,Thompson,553,France,Male,70,7,0.0,2,1,0,20611.09,0
4600,15604599,Ramirez,606,France,Female,60,1,107365.02,2,0,1,147964.67,0
4601,15604600,Johnson,666,France,Male,42,6,124809.74,2,1,0,128610.55,0
4602,15604601,Garcia,646,Spain,Male,76,7,130313.24,1,0,0,135930.88,1
4603,15604602,Ramirez,712,Spain,Male,67,5,0.0,1,0,1,8284.9,0
4604,15604603,Perez,723,France,Male,58,9,0.0,1,1,0,20345.29,0
4605,15604604,Anderson,731,Spain,Female,35,5,100781.1,2,1,0,199586.21,0
4606,15604605,Moore,520,Spain,Female,46,7,103436.64,2,1,0,153430.83,0
4607,15604606,Perez,850,Spain,Female,53,2,31641.68,2,0,0,93615.53,0
4608,15604607,Davis,647,France,Female,54,1,0.0,1,1,0,134075.31,1
4609,15604608,Martin,766,Spain,Male,52,8,73372.2,2,1,0,166602.14,0
4610,15604609,Wilson,408,France,Female,40,7,0.0,1,1,1,181920.61,0
4611,15604610,Lee,624,France,Male,49,9,151634.29,2,0,1,171711.22,0
4612,15604611,Davis,509,France,Female,50,4,54793.75,2,1,1,108818.26,0
4613,15604612,Jackson,567,France,Female,34,4,75975.84,1,0,0,182109.89,0
4614,15604613,Gonzalez,654,France,Female,58,5,154151.21,2,1,1,157853.76,0
4615,15604614,Sanchez,617,France,Male,72,5,86827.76,1,1,0,14847.71,1
4616,15604615,Rodriguez,776,France,Female,51,1,151959.57,2,0,0,20589.42,0
4617,15604616,Brown,819,Spain,Male,58,6,0.0,2,1,1,146565.84,0
4618,15604617,Perez,557,Spain,Male,42,2,0.0,2,1,0,170170.41,0
4619,15604618,Moore,603,France,Female,55,7,111737.86,2,0,1,88600.43,0
4620,15604619,Robinson,551,Spain,Male,56,8,0.0,2,1,1,152877.74,0
4621,15604620,White,760,Spain,Female,65,2,171201.24,2,1,0,149273.92,1
4622,15604621,Hernandez,665,Spain,Male,68,5,0.0,1,1,0,94624.18,1
4623,15604622,Jackson,653,France,Male,58,7,113723.25,1,1,1,80870.34,0
4624,15604623,Hernandez,679,Germany,Female,45,5,0.0,1,1,1,14924.92,0
4625,15604624,Anderson,620,Spain,Male,45,9,0.0,1,1,1,196024.08,0
4626,15604625,Ramirez,567,Germany,Male,68,2,113033.97,1,1,0,40865.03,1
4627,15604626,Jackson,654,France,Male,37,3,70313.06,2,1,0,29857.45,0
4628,15604627,Lee,624,Germany,Male,41,8,193183.17,2,1,1,16181.66,0
4629,15604628,Thomas,683,Germany,Female,46,10,92457.2,2,1,0,102090.95,0
4630,15604629,Brown,493,Germany,Male,57,0,114057.21,2,1,1,13517.89,1
4631,15604630,Smith,667,France,Female,72,3,0.0,1,0,0,175534.58,1
4632,15604631,Gonzalez,583,France,Female,73,9,160761.89,2,1,1,40317.99,0
4633,15604632,Thompson,664,Spain,Male,32,0,108287.52,1,1,0,183430.95,0
4634,15604633,Anderson,736,Spain,Female,55,7,0.0,1,1,0,171568.07,0
4635,15604634,Rodriguez,596,France,Female,51,6,273686.75,2,1,1,7984.5,0
4636,15604635,Brown,764,Spain,Male,44,6,122918.9,2,1,1,115165.72,0
4637,15604636,Lewis,482,France,Male,32,1,235652.26,1,1,0,36461.17,0
4638,15604637,Taylor,798,Germany,Male,51,9,0.0,1,1,1,27250.04,1
4639,15604638,Gonzalez,768,Spain,Female,40,5,0.0,1,1,1,103146.33,0
4640,15604639,Garcia,564,Spain,Female,57,7,0.0,2,1,1,38193.44,0
4641,15604640,Williams,565,Spain,Male,52,7,28631.91,1,1,1,90344.27,0
4642,15604641,Gonzalez,506,France,Female,35,4,117261.64,1,1,1,10550.41,0
4643,15604642,Clark,738,Spain,Female,49,7,46333.33,2,0,0,94118.09,0
4644,15604643,Ramirez,618,France,Female,38,1,85374.76,2,1,0,34088.47,0
4645,15604644,Martin,611,Germany,Female,55,3,70646.16,1,1,1,23195.4,1
4646,15604645,Jones,542,Germany,Male,60,9,0.0,1,0,1,16717.96,0
4647,15604646,Jackson,823,Germany,Female,48,1,0.0,2,1,1,127625.82,1
4648,15604647,Miller,556,France,Female,67,4,0.0,1,1,1,12931.74,0
4649,15604648,Lee,652,Spain,Female,55,10,92089.72,1,1,1,116443.89,0
4650,15604649,Martinez,670,France,Female,52,2,127375.77,1,1,0,15752.41,0
4651,15604650,Brown,611,France,Male,52,5,130745.48,1,1,0,98438.03,0
4652,15604651,Jackson,592,Germany,Male,49,6,0.0,2,1,1,45956.47,0
4653,15604652,Ramirez,614,France,Male,49,5,20331.36,2,1,0,28317.53,1
4654,15604653,Thomas,704,Spain,Female,40,10,153743.07,1,1,1,192088.51,0
4655,15604654,Thompson,616,France,Male,71,1,15880.8,1,1,0,69692.77,1
4656,15604655,Thompson,806,France,Female,49,1,162887.13,2,0,1,64837.58,0
4657,15604656,Anderson,575,Spain,Female,73,3,0.0,2,1,1,194379.44,0
4658,15604657,Moore,722,Germany,Female,59,6,0.0,1,0,1,150860.44,1
4659,15604658,Taylor,481,France,Male,50,7,0.0,1,1,1,119243.78,0
4660,15604659,Lee,575,Germany,Female,53,4,156064.74,2,1,1,39336.72,1
4661,15604660,Harris,571,Germany,Female,60,9,113887.67,2,0,0,124913.15,1
4662,15604661,Miller,544,Germany,Female,63,0,58902.59,1,0,0,158730.03,0
4663,15604662,Harris,677,France,Male,52,8,0.0,2,1,1,172977.27,0
4664,15604663,White,639,Spain,Male,62,7,0.0,1,0,0,173178.6,0
4665,15604664,Johnson,431,Spain,Male,59,0,0.0,1,1,1,18687.34,0
4666,15604665,Robinson,841,Germany,Male,60,8,0.0,2,0,0,56085.68,1
4667,15604666,Sanchez,666,France,Male,62,4,33559.73,1,1,1,96197.04,0
4668,15604667,Thomas,650,Spain,Female,46,7,0.0,1,1,1,94863.8,0
4669,15604668,Williams,775,Germany,Female,69,9,0.0,2,1,0,97328.49,1
4670,15604669,Gonzalez,744,Germany,Male,56,9,102835.39,2,0,0,187521.85,1
4671,15604670,Williams,621,France,Male,63,1,0.0,1,1,1,79652.76,0
4672,15604671,Davis,462,Spain,Female,52,6,26217.31,2,0,1,162876.78,0
4673,15604672,Perez,704,Germany,Male,54,8,70599.71,2,1,1,95299.3,1
4674,15604673,Williams,557,France,Female,46,6,202979.48,2,1,1,87099.16,0
4675,15604674,Garcia,768,France,Male,42,8,38432.05,1,0,1,188760.55,0
4676,15604675,Jackson,575,Spain,Male,50,3,28129.87,1,0,0,59804.47,1
4677,15604676,Smith,606,France,Male,60,4,0.0,2,0,0,60069.74,0
4678,15604677,Clark,521,Spain,Female,46,6,161055.44,2,1,0,168793.32,0
4679,15604678,Williams,528,Germany,Male,37,0,71942.15,2,1,1,89303.81,0
4680,15604679,Wilson,639,Germany,Female,66,1,180731.43,2,1,1,122010.04,1
4681,15604680,Thomas,630,France,Male,41,1,0.0,1,0,1,13394.11,0
4682,15604681,Smith,604,France,Male,55,9,75161.8,1,0,1,104748.75,0
4683,15604682,Anderson,847,Spain,Female,75,8,0.0,2,1,0,108851.13,0
4684,15604683,Lewis,707,France,Male,92,2,139601.01,2,0,0,125269.64,1
4685,15604684,Anderson,650,Spain,Female,50,8,0.0,2,1,0,16995.05,0
4686,15604685,Ramirez,385,France,Male,66,0,0.0,1,1,1,172443.87,0
4687,15604686,Ramirez,729,France,Male,56,10,93123.46,2,1,0,84021.71,0
4688,15604687,Garcia,850,France,Female,43,2,35810.41,1,1,1,59227.7,0
4689,15604688,Martinez,631,Germany,Female,49,9,51996.89,1,1,0,115193.42,1
4690,15604689,Lewis,572,Spain,Male,47,1,159039.06,4,0,1,108661.51,0
4691,15604690,Lewis,665,France,Female,65,1,0.0,1,1,1,37360.75,0
4692,15604691,Miller,512,France,Male,75,0,161434.79,1,0,0,61060.22,0
4693,15604692,Miller,694,France,Female,48,5,106017.35,2,0,1,138350.37,1
4694,15604693,Martinez,794,Germany,Female,38,4,0.0,2,1,1,42200.91,0
4695,15604694,Brown,585,France,Male,54,4,0.0,2,1,0,94293.74,0
4696,15604695,Lee,588,Spain,Male,43,10,149598.46,2,1,0,174759.46,0
4697,15604696,Smith,642,Germany,Male,41,8,170818.7,1,1,0,5097.96,0
4698,15604697,White,601,Germany,Male,45,5,141342.2,2,1,1,167772.09,0
4699,15604698,Martin,504,France,Male,44,8,0.0,1,0,1,173015.2,0
4700,15604699,Thomas,613,Spain,Female,57,3,146377.05,1,1,1,144093.33,0
4701,15604700,Gonzalez,593,France,Female,60,6,216392.9,1,1,1,120554.27,0
4702,15604701,Harris,781,France,Male,55,10,97686.26,2,1,0,92405.48,0
4703,15604702,Johnson,760,Germany,Male,43,3,0.0,2,1,0,133342.54,0
4704,15604703,Brown,784,Germany,Female,43,0,137869.16,1,1,0,161320.45,1
4705,15604704,Gonzalez,726,France,Female,51,3,0.0,2,1,1,46752.06,0
4706,15604705,Johnson,669,France,Male,48,1,162225.47,1,1,0,181953.73,0
4707,15604706,Johnson,566,Spain,Male,52,4,0.0,1,0,0,57064.56,0
4708,15604707,Lewis,777,France,Male,56,10,106271.8,2,1,0,2727.3,0
4709,15604708,Rodriguez,683,Spain,Male,51,1,0.0,2,1,1,137832.33,0
4710,15604709,Robinson,530,Germany,Male,59,1,0.0,2,1,1,183453.14,1
4711,15604710,Johnson,562,France,Male,54,10,56903.35,2,1,1,173498.02,0
4712,15604711,Brown,528,France,Male,59,3,68139.27,2,0,1,38072.57,0
4713,15604712,Miller,453,France,Female,41,6,0.0,2,0,1,190485.76,0
4714,15604713,Sanchez,687,Spain,Male,37,2,85447.5,1,1,1,188081.22,0
4715,15604714,Moore,531,Germany,Male,43,10,8230.86,2,1,0,130566.62,1
4716,15604715,Smith,577,France,Male,64,6,0.0,1,1,1,51124.66,0
4717,15604716,White,653,Germany,Female,54,10,65141.46,1,0,1,83694.98,1
4718,15604717,Thompson,631,Spain,Female,46,8,0.0,2,1,1,107101.18,0
4719,15604718,Martin,581,France,Male,45,2,0.0,1,1,1,105407.58,0
4720,15604719,Ramirez,795,Spain,Male,60,3,146902.92,2,1,1,115921.08,0
4721,15604720,Martin,503,France,Female,55,0,0.0,1,1,0,51218.64,0
4722,15604721,Lopez,507,France,Male,40,6,0.0,1,0,1,38200.16,0
4723,15604722,Taylor,693,France,Male,40,0,0.0,2,0,0,194926.93,0
4724,15604723,Wilson,589,France,Male,59,2,149509.77,2,1,0,24578.62,0
4725,15604724,White,586,France,Female,46,8,67123.49,1,1,1,64982.84,0
4726,15604725,Johnson,546,France,Female,38,4,0.0,1,1,1,194089.55,0
4727,15604726,Ramirez,682,Spain,Female,38,9,0.0,2,0,0,144359.49,0
4728,15604727,Taylor,671,Spain,Male,57,9,68676.04,2,1,1,112551.77,0
4729,15604728,Lewis,661,Germany,Female,46,10,55127.53,1,1,1,2770.55,1
4730,15604729,Hernandez,594,France,Female,61,1,21438.95,1,0,0,174332.01,1
4731,15604730,Clark,577,France,Female,53,8,0.0,2,1,0,152710.76,0
4732,15604731,Gonzalez,634,France,Male,48,5,0.0,1,1,1,20200.55,0
4733,15604732,Johnson,742,Germany,Male,52,8,0.0,2,0,0,161958.52,0
4734,15604733,Gonzalez,800,Spain,Female,77,10,0.0,2,1,1,52401.39,0
4735,15604734,Harris,756,France,Male,42,3,0.0,1,1,0,161804.31,0
4736,15604735,Miller,698,France,Male,67,5,0.0,1,1,0,168557.76,0
4737,15604736,Wilson,744,Germany,Male,59,6,153188.05,1,1,1,86726.75,1
4738,15604737,Wilson,536,France,Female,46,10,60036.45,1,1,1,16017.11,0
4739,15604738,Martinez,581,France,Female,59,5,27851.06,1,1,1,112007.79,1
4740,15604739,Harris,700,Germany,Male,54,3,147459.08,1,0,0,110716.47,1
4741,15604740,Jackson,638,Germany,Female,51,7,182414.27,1,1,0,160954.93,1
4742,15604741,Martin,682,France,Female,48,5,0.0,1,1,1,18510.0,0
4743,15604742,Perez,744,France,Female,63,1,142709.23,2,0,0,139859.28,0
4744,15604743,Wilson,729,Spain,Male,52,5,0.0,2,1,1,168727.02,0
4745,15604744,Thomas,545,France,Male,43,0,0.0,1,1,0,105544.62,0
4746,15604745,Clark,651,France,Male,52,8,132701.79,1,0,1,62357.75,0
4747,15604746,Rodriguez,561,France,Male,38,9,168798.24,1,1,0,49056.6,0
4748,15604747,Moore,575,France,Female,46,6,0.0,1,1,1,62757.31,0
4749,15604748,Martinez,485,France,Male,58,7,70092.68,1,0,1,179031.26,0
4750,15604749,Lopez,662,Spain,Female,42,10,128611.86,2,1,0,139486.47,1
4751,15604750,Johnson,478,France,Male,85,3,0.0,1,1,0,132977.18,1
4752,15604751,Martinez,687,France,Male,34,7,0.0,1,0,0,14224.83,0
4753,15604752,Perez,780,Germany,Male,48,0,0.0,2,0,0,122598.77,1
4754,15604753,Thomas,700,Germany,Male,60,10,68214.81,2,1,1,171929.94,0
4755,15604754,Williams,654,Spain,Male,39,3,120156.69,2,1,1,38315.7,0
4756,15604755,Harris,797,Spain,Female,60,5,0.0,1,1,0,51938.84,0
4757,15604756,Harris,681,France,Male,59,9,191143.93,1,1,1,195057.18,0
4758,15604757,Ramirez,567,Spain,Female,49,6,0.0,2,0,0,109191.51,0
4759,15604758,Harris,662,France,Female,43,2,20724.39,2,1,1,141861.15,0
4760,15604759,Johnson,838,Spain,Male,52,9,52039.76,1,0,0,67551.73,0
4761,15604760,Perez,545,France,Female,59,9,0.0,2,1,1,54009.69,0
4762,15604761,Davis,517,Spain,Female,44,1,0.0,2,0,0,10579.84,0
4763,15604762,Wilson,709,Spain,Male,51,8,0.0,1,1,1,41413.25,0
4764,15604763,Martinez,628,France,Male,39,0,149587.67,2,1,0,128217.2,0
4765,15604764,Moore,598,Germany,Female,62,9,87441.88,2,1,0,62214.86,1
4766,15604765,Davis,529,Spain,Male,74,0,0.0,2,1,0,30487.25,1
4767,15604766,Williams,462,Spain,Male,47,9,4212.44,1,0,1,17710.63,0
4768,15604767,Perez,510,France,Female,45,1,0.0,1,1,0,172464.31,0
4769,15604768,Brown,805,Germany,Male,65,4,89307.89,1,0,1,96896.13,1
4770,15604769,Johnson,649,France,Male,65,0,47560.93,2,1,1,76936.04,0
4771,15604770,Lopez,461,France,Female,60,5,50347.62,2,1,1,38673.09,1
4772,15604771,Jones,763,France,Female,41,7,50090.13,1,1,0,96178.37,0
4773,15604772,Sanchez,768,France,Male,31,9,0.0,1,0,0,183628.89,0
4774,15604773,Perez,768,Spain,Male,50,1,88926.52,2,0,1,78715.63,0
4775,15604774,Miller,609,France,Female,57,4,75917.63,1,1,1,13828.98,0
4776,15604775,Sanchez,624,Spain,Female,47,2,1406.88,1,0,1,152291.7,0
4777,15604776,Harris,663,France,Male,64,1,52427.63,2,1,1,46041.53,0
4778,15604777,Perez,784,France,Male,45,5,2450.49,2,0,0,142339.54,0
4779,15604778,Lee,596,France,Male,37,0,0.0,2,0,0,148444.97,0
4780,15604779,White,577,France,Female,47,7,173001.13,2,1,1,161148.96,0
4781,15604780,Moore,716,France,Female,56,5,0.0,1,0,1,43486.08,0
4782,15604781,Davis,766,France,Female,42,3,0.0,2,1,1,30701.52,0
4783,15604782,Davis,644,Germany,Female,54,4,42598.08,2,0,1,64836.8,1
4784,15604783,Gonzalez,714,France,Female,50,1,54736.79,1,1,0,136916.34,0
4785,15604784,Martin,660,France,Male,74,7,0.0,2,1,0,189788.59,1
4786,15604785,Davis,625,France,Female,62,5,59771.65,1,1,0,134373.14,0
4787,15604786,Robinson,570,Spain,Female,87,5,196271.54,1,1,0,196218.9,0
4788,15604787,Martin,539,Spain,Male,40,2,0.0,2,1,0,124558.69,0
4789,15604788,Taylor,590,France,Male,67,0,389.38,2,1,0,192517.86,0
4790,15604789,Perez,556,France,Female,35,7,152334.89,1,1,0,144821.77,0
4791,15604790,Martinez,677,France,Male,64,6,111578.52,2,1,1,68389.38,0
4792,15604791,White,766,Spain,Male,36,0,150236.79,3,1,0,136109.96,1
4793,15604792,Thompson,669,France,Female,60,7,98102.21,1,1,1,35082.92,0
4794,15604793,Robinson,561,France,Female,55,9,155704.94,2,1,0,83157.21,1
4795,15604794,Rodriguez,732,France,Male,56,1,149098.63,1,0,1,69302.1,0
4796,15604795,Garcia,678,France,Female,34,10,68153.95,1,1,0,159344.52,0
4797,15604796,Miller,697,France,Male,59,7,0.0,2,0,0,171719.32,0
4798,15604797,Williams,600,Spain,Male,37,4,0.0,1,0,1,151482.48,0
4799,15604798,Miller,758,France,Male,74,7,136824.38,2,0,1,167909.06,0
4800,15604799,Harris,758,Germany,Female,45,10,0.0,1,1,1,15499.65,0
4801,15604800,Garcia,632,France,Female,30,5,0.0,1,1,0,167374.27,0
4802,15604801,Perez,718,France,Female,48,1,114708.63,1,0,1,43663.81,0
4803,15604802,Davis,755,Spain,Female,67,6,88262.81,1,1,0,152346.81,1
4804,15604803,Wilson,605,France,Male,53,10,161000.71,1,0,1,96916.84,0
4805,15604804,Hernandez,642,Spain,Male,53,10,0.0,1,1,1,49352.37,0
4806,15604805,Sanchez,657,Germany,Female,57,5,0.0,1,1,1,157252.6,0
4807,15604806,Robinson,544,France,Male,42,3,60717.76,1,0,0,5062.44,1
4808,15604807,Robinson,692,Spain,Female,45,8,171548.81,1,1,0,198028.35,1
4809,15604808,Perez,748,France,Female,53,3,150428.4,1,0,0,102789.02,1
4810,15604809,Martinez,636,Spain,Female,75,0,41982.08,1,0,0,84742.47,1
4811,15604810,Garcia,682,France,Male,61,2,108666.39,1,0,0,112419.83,0
4812,15604811,Johnson,784,Spain,Male,62,10,0.0,1,1,0,176950.19,0
4813,15604812,Johnson,611,France,Male,69,7,80778.87,1,1,1,56708.01,0
4814,15604813,Johnson,684,Germany,Male,64,2,14433.69,2,0,1,50274.35,1
4815,15604814,Thomas,595,Spain,Female,60,6,0.0,1,1,1,146034.73,0
4816,15604815,Ramirez,592,Spain,Male,50,10,0.0,2,1,0,86715.8,0
4817,15604816,Smith,682,Spain,Male,33,0,295707.0,1,0,1,99318.1,0
4818,15604817,Lopez,673,Spain,Male,42,3,0.0,1,0,1,97492.53,0
4819,15604818,Sanchez,703,Spain,Male,43,3,120133.15,1,1,0,160811.49,1
4820,15604819,Gonzalez,657,France,Male,66,8,0.0,2,1,1,44232.11,0
4821,15604820,Jackson,694,France,Male,59,10,0.0,1,1,1,62152.22,0
4822,15604821,Clark,809,France,Male,30,0,47127.7,2,1,1,93707.37,0
4823,15604822,Harris,751,France,Male,52,10,56692.71,1,1,0,21796.36,0
4824,15604823,Garcia,682,France,Male,33,8,158868.3,2,1,1,50204.66,0
4825,15604824,Ramirez,698,Germany,Male,50,9,0.0,1,0,1,158429.63,0
4826,15604825,Lopez,621,France,Male,65,7,99341.8,1,0,1,106614.5,0
4827,15604826,Brown,634,Germany,Male,58,9,0.0,2,0,1,122955.01,0
4828,15604827,Ramirez,697,France,Female,48,5,0.0,3,0,0,67106.64,1
4829,15604828,Davis,658,France,Female,54,10,0.0,1,0,0,120166.46,0
4830,15604829,Moore,726,Germany,Female,45,3,79487.88,1,1,0,71688.14,1
4831,15604830,Gonzalez,771,Spain,Male,39,10,0.0,2,1,1,54789.69,0
4832,15604831,Clark,640,Germany,Male,44,5,48898.98,1,0,0,71347.36,1
4833,15604832,Williams,457,Germany,Female,63,5,0.0,2,1,0,185172.27,1
4834,15604833,Harris,845,France,Male,68,1,66695.95,2,0,1,116167.19,1
4835,15604834,Jones,587,Germany,Female,64,6,0.0,1,0,1,86931.09,0
4836,15604835,Wilson,668,France,Male,62,8,181737.34,1,1,0,155983.45,1
4837,15604836,Lewis,719,France,Male,41,7,172229.03,2,1,1,21229.09,0
4838,15604837,Harris,785,France,Female,49,2,139140.98,2,1,1,111699.0,0
4839,15604838,Davis,823,France,Male,50,7,78729.55,2,1,1,60064.12,0
4840,15604839,Anderson,615,France,Male,47,3,122192.65,1,0,0,70518.16,0
4841,15604840,Robinson,764,Spain,Male,42,9,0.0,2,1,0,109045.38,0
4842,15604841,Gonzalez,669,Spain,Male,55,0,0.0,1,1,1,143758.73,0
4843,15604842,Perez,850,France,Male,54,2,0.0,2,1,1,171279.8,0
4844,15604843,Rodriguez,755,France,Female,49,0,0.0,1,1,0,199585.07,0
4845,15604844,Brown,632,France,Female,72,4,0.0,1,1,0,64178.4,1
4846,15604845,Harris,573,France,Female,47,9,109072.22,1,1,1,65883.9,0
4847,15604846,Taylor,397,Spain,Male,51,10,21728.1,1,1,0,198269.77,0
4848,15604847,White,714,France,Female,38,8,107588.89,1,1,0,84016.3,0
4849,15604848,Wilson,746,Spain,Female,61,6,20041.48,1,1,1,109307.66,0
4850,15604849,Lewis,721,France,Male,67,2,0.0,1,1,0,139382.7,0
4851,15604850,Wilson,424,Spain,Female,37,6,0.0,2,0,1,162160.45,0
4852,15604851,Gonzalez,529,France,Female,57,7,139002.67,1,1,1,109923.4,0
4853,15604852,Davis,696,Spain,Female,48,3,0.0,2,1,0,50062.92,0
4854,15604853,Ramirez,821,France,Male,61,2,0.0,1,0,0,22536.88,1
4855,15604854,Clark,644,Germany,Male,55,1,114118.15,2,0,1,155018.48,0
4856,15604855,Davis,754,France,Female,55,7,195712.32,1,1,0,17194.97,1
4857,15604856,Williams,550,France,Male,54,2,0.0,2,0,1,38012.28,0
4858,15604857,Lewis,669,Spain,Female,76,6,0.0,2,1,1,41282.08,0
4859,15604858,Johnson,623,Spain,Female,40,10,111737.9,2,1,0,6992.61,0
4860,15604859,Williams,764,Spain,Female,33,10,0.0,2,1,0,170042.16,0
4861,15604860,Hernandez,598,Germany,Male,61,10,51274.22,3,1,0,162248.45,1
4862,15604861,Martinez,810,Spain,Female,41,1,79408.8,2,1,1,54028.9,0
4863,15604862,Anderson,620,France,Male,62,4,27508.72,2,1,1,157521.89,0
4864,15604863,Taylor,547,France,Female,60,4,94641.91,1,1,1,74961.86,0
4865,15604864,Robinson,550,France,Female,44,8,44100.65,1,0,1,17027.14,0
4866,15604865,Jones,590,Germany,Male,92,7,0.0,1,1,1,102983.1,1
4867,15604866,Hernandez,685,France,Female,70,7,72330.45,2,1,1,53945.4,0
4868,15604867,Garcia,591,France,Male,51,9,0.0,1,1,1,20438.36,0
4869,15604868,Brown,571,Germany,Male,54,1,58394.49,2,1,1,48739.58,0
4870,15604869,Johnson,735,Spain,Male,66,1,160076.11,2,1,0,53148.12,0
4871,15604870,Martin,350,France,Male,40,9,0.0,1,1,1,111661.35,0
4872,15604871,Robinson,608,France,Male,58,6,85644.54,1,1,1,121651.55,0
4873,15604872,Perez,521,France,Male,51,3,148866.43,1,1,1,29836.19,0
4874,15604873,Moore,566,France,Female,71,2,0.0,1,1,1,155956.72,0
4875,15604874,Clark,673,France,Female,36,2,0.0,2,1,0,186978.58,0
4876,15604875,Wilson,630,Germany,Female,55,6,0.0,1,1,1,46098.08,1
4877,15604876,Miller,621,Germany,Male,40,0,0.0,2,0,0,6362.24,0
4878,15604877,Anderson,764,Germany,Female,58,3,0.0,2,0,1,166864.39,0
4879,15604878,Miller,648,France,Female,53,5,0.0,2,0,0,147220.58,1
4880,15604879,Thomas,823,Spain,Male,54,8,160969.25,2,1,0,56516.36,0
4881,15604880,Lewis,718,France,Female,63,0,0.0,1,1,1,102860.13,0
4882,15604881,Gonzalez,557,France,Male,59,0,93982.76,2,1,1,143613.82,0
4883,15604882,Clark,835,Spain,Female,45,1,106673.55,2,0,0,43458.74,0
4884,15604883,Taylor,676,France,Male,34,6,122289.33,1,0,0,56176.29,0
4885,15604884,Smith,829,France,Male,36,6,35448.64,2,1,0,131235.12,1
4886,15604885,Johnson,624,Spain,Female,45,4,109140.51,2,0,1,88609.7,1
4887,15604886,Moore,676,France,Male,54,3,78752.05,1,1,0,13004.49,0
4888,15604887,Wilson,691,Germany,Male,52,9,66143.66,4,1,1,107049.3,1
4889,15604888,Martin,633,France,Female,55,5,175589.05,1,1,1,173046.62,0
4890,15604889,Lee,772,Germany,Female,67,7,0.0,1,1,1,68094.31,1
4891,15604890,Ramirez,835,France,Female,46,6,0.0,1,1,0,62776.99,0
4892,15604891,Harris,429,France,Male,62,1,41865.27,2,1,0,10078.81,1
4893,15604892,Williams,728,Germany,Male,54,10,0.0,1,1,1,29005.37,1
4894,15604893,Sanchez,564,France,Female,69,1,83857.72,2,1,0,18972.82,0
4895,15604894,Martinez,401,France,Male,55,5,0.0,2,1,0,110996.02,0
4896,15604895,Thomas,699,France,Male,74,0,100741.51,2,0,1,75420.49,0
4897,15604896,Moore,699,France,Male,60,4,0.0,1,1,1,92633.64,0
4898,15604897,Perez,715,France,Male,65,0,21674.51,3,1,0,151728.41,1
4899,15604898,Clark,685,France,Male,46,6,99174.7,3,0,0,199677.32,1
4900,15604899,Wilson,734,Spain,Male,68,2,95511.21,2,0,1,187741.68,0
4901,15604900,Harris,592,France,Male,74,8,0.0,1,0,0,32618.12,0
4902,15604901,Jones,675,France,Male,59,4,0.0,2,0,0,135486.4,1
4903,15604902,Martin,717,France,Male,49,0,42518.38,1,1,1,82206.37,0
4904,15604903,Gonzalez,779,France,Male,65,9,166138.48,1,0,1,14619.33,0
4905,15604904,Moore,654,Spain,Female,61,3,0.0,2,1,0,111686.62,0
4906,15604905,Anderson,629,France,Female,80,7,0.0,3,1,0,65550.57,1
4907,15604906,Martin,644,Spain,Male,58,6,127828.93,2,1,0,110882.22,0
4908,15604907,Moore,535,France,Male,51,5,224864.77,1,1,1,93406.48,0
4909,15604908,Perez,723,Germany,Male,54,8,144555.29,2,0,1,58707.5,0
4910,15604909,Jones,510,Germany,Male,44,3,92556.08,2,0,0,75339.32,1
4911,15604910,Jones,687,Spain,Male,49,9,179274.61,2,0,0,164113.92,0
4912,15604911,Thomas,658,Germany,Male,35,0,80483.01,2,1,0,176022.66,0
4913,15604912,Martinez,501,Germany,Female,51,9,4756.0,1,1,1,61867.08,0
4914,15604913,Ramirez,506,France,Female,66,5,0.0,1,1,0,124049.15,0
4915,15604914,Smith,568,France,Male,82,3,0.0,2,0,1,170434.47,0
4916,15604915,Rodriguez,616,Spain,Male,48,0,145149.37,1,1,0,158118.07,0
4917,15604916,Davis,792,France,Female,60,9,0.0,1,1,1,65912.0,0
4918,15604917,Davis,639,France,Male,51,2,122317.26,1,0,0,27692.45,0
4919,15604918,Lewis,702,Spain,Female,48,10,0.0,1,1,0,124274.78,0
4920,15604919,Hernandez,771,France,Male,42,0,123525.25,4,1,1,13588.2,1
4921,15604920,Martinez,753,Spain,Female,73,4,67816.99,2,0,1,164227.06,1
4922,15604921,Gonzalez,649,Germany,Female,37,7,44961.25,4,1,0,92531.05,1
4923,15604922,Martinez,582,Germany,Female,25,1,90389.38,2,1,1,143831.85,0
4924,15604923,Hernandez,697,Spain,Male,57,5,138136.66,1,0,0,35507.13,0
4925,15604924,Perez,584,France,Male,39,5,86871.72,1,0,1,33655.34,0
4926,15604925,Thompson,824,France,Male,46,4,68850.97,1,1,1,41599.86,0
4927,15604926,Lewis,733,France,Female,72,6,95144.95,1,1,0,154584.45,1
4928,15604927,Clark,670,France,Male,41,0,0.0,2,1,0,54997.85,0
4929,15604928,White,699,Germany,Male,56,9,136341.2,1,0,1,189115.6,0
4930,15604929,Jackson,667,Spain,Male,68,3,0.0,1,1,0,14222.9,1
4931,15604930,Robinson,614,France,Male,57,10,0.0,2,1,1,127874.0,0
4932,15604931,Lee,697,France,Male,57,5,112270.56,1,0,0,159439.48,0
4933,15604932,Gonzalez,626,Spain,Female,57,3,0.0,1,0,0,110009.29,1
4934,15604933,Clark,835,France,Male,39,5,45824.54,1,1,0,1700.87,0
4935,15604934,Sanchez,583,France,Male,65,1,0.0,2,1,1,185983.77,0
4936,15604935,Ramirez,698,France,Female,68,10,110459.44,1,1,0,124435.48,1
4937,15604936,Taylor,574,Spain,Female,55,8,78396.45,2,0,0,193241.97,1
4938,15604937,Gonzalez,573,Germany,Female,53,3,79431.95,1,1,1,48126.32,0
4939,15604938,Harris,478,Spain,Male,39,4,61199.48,2,0,0,85937.74,0
4940,15604939,Williams,689,Spain,Female,44,6,91961.09,1,0,1,70933.55,1
4941,15604940,Martin,598,France,Male,56,7,27111.77,2,1,1,154485.58,0
4942,15604941,Lopez,754,France,Male,36,0,0.0,2,1,0,97471.02,0
4943,15604942,Lopez,689,Spain,Male,43,6,86326.55,1,0,0,62627.96,0
4944,15604943,Wilson,664,France,Male,48,9,50922.48,2,1,1,30911.49,0
4945,15604944,Williams,514,Spain,Male,40,8,130658.62,1,1,0,92523.63,0
4946,15604945,Martin,706,Spain,Female,43,1,73769.78,2,1,1,185052.13,0
4947,15604946,Garcia,586,Germany,Male,57,10,0.0,2,1,0,105717.88,1
4948,15604947,Brown,512,Germany,Male,51,1,233166.96,1,1,0,14167.09,1
4949,15604948,Thompson,691,Spain,Male,61,10,0.0,1,0,0,148018.53,0
4950,15604949,Jones,529,Spain,Male,48,3,0.0,2,1,1,145553.12,0
4951,15604950,Lopez,449,France,Female,51,0,44907.43,1,1,0,7592.99,1
4952,15604951,Ramirez,774,France,Male,55,8,0.0,2,1,1,124067.79,0
4953,15604952,Sanchez,596,France,Female,44,4,73374.49,2,0,0,187887.96,0
4954,15604953,Sanchez,482,Germany,Male,58,2,0.0,1,1,1,167032.97,1
4955,15604954,Lewis,557,France,Female,42,5,68343.32,1,1,1,190168.83,0
4956,15604955,Clark,580,Germany,Female,45,6,182844.46,2,1,0,24119.44,0
4957,15604956,Lopez,759,France,Female,46,3,0.0,1,1,0,42197.39,0
4958,15604957,Gonzalez,490,Germany,Female,45,1,93668.79,2,1,0,42799.94,1
4959,15604958,Rodriguez,521,France,Female,53,4,100870.07,2,1,1,182718.58,0
4960,15604959,Rodriguez,744,Germany,Male,45,6,70518.14,2,1,0,68798.34,0
4961,15604960,Lewis,606,Germany,Male,50,9,67063.62,1,1,0,79878.96,1
4962,15604961,Johnson,671,France,Female,67,9,0.0,2,1,0,174525.18,1
4963,15604962,Hernandez,602,France,Female,68,2,0.0,2,1,1,126203.31,0
4964,15604963,Thompson,843,Germany,Male,28,1,0.0,2,1,1,78476.82,0
4965,15604964,Harris,526,France,Male,57,1,0.0,2,0,1,14585.84,0
4966,15604965,Perez,677,France,Female,34,10,58518.16,1,1,1,8019.34,0
4967,15604966,Moore,794,Spain,Male,58,10,129287.94,2,1,1,62463.42,0
4968,15604967,Martinez,614,Germany,Male,64,3,0.0,1,0,1,58669.07,0
4969,15604968,Thomas,577,Spain,Male,47,3,96774.34,2,1,0,132399.77,0
4970,15604969,Martin,723,France,Female,69,4,50447.51,1,1,1,89282.45,0
4971,15604970,Davis,746,France,Female,44,2,131073.68,2,1,0,136466.01,0
4972,15604971,Lee,573,Spain,Male,66,10,28368.53,1,1,0,66418.71,0
4973,15604972,Anderson,790,Germany,Male,64,0,0.0,1,1,0,183379.87,1
4974,15604973,Smith,654,Germany,Male,38,3,0.0,1,1,0,19047.59,1
4975,15604974,Thompson,698,France,Male,48,0,0.0,2,1,1,99883.66,0
4976,15604975,Clark,792,France,Female,37,7,185059.14,2,1,0,182392.85,0
4977,15604976,Moore,723,France,Male,41,4,8495.52,2,0,0,136726.8,0
4978,15604977,Wilson,649,France,Male,69,1,120000.07,1,0,0,15051.44,1
4979,15604978,Gonzalez,585,France,Female,58,4,170731.61,1,1,0,171386.74,1
4980,15604979,Martinez,850,France,Female,45,4,138274.47,2,1,1,46925.47,0
4981,15604980,Thomas,574,Spain,Male,35,0,0.0,2,1,1,102596.12,0
4982,15604981,Thomas,680,France,Male,37,4,16789.79,2,0,1,60156.51,0
4983,15604982,Thomas,698,Germany,Female,50,7,110807.83,3,1,0,83092.4,1
4984,15604983,Hernandez,703,Spain,Male,70,9,0.0,1,1,0,189358.74,1
4985,15604984,Jones,850,Germany,Female,62,1,0.0,2,1,0,28544.65,1
4986,15604985,Smith,654,France,Male,50,7,94895.87,1,1,0,50269.6,1
4987,15604986,Taylor,640,Germany,Female,50,7,0.0,2,0,1,66783.04,0
4988,15604987,Sanchez,799,Germany,Female,55,0,32979.27,3,0,1,132914.83,1
4989,15604988,Thompson,636,Germany,Female,67,3,108256.13,1,1,1,152876.41,1
4990,15604989,Hernandez,734,Spain,Female,42,4,240702.81,1,1,1,108019.76,0
4991,15604990,Anderson,668,Spain,Female,55,9,0.0,2,1,0,119176.21,1
4992,15604991,Hernandez,738,Germany,Female,40,7,128184.09,2,0,0,93547.78,1
4993,15604992,Taylor,719,France,Male,54,2,161316.89,1,1,0,58987.94,1
4994,15604993,Lopez,611,Germany,Male,50,0,0.0,1,1,0,116502.56,0
4995,15604994,Smith,472,France,Female,37,6,154773.22,2,0,1,64840.73,0
4996,15604995,Taylor,489,Spain,Female,55,3,0.0,2,1,0,88066.38,1
4997,15604996,Davis,473,France,Male,46,9,0.0,2,1,0,178977.92,0
4998,15604997,Davis,641,France,Male,48,4,0.0,1,0,0,183411.03,0
4999,15604998,Hernandez,424,Spain,Female,43,5,174560.12,2,1,0,58671.87,0
5000,15604999,Hernandez,634,Germany,Male,54,3,159227.16,1,0,1,82980.1,1
5001,15605000,Lee,662,France,Male,53,0,46239.65,1,0,0,171607.54,0
5002,15605001,Gonzalez,732,France,Female,61,10,37698.57,1,1,1,187601.66,0
5003,15605002,Smith,698,Spain,Female,56,7,0.0,1,0,1,199861.29,0
5004,15605003,Taylor,736,France,Male,43,10,0.0,2,1,0,81642.38,0
5005,15605004,Martinez,689,Spain,Male,62,8,70365.28,1,1,1,83220.78,0
5006,15605005,Moore,618,France,Male,65,2,0.0,1,1,1,111843.34,0
5007,15605006,Clark,639,Spain,Male,44,9,0.0,2,1,1,32254.25,0
5008,15605007,Johnson,568,Spain,Female,48,3,78910.04,1,1,0,139627.18,1
5009,15605008,Anderson,671,France,Male,46,4,53965.21,2,1,1,159978.91,0
5010,15605009,Ramirez,497,France,Male,52,9,0.0,2,0,1,164635.34,0
5011,15605010,Brown,752,France,Male,44,8,0.0,1,1,0,1356.29,0
5012,15605011,Lee,558,Germany,Male,61,4,76533.66,2,1,1,195919.28,1
5013,15605012,Brown,664,Germany,Female,42,6,0.0,1,1,1,117127.64,0
5014,15605013,Taylor,680,Germany,Male,48,2,0.0,1,1,1,1850.43,1
5015,15605014,Clark,761,France,Female,56,0,0.0,2,1,0,133258.77,0
5016,15605015,Smith,488,France,Female,52,5,0.0,2,1,1,59706.13,0
5017,15605016,Thompson,618,France,Male,53,9,0.0,1,1,0,45351.85,1
5018,15605017,White,702,France,Female,41,0,15598.07,2,1,0,198878.31,0
5019,15605018,Robinson,818,Germany,Male,50,5,66508.59,1,0,1,5659.33,1
5020,15605019,Rodriguez,646,Spain,Female,65,7,76134.64,1,1,1,173947.8,1
5021,15605020,Lopez,592,Germany,Male,60,8,100492.31,1,0,0,189146.36,1
5022,15605021,Jones,844,France,Female,49,7,0.0,2,1,0,73224.75,0
5023,15605022,Clark,727,Spain,Male,52,4,69936.09,1,0,1,93227.78,0
5024,15605023,Jones,781,Germany,Female,54,6,2767.5,1,1,1,127957.11,0
5025,15605024,White,533,Spain,Male,69,5,191646.07,1,1,1,4649.07,0
5026,15605025,Sanchez,700,Germany,Female,47,8,0.0,2,1,0,130798.85,1
5027,15605026,Martin,546,France,Male,60,3,0.0,1,0,1,22794.16,0
5028,15605027,Smith,524,France,Female,52,7,134439.06,1,0,0,2181.58,0
5029,15605028,Taylor,705,Germany,Male,65,10,78201.1,2,0,0,12108.43,1
5030,15605029,Moore,712,France,Male,66,8,0.0,2,1,1,43728.03,0
5031,15605030,Jones,603,France,Female,53,6,99828.45,1,1,0,81025.95,1
5032,15605031,Johnson,787,Germany,Female,45,6,0.0,2,1,0,176337.1,0
5033,15605032,Garcia,614,Germany,Male,64,1,100189.67,2,1,0,90465.08,1
5034,15605033,Martin,624,Germany,Female,52,8,85488.48,2,1,1,77866.98,0
5035,15605034,Robinson,646,France,Female,39,4,24317.8,1,1,1,41242.69,0
5036,15605035,Clark,626,France,Female,37,9,0.0,1,1,1,199708.32,0
5037,15605036,Lewis,772,Germany,Male,52,2,52417.14,1,1,1,133347.19,1
5038,15605037,Wilson,549,Spain,Male,31,3,37183.66,1,1,0,90512.77,0
5039,15605038,Rodriguez,577,Germany,Female,46,9,0.0,1,0,0,64540.6,1
5040,15605039,Davis,535,Spain,Male,65,1,36066.4,1,1,1,94873.29,0
5041,15605040,Ramirez,830,Spain,Male,68,2,0.0,1,0,1,151077.23,1
5042,15605041,Lewis,618,Germany,Male,65,5,0.0,1,0,1,64999.91,1
5043,15605042,Wilson,576,France,Male,52,0,0.0,2,1,0,54915.9,1
5044,15605043,Sanchez,622,Germany,Female,43,1,0.0,1,1,0,45030.41,0
5045,15605044,Johnson,731,Germany,Female,67,3,0.0,2,1,0,75935.41,0
5046,15605045,Perez,713,Germany,Female,54,0,0.0,3,1,1,6169.02,0
5047,15605046,Harris,594,France,Male,39,5,111000.79,2,0,1,149192.69,0
5048,15605047,White,611,Germany,Male,53,3,0.0,2,0,1,190821.44,0
5049,15605048,Perez,510,France,Male,64,1,116044.35,1,1,0,181055.99,1
5050,15605049,Thomas,663,Germany,Male,34,9,0.0,2,0,1,153298.88,0
5051,15605050,Davis,773,France,Female,50,3,109406.48,1,1,0,139518.48,1
5052,15605051,Smith,594,Spain,Female,70,7,0.0,1,0,1,59849.45,0
5053,15605052,Hernandez,711,France,Male,52,5,92249.77,1,1,1,21677.72,0
5054,15605053,Rodriguez,594,France,Female,41,10,0.0,2,0,1,88477.21,0
5055,15605054,Anderson,544,France,Male,63,0,76820.26,2,1,0,168757.73,1
5056,15605055,Harris,715,Germany,Female,59,4,95150.11,2,1,0,108412.83,1
5057,15605056,Anderson,850,France,Male,54,10,23089.99,3,0,1,142264.28,0
5058,15605057,Thomas,702,France,Female,41,5,81991.79,2,1,1,183993.84,0
5059,15605058,Harris,610,Germany,Male,55,3,94109.69,2,1,0,136220.56,1
5060,15605059,Moore,616,France,Male,60,3,0.0,2,1,0,13673.72,0
5061,15605060,Lewis,833,Spain,Male,39,2,0.0,2,1,0,18631.12,0
5062,15605061,White,679,Spain,Male,55,9,49170.71,2,0,1,16214.31,0
5063,15605062,Harris,576,Germany,Male,49,9,0.0,1,1,0,71548.71,0
5064,15605063,Miller,644,France,Male,36,5,85392.25,2,1,0,57531.55,0
5065,15605064,Williams,670,Germany,Male,49,8,114970.75,1,1,1,21944.8,0
5066,15605065,Anderson,695,France,Female,47,6,91950.1,2,1,0,78358.69,1
5067,15605066,Johnson,795,France,Male,51,8,146368.56,1,0,1,38744.83,0
5068,15605067,Johnson,772,France,Female,46,5,26327.24,2,1,0,77155.39,0
5069,15605068,Hernandez,669,Spain,Male,37,1,42381.82,2,1,1,88876.57,0
5070,15605069,Brown,646,France,Female,69,5,210263.81,2,1,1,1014.54,0
5071,15605070,Anderson,688,Germany,Female,90,6,96232.27,2,1,1,139399.12,1
5072,15605071,Lee,591,Germany,Male,48,1,0.0,1,0,1,74352.04,1
5073,15605072,Miller,744,France,Female,52,0,0.0,2,0,1,155456.11,0
5074,15605073,Gonzalez,630,France,Male,89,5,0.0,1,1,1,22925.22,1
5075,15605074,Taylor,697,Spain,Female,41,7,145535.77,2,1,1,58119.29,0
5076,15605075,Rodriguez,814,Germany,Male,45,10,47373.02,2,1,0,53893.41,0
5077,15605076,Harris,703,Germany,Male,57,5,0.0,2,1,1,2013.17,0
5078,15605077,Rodriguez,672,France,Male,54,7,34425.24,2,1,1,95926.39,0
5079,15605078,Martinez,600,France,Male,64,5,0.0,1,0,1,192731.64,0
5080,15605079,White,642,France,Male,59,5,0.0,1,0,1,2778.29,0
5081,15605080,Rodriguez,540,France,Female,33,7,87399.65,1,1,1,124296.29,0
5082,15605081,White,701,France,Male,72,2,82763.93,2,1,1,171345.79,0
5083,15605082,Johnson,445,Spain,Male,56,2,185258.08,2,1,0,158543.87,1
5084,15605083,Hernandez,742,France,Male,39,5,103112.17,1,1,0,57496.03,0
5085,15605084,Robinson,720,France,Male,48,3,124756.9,2,1,1,35024.18,0
5086,15605085,Johnson,659,Germany,Male,63,6,0.0,1,0,1,42871.01,0
5087,15605086,Davis,598,Spain,Female,33,10,0.0,2,1,0,69300.41,0
5088,15605087,Moore,648,France,Male,50,6,40578.01,1,1,1,20666.12,0
5089,15605088,Lewis,479,Germany,Female,55,8,42727.98,2,0,0,54655.46,1
5090,15605089,Robinson,729,France,Male,55,1,14603.09,1,1,0,45771.54,1
5091,15605090,Williams,634,France,Male,44,10,163879.15,1,1,1,194350.79,0
5092,15605091,Thompson,795,France,Female,47,1,0.0,2,1,1,134096.0,0
5093,15605092,Martin,687,Spain,Male,54,5,121607.22,2,1,0,125346.89,0
5094,15605093,Rodriguez,672,France,Male,62,8,0.0,1,0,1,176874.99,0
5095,15605094,Hernandez,688,France,Female,39,6,188193.76,1,1,0,35175.63,0
5096,15605095,Ramirez,556,France,Male,52,5,159858.09,1,0,0,14363.71,0
5097,15605096,Sanchez,606,Spain,Male,68,4,43407.53,2,1,1,175625.46,0
5098,15605097,Ramirez,662,France,Female,52,7,0.0,2,1,1,70461.31,0
5099,15605098,Lewis,620,France,Female,57,1,108359.24,2,0,1,76991.27,0
5100,15605099,Sanchez,594,France,Male,71,2,75093.83,2,1,1,6130.98,0
5101,15605100,White,622,France,Male,54,5,66605.32,1,1,1,3025.39,0
5102,15605101,Jones,654,Germany,Male,71,0,144595.46,3,1,0,139757.46,1
5103,15605102,Hernandez,850,Germany,Male,48,7,178150.3,1,1,0,128851.56,0
5104,15605103,Gonzalez,618,France,Female,66,10,164710.72,2,1,1,56617.41,0
5105,15605104,Martin,584,France,Female,55,10,140113.96,1,1,0,42761.65,1
5106,15605105,Moore,635,France,Female,56,8,203496.16,1,0,1,159685.02,0
5107,15605106,Sanchez,794,France,Male,58,1,66725.86,2,1,1,16252.58,1
5108,15605107,Moore,801,France,Male,55,8,71732.38,1,1,0,125479.32,0
5109,15605108,Martin,837,Spain,Female,56,4,130853.54,1,1,1,20167.99,0
5110,15605109,Martin,655,Spain,Male,77,7,124134.87,2,1,1,195675.89,0
5111,15605110,Lee,711,Spain,Female,58,0,57546.29,2,1,0,196636.08,0
5112,15605111,Taylor,549,Spain,Female,66,0,81047.5,2,1,1,54636.49,0
5113,15605112,Moore,616,Germany,Female,44,3,0.0,2,1,1,127282.29,0
5114,15605113,Jones,542,Germany,Male,37,0,0.0,1,1,0,3302.4,0
5115,15605114,Johnson,695,France,Male,38,0,130385.05,1,1,1,66189.26,0
5116,15605115,Robinson,653,Germany,Female,40,4,0.0,1,1,0,47473.32,0
5117,15605116,Moore,671,France,Female,71,1,0.0,1,1,0,58603.79,0
5118,15605117,Clark,568,France,Female,38,3,0.0,2,1,1,82396.54,0
5119,15605118,Jackson,731,Spain,Male,51,7,0.0,1,1,0,83305.71,0
5120,15605119,Moore,418,France,Female,83,10,146247.31,2,1,1,78468.99,1
5121,15605120,Williams,625,France,Female,61,5,0.0,2,1,0,164499.91,1
5122,15605121,Rodriguez,639,Spain,Male,46,1,0.0,2,0,1,11170.92,0
5123,15605122,Sanchez,455,France,Male,44,2,0.0,1,1,1,64832.51,0
5124,15605123,Taylor,686,France,Female,48,1,98008.12,2,1,0,4897.31,0
5125,15605124,Moore,633,Spain,Male,56,3,101350.11,1,1,1,16151.72,0
5126,15605125,Gonzalez,703,Germany,Male,49,4,0.0,1,1,1,158320.32,0
5127,15605126,Harris,841,Germany,Female,61,8,154443.92,2,0,1,33029.16,0
5128,15605127,Miller,681,France,Male,76,6,78442.17,1,1,1,69329.88,0
5129,15605128,Smith,743,France,Female,45,7,0.0,2,0,1,167180.49,0
5130,15605129,Smith,782,Spain,Male,77,6,0.0,1,1,0,140838.53,1
5131,15605130,Robinson,697,Germany,Male,54,10,114822.57,2,0,1,40387.92,1
5132,15605131,Johnson,566,Germany,Female,48,9,96305.8,1,0,1,198312.11,0
5133,15605132,Thomas,492,France,Female,43,7,45634.98,2,0,1,53529.49,0
5134,15605133,Ramirez,685,France,Male,59,10,84149.54,1,1,0,56995.72,1
5135,15605134,Clark,611,Spain,Female,46,4,0.0,1,1,1,130378.82,0
5136,15605135,Harris,773,France,Male,60,2,132942.69,1,0,0,142248.94,0
5137,15605136,Davis,604,Germany,Male,52,6,97861.08,2,1,1,116944.49,0
5138,15605137,Anderson,648,France,Male,47,0,0.0,2,1,0,32462.86,0
5139,15605138,Harris,538,Germany,Male,52,2,0.0,1,1,0,15175.2,1
5140,15605139,Jackson,616,Spain,Female,58,6,202925.88,1,1,0,186592.91,1
5141,15605140,Gonzalez,559,Germany,Female,51,3,102673.02,1,1,0,69596.13,0
5142,15605141,Brown,568,France,Female,46,6,0.0,1,1,1,169681.02,0
5143,15605142,Garcia,644,Germany,Female,44,9,236412.27,1,0,0,34345.33,0
5144,15605143,Lewis,591,Spain,Male,61,9,0.0,2,1,0,101311.71,0
5145,15605144,Williams,850,France,Female,41,5,0.0,1,0,0,175537.73,1
5146,15605145,White,730,Spain,Female,45,3,0.0,1,1,0,76460.17,1
5147,15605146,Gonzalez,754,Germany,Female,37,6,52106.09,2,1,0,3277.17,0
5148,15605147,Davis,639,Spain,Female,52,7,0.0,2,1,0,188745.33,0
5149,15605148,Thompson,660,Germany,Female,42,7,49151.12,2,0,0,127017.65,0
5150,15605149,Williams,608,France,Male,51,6,74538.46,1,1,1,43549.01,1
5151,15605150,Martinez,850,France,Female,51,1,99704.38,1,1,0,151811.18,0
5152,15605151,Gonzalez,639,France,Female,52,7,0.0,2,1,0,48950.73,0
5153,15605152,Sanchez,592,Spain,Female,46,4,108192.33,2,1,1,14739.45,0
5154,15605153,Anderson,577,Spain,Male,61,8,60679.41,1,1,0,2914.42,1
5155,15605154,Perez,682,Germany,Male,49,5,73408.49,1,0,0,1439.21,0
5156,15605155,Robinson,786,France,Female,45,3,0.0,2,1,1,21291.55,0
5157,15605156,Martin,754,France,Male,38,8,109824.97,2,1,1,89431.73,0
5158,15605157,Davis,577,Spain,Female,64,0,134498.69,2,1,1,194097.03,0
5159,15605158,Martinez,575,France,Male,46,3,0.0,2,0,0,101358.45,0
5160,15605159,Lewis,769,France,Male,60,10,33630.5,2,1,1,46532.5,0
5161,15605160,Garcia,850,Germany,Male,48,4,0.0,2,1,1,157247.49,0
5162,15605161,Taylor,636,France,Male,79,3,60232.86,2,1,0,164979.11,0
5163,15605162,Clark,765,France,Male,78,8,94639.3,2,1,0,120977.47,0
5164,15605163,Thompson,509,France,Male,56,0,77444.36,2,0,0,70593.59,0
5165,15605164,Miller,569,France,Male,56,2,129190.4,1,1,1,81203.82,0
5166,15605165,Davis,553,Spain,Male,55,8,0.0,1,1,0,136977.15,0
5167,15605166,Thompson,689,France,Male,49,6,64141.28,2,1,1,31189.16,0
5168,15605167,Williams,632,France,Male,62,4,0.0,2,0,0,20913.38,1
5169,15605168,Rodriguez,672,France,Female,52,10,159691.06,1,0,0,53779.49,1
5170,15605169,Garcia,767,Spain,Female,41,5,0.0,2,1,0,129302.38,0
5171,15605170,Brown,587,France,Male,49,3,122815.1,2,1,0,72899.7,0
5172,15605171,Martin,659,Germany,Male,41,4,0.0,2,1,1,32593.65,0
5173,15605172,Jones,521,France,Female,41,7,0.0,2,1,0,118175.69,0
5174,15605173,Jones,761,France,Male,44,4,142543.98,2,1,0,88870.93,0
5175,15605174,Martinez,755,France,Female,75,9,174101.62,2,0,0,145636.2,0
5176,15605175,Wilson,684,Spain,Female,57,1,73830.81,2,1,0,142276.68,0
5177,15605176,Williams,661,Spain,Male,49,7,0.0,1,0,1,188199.0,0
5178,15605177,Jackson,601,France,Male,48,2,0.0,2,1,0,137034.51,1
5179,15605178,Clark,516,Germany,Male,53,4,145780.79,2,0,1,140531.7,0
5180,15605179,Robinson,679,Spain,Male,46,10,146704.46,2,1,1,27003.68,0
5181,15605180,Williams,722,France,Male,58,5,151289.75,1,1,1,31299.88,0
5182,15605181,Johnson,843,Spain,Male,54,0,0.0,1,0,0,151926.83,0
5183,15605182,Johnson,612,France,Female,57,2,0.0,2,1,0,141434.13,0
5184,15605183,Anderson,675,Spain,Male,49,0,0.0,1,0,0,44959.24,0
5185,15605184,Davis,756,Spain,Male,83,6,0.0,1,1,0,41496.14,1
5186,15605185,Robinson,759,Spain,Female,41,1,72592.38,2,1,0,38443.58,0
5187,15605186,Garcia,590,Germany,Male,58,9,85519.28,2,0,1,38231.74,1
5188,15605187,Thomas,623,France,Male,47,6,0.0,1,1,0,9688.13,0
5189,15605188,Thompson,599,Spain,Male,54,2,60544.47,2,1,0,138888.12,0
5190,15605189,Harris,563,France,Female,55,2,238841.87,1,1,0,94877.28,0
5191,15605190,Thompson,791,France,Female,78,0,154693.34,1,0,0,11036.62,1
5192,15605191,Smith,656,Germany,Male,56,6,37191.24,2,0,0,107665.36,1
5193,15605192,Brown,642,Spain,Male,49,7,0.0,1,0,0,9278.17,0
5194,15605193,Miller,673,Spain,Male,28,10,29762.66,1,1,1,127847.21,0
5195,15605194,Martinez,655,France,Male,46,3,0.0,1,1,1,138656.53,0
5196,15605195,Smith,628,Spain,Male,89,8,0.0,2,1,1,149165.41,1
5197,15605196,Sanchez,576,Germany,Female,60,3,0.0,1,1,0,102269.77,1
5198,15605197,Miller,800,France,Female,62,9,119597.34,1,1,0,141277.97,0
5199,15605198,Gonzalez,595,France,Male,35,4,93273.18,1,0,1,139704.76,0
5200,15605199,Smith,560,France,Male,46,10,116943.6,1,1,1,167565.0,0
5201,15605200,Jackson,642,France,Female,58,5,9148.69,1,1,0,136783.0,1
5202,15605201,Ramirez,850,Spain,Male,38,8,0.0,1,1,1,8009.91,0
5203,15605202,Clark,571,Germany,Male,53,8,0.0,2,1,0,44364.45,0
5204,15605203,Robinson,718,Germany,Male,70,7,156574.19,1,0,1,70662.28,0
5205,15605204,Lewis,626,Spain,Male,43,9,93859.63,2,1,1,37098.65,0
5206,15605205,Rodriguez,673,France,Male,45,1,0.0,2,0,1,149490.83,0
5207,15605206,Williams,738,Spain,Female,66,9,40667.73,1,0,0,55103.91,1
5208,15605207,Martinez,484,France,Female,46,9,228103.96,2,1,0,104853.14,0
5209,15605208,Sanchez,563,Spain,Male,44,0,0.0,1,1,1,61104.61,0
5210,15605209,Johnson,737,France,Male,72,1,65679.54,1,0,1,135799.28,0
5211,15605210,Martin,659,Spain,Female,52,5,113136.42,2,1,1,135119.68,0
5212,15605211,Wilson,670,France,Male,43,10,96946.96,1,1,1,194524.73,0
5213,15605212,Garcia,718,France,Female,67,6,0.0,2,1,0,122579.57,1
5214,15605213,Jackson,564,Spain,Male,41,5,0.0,1,0,0,166010.66,0
5215,15605214,Robinson,751,France,Male,53,0,0.0,1,1,1,145155.53,0
5216,15605215,Jackson,728,Germany,Male,55,0,0.0,2,1,0,2307.34,0
5217,15605216,Hernandez,672,France,Female,46,0,69890.97,1,0,0,54840.99,0
5218,15605217,Moore,694,Germany,Male,61,0,0.0,1,1,0,10534.54,1
5219,15605218,Thomas,761,France,Male,44,9,75317.97,1,0,1,5693.91,0
5220,15605219,Martinez,592,France,Male,62,9,133394.1,1,1,0,117835.82,0
5221,15605220,Taylor,713,France,Female,50,0,166421.95,1,1,1,37800.23,0
5222,15605221,Miller,817,France,Female,42,1,0.0,2,1,1,119767.7,0
5223,15605222,Lee,711,France,Female,53,1,150862.89,1,1,1,74671.35,0
5224,15605223,Davis,628,France,Female,56,3,77853.33,2,0,1,186611.61,1
5225,15605224,Rodriguez,850,France,Male,35,2,0.0,1,1,0,38896.76,0
5226,15605225,Jackson,672,France,Male,70,3,18888.08,2,1,1,101028.54,0
5227,15605226,Perez,784,Germany,Male,51,4,0.0,2,0,0,93098.2,0
5228,15605227,Harris,609,Spain,Male,48,3,0.0,1,1,0,55021.74,0
5229,15605228,Johnson,752,France,Female,55,2,115819.03,1,0,0,75696.38,0
5230,15605229,Rodriguez,597,Germany,Female,52,2,0.0,2,1,0,10964.64,1
5231,15605230,Lewis,681,Germany,Male,47,3,3337.61,2,1,0,8637.21,1
5232,15605231,White,591,France,Female,56,5,0.0,2,1,0,12593.03,0
5233,15605232,Smith,832,Germany,Female,62,6,124098.71,2,1,0,131618.24,1
5234,15605233,Taylor,628,France,Male,48,3,163397.98,2,1,0,21598.34,0
5235,15605234,Williams,543,Germany,Male,32,7,0.0,2,0,1,82042.19,0
5236,15605235,Taylor,659,France,Male,60,5,99186.69,2,1,0,97338.56,0
5237,15605236,Perez,701,Germany,Male,51,4,119884.59,2,1,1,91498.81,1
5238,15605237,Jones,647,Germany,Female,42,7,0.0,2,1,0,6236.69,0
5239,15605238,Miller,571,France,Male,57,5,0.0,1,1,0,67843.39,0
5240,15605239,Clark,749,France,Male,42,0,119935.61,2,0,0,193552.24,0
5241,15605240,Johnson,770,Spain,Female,60,10,72990.18,1,1,0,114324.5,1
5242,15605241,Rodriguez,491,France,Male,41,0,0.0,1,1,0,73167.06,1
5243,15605242,Anderson,565,Germany,Male,46,9,122991.23,2,1,1,138853.77,0
5244,15605243,Wilson,634,Spain,Female,37,9,0.0,1,1,1,64675.29,0
5245,15605244,Williams,599,Germany,Male,46,5,0.0,1,1,0,154357.57,0
5246,15605245,Taylor,700,Germany,Male,48,7,0.0,2,1,0,88005.52,0
5247,15605246,Wilson,826,Spain,Female,51,8,0.0,2,0,1,155538.33,0
5248,15605247,Harris,613,Spain,Male,49,3,0.0,1,1,0,154246.17,0
5249,15605248,Davis,801,France,Female,41,10,74428.78,1,1,1,66767.4,0
5250,15605249,Lee,509,France,Male,51,6,215769.9,1,0,0,74095.4,0
5251,15605250,Rodriguez,693,France,Male,46,8,138890.1,1,0,1,96764.92,0
5252,15605251,Anderson,592,Spain,Male,53,7,94839.97,2,0,0,119722.83,0
5253,15605252,Robinson,695,Germany,Male,43,7,0.0,2,1,0,191705.41,1
5254,15605253,Wilson,481,France,Female,46,0,152948.48,2,0,1,134436.42,0
5255,15605254,Robinson,526,Spain,Female,56,9,0.0,1,1,0,61953.46,1
5256,15605255,Thompson,695,France,Female,49,5,86407.08,1,1,1,137247.61,0
5257,15605256,Brown,589,France,Female,38,10,0.0,2,1,1,35479.17,0
5258,15605257,Clark,618,Germany,Male,71,8,0.0,2,1,1,104390.6,1
5259,15605258,White,826,France,Female,61,7,0.0,1,1,1,100745.83,0
5260,15605259,Robinson,663,Spain,Female,60,1,0.0,1,0,0,26559.76,0
5261,15605260,Wilson,736,France,Female,37,4,0.0,2,0,0,102916.69,0
5262,15605261,Davis,577,Spain,Female,34,10,0.0,2,1,1,143205.25,0
5263,15605262,Brown,521,Germany,Female,64,3,120900.54,2,1,1,98697.9,1
5264,15605263,Robinson,642,France,Male,41,7,0.0,1,1,1,80096.05,0
5265,15605264,Rodriguez,506,Spain,Female,54,8,145617.82,2,1,1,132049.66,0
5266,15605265,Lopez,582,Germany,Male,46,2,0.0,1,0,1,98309.86,0
5267,15605266,Wilson,672,France,Male,35,8,48733.8,2,1,0,67434.15,0
5268,15605267,Jones,639,France,Female,44,0,161670.34,2,1,1,89198.02,0
5269,15605268,Clark,682,Spain,Male,56,6,100307.09,1,1,1,15610.0,0
5270,15605269,Thomas,707,France,Male,50,7,0.0,1,1,0,162435.24,0
5271,15605270,Brown,535,France,Male,75,5,45473.84,2,1,0,68646.76,1
5272,15605271,Clark,559,France,Female,59,3,0.0,2,1,1,123754.61,0
5273,15605272,Hernandez,440,France,Male,56,3,195823.16,2,1,1,111310.13,0
5274,15605273,Rodriguez,614,Spain,Female,54,6,0.0,1,1,1,37576.73,0
5275,15605274,Robinson,720,France,Male,42,9,137625.06,1,0,1,70722.81,0
5276,15605275,Wilson,793,France,Male,43,5,0.0,3,1,1,193059.07,0
5277,15605276,Thomas,668,France,Male,51,3,0.0,1,1,1,147164.47,0
5278,15605277,Miller,781,France,Female,44,4,93187.31,1,0,1,82262.25,0
5279,15605278,Clark,686,Spain,Male,72,9,76583.03,1,1,1,178830.95,0
5280,15605279,Davis,660,France,Female,59,3,184295.61,2,1,1,117252.51,0
5281,15605280,Davis,591,Spain,Female,66,0,13958.54,2,1,1,169286.12,0
5282,15605281,Clark,421,France,Female,32,3,0.0,2,0,1,105144.1,0
5283,15605282,Sanchez,767,France,Female,56,5,0.0,1,1,0,186291.43,0
5284,15605283,Jones,644,Spain,Male,38,10,0.0,4,1,0,167172.07,1
5285,15605284,Williams,783,France,Male,68,1,250935.84,2,1,1,16000.92,0
5286,15605285,Perez,558,Germany,Female,58,6,0.0,2,1,1,136596.21,0
5287,15605286,Moore,850,Spain,Female,60,8,124481.98,1,1,1,89148.23,0
5288,15605287,Rodriguez,626,France,Female,61,10,66188.75,1,0,1,30163.36,0
5289,15605288,Moore,583,France,Female,45,9,0.0,1,0,1,160204.25,0
5290,15605289,Lewis,629,Germany,Female,77,1,0.0,2,1,1,98054.4,0
5291,15605290,White,666,France,Male,59,6,0.0,1,0,0,40439.27,1
5292,15605291,Smith,643,France,Female,54,1,0.0,2,1,1,65006.9,0
5293,15605292,Gonzalez,600,France,Female,46,8,198162.04,1,0,0,33606.08,0
5294,15605293,Miller,476,France,Female,50,0,80036.24,1,1,0,122620.02,1
5295,15605294,Smith,572,Spain,Male,68,3,6541.81,1,0,1,127070.19,0
5296,15605295,Jones,753,France,Female,48,1,0.0,1,1,0,58919.61,0
5297,15605296,Jones,565,France,Female,45,0,0.0,1,0,1,55529.02,0
5298,15605297,Martinez,485,Germany,Male,57,1,142421.67,1,1,0,22191.91,1
5299,15605298,Taylor,548,France,Female,51,9,0.0,1,0,0,195057.4,0
5300,15605299,Davis,641,France,Male,45,5,174234.95,1,1,1,62869.15,0
5301,15605300,Smith,577,Spain,Female,64,4,0.0,2,1,0,119813.76,1
5302,15605301,Clark,623,France,Male,42,0,166795.56,2,1,1,37808.57,0
5303,15605302,Davis,573,Spain,Male,49,2,129126.86,1,1,0,144069.39,0
5304,15605303,Thomas,746,Spain,Male,43,9,110350.08,2,1,0,132072.68,0
5305,15605304,Wilson,697,France,Female,77,5,0.0,1,1,1,24658.74,0
5306,15605305,Martin,850,Germany,Male,59,4,40750.03,2,1,1,3603.12,0
5307,15605306,Robinson,613,France,Female,55,5,293060.75,2,1,0,4395.46,0
5308,15605307,Lee,622,France,Female,43,7,0.0,1,0,0,57803.04,0
5309,15605308,Jones,763,Spain,Female,77,5,0.0,1,1,0,82230.36,1
5310,15605309,Perez,687,Spain,Male,38,10,74613.68,2,1,1,199757.07,0
5311,15605310,Lee,559,France,Female,49,4,117608.98,1,1,0,192020.2,0
5312,15605311,Taylor,703,Germany,Female,50,10,120801.34,2,1,0,31633.95,0
5313,15605312,Rodriguez,688,Spain,Male,38,3,137292.63,2,1,1,131207.13,0
5314,15605313,Martin,477,Spain,Male,53,4,82667.45,2,1,0,45638.72,0
5315,15605314,Lopez,587,Germany,Male,45,10,0.0,1,1,0,5300.51,1
5316,15605315,Robinson,668,France,Female,70,8,0.0,2,1,1,126696.83,0
5317,15605316,Johnson,788,France,Male,40,9,207820.18,1,1,1,35678.87,1
5318,15605317,Brown,717,Spain,Male,60,10,115459.28,2,1,0,62069.47,0
5319,15605318,Williams,595,France,Female,53,5,0.0,2,0,1,49158.36,0
5320,15605319,Lewis,582,Germany,Female,63,4,36114.92,2,1,0,42162.71,1
5321,15605320,Taylor,726,France,Female,50,10,80850.61,1,1,1,6512.91,0
5322,15605321,Wilson,417,France,Female,43,10,16379.52,2,1,0,154159.37,1
5323,15605322,White,572,France,Male,73,7,23318.21,1,1,0,51416.09,1
5324,15605323,Gonzalez,785,Spain,Female,73,4,102162.01,1,0,1,195976.95,0
5325,15605324,Moore,678,France,Male,60,4,134624.51,2,1,0,197636.01,0
5326,15605325,Harris,577,Germany,Female,58,7,129755.93,2,1,0,174141.59,0
5327,15605326,Martin,534,France,Female,55,8,53964.97,1,1,0,180719.36,0
5328,15605327,Perez,730,France,Male,58,7,146383.86,1,0,1,8289.7,0
5329,15605328,Hernandez,657,France,Female,85,8,28108.21,2,1,1,137419.38,1
5330,15605329,Clark,629,Germany,Male,40,8,0.0,2,1,0,20667.84,1
5331,15605330,Taylor,685,France,Male,52,7,92327.99,1,1,1,87212.72,0
5332,15605331,Wilson,665,France,Female,46,6,46265.38,2,1,1,92879.74,0
5333,15605332,White,658,France,Female,53,6,52119.06,1,0,0,8473.9,0
5334,15605333,White,522,France,Female,39,0,116246.97,1,1,1,77679.67,0
5335,15605334,Jones,551,Spain,Male,42,6,0.0,1,1,0,56544.66,0
5336,15605335,Davis,721,Spain,Female,41,9,88583.08,2,1,1,118101.51,0
5337,15605336,Gonzalez,703,France,Male,58,5,196632.8,1,1,0,89541.05,0
5338,15605337,Lopez,686,Germany,Male,51,0,0.0,2,1,0,124252.08,1
5339,15605338,Wilson,593,Spain,Male,37,9,97329.49,2,0,1,428.44,0
5340,15605339,Martinez,723,France,Male,37,9,60535.0,1,1,1,154741.29,0
5341,15605340,Thompson,614,Spain,Female,34,7,162976.76,1,0,1,102019.54,0
5342,15605341,Gonzalez,774,Spain,Male,49,8,33627.34,1,1,1,33127.4,0
5343,15605342,Williams,578,France,Male,50,10,74157.14,2,0,0,80154.65,0
5344,15605343,Martinez,599,France,Male,51,10,97485.19,1,1,1,68340.96,0
5345,15605344,Miller,635,Spain,Female,44,1,91246.68,1,0,0,171533.41,0
5346,15605345,Sanchez,731,Germany,Female,48,3,0.0,1,1,0,165697.93,1
5347,15605346,Johnson,646,France,Male,49,10,0.0,2,1,0,31912.79,0
5348,15605347,Clark,653,France,Female,51,6,157697.85,1,1,1,169432.83,1
5349,15605348,Ramirez,612,France,Male,55,10,117672.32,2,1,0,121778.24,0
5350,15605349,Wilson,675,Germany,Female,65,0,156153.53,1,1,1,50020.78,0
5351,15605350,Martinez,643,Germany,Male,43,7,91995.5,1,0,0,186305.51,1
5352,15605351,Lee,574,Spain,Male,61,8,148943.54,4,0,1,74275.45,0
5353,15605352,Gonzalez,662,France,Female,45,7,14121.51,2,1,0,158628.33,0
5354,15605353,Hernandez,664,Germany,Female,58,1,0.0,2,1,0,134107.35,0
5355,15605354,Martin,850,Germany,Male,52,7,187396.14,1,1,0,159174.68,1
5356,15605355,White,591,France,Female,85,7,0.0,1,1,1,18883.74,0
5357,15605356,Wilson,569,France,Female,55,1,0.0,3,0,0,41710.25,1
5358,15605357,Perez,676,Spain,Female,62,10,0.0,1,1,0,142804.96,0
5359,15605358,Rodriguez,554,Spain,Male,30,8,32355.98,1,0,0,29439.35,0
5360,15605359,Brown,546,France,Male,63,0,0.0,1,1,0,150163.58,0
5361,15605360,Lee,512,Germany,Female,44,6,49782.81,1,1,0,61406.12,1
5362,15605361,Gonzalez,575,France,Male,50,1,147010.89,1,1,1,120606.24,0
5363,15605362,Clark,578,Germany,Male,47,7,0.0,2,1,1,73167.69,0
5364,15605363,Moore,526,Germany,Male,40,7,59974.6,2,0,0,119987.4,0
5365,15605364,Ramirez,625,Germany,Female,74,3,103939.66,2,0,1,124066.01,1
5366,15605365,Perez,422,Spain,Male,66,7,0.0,1,1,0,86822.75,1
5367,15605366,Jones,697,Germany,Female,42,4,0.0,1,1,0,185906.08,1
5368,15605367,Martin,596,France,Male,41,8,0.0,2,1,0,194415.86,0
5369,15605368,Thomas,610,Spain,Male,58,0,0.0,2,1,0,181164.62,0
5370,15605369,Lee,706,France,Male,63,4,79383.63,2,0,0,147008.33,1
5371,15605370,Lewis,685,France,Male,51,8,80947.94,2,1,1,24711.38,0
5372,15605371,Martin,589,France,Female,44,5,0.0,1,1,1,185474.19,0
5373,15605372,Williams,693,France,Female,49,3,112908.72,1,1,1,127351.54,0
5374,15605373,Rodriguez,798,Spain,Male,36,0,0.0,1,1,1,19545.64,0
5375,15605374,Thompson,552,France,Male,38,9,0.0,2,0,1,132456.61,0
5376,15605375,Jones,722,Spain,Female,64,5,0.0,1,1,0,71027.16,1
5377,15605376,Lewis,543,Germany,Female,46,10,167859.37,1,1,1,180909.9,1
5378,15605377,Jones,762,France,Female,50,6,61302.7,1,1,1,142895.87,0
5379,15605378,Lewis,581,Spain,Female,55,6,0.0,1,1,1,122467.22,0
5380,15605379,Martinez,577,France,Male,50,8,173078.16,2,1,0,45663.51,0
5381,15605380,Harris,760,France,Female,55,3,0.0,1,1,0,169946.44,0
5382,15605381,Harris,719,Germany,Male,63,3,86091.18,2,1,1,184436.82,0
5383,15605382,Martinez,584,France,Male,44,4,0.0,1,1,1,126190.57,0
5384,15605383,Smith,662,France,Female,64,8,35834.39,2,1,0,179670.59,1
5385,15605384,Lopez,581,Germany,Female,55,1,0.0,2,1,1,36978.53,0
5386,15605385,Martinez,497,Germany,Female,58,3,127796.84,2,0,1,96742.23,0
5387,15605386,Johnson,668,France,Male,63,8,0.0,1,0,0,25928.7,0
5388,15605387,Sanchez,615,Spain,Male,53,5,158530.96,1,1,0,150056.16,0
5389,15605388,Lee,559,Germany,Male,91,5,123693.07,2,1,0,85191.6,1
5390,15605389,White,775,Spain,Female,40,6,39088.87,1,1,0,181828.96,0
5391,15605390,Harris,562,France,Male,64,4,52759.06,1,1,1,183858.1,0
5392,15605391,Anderson,663,Germany,Female,45,3,77657.73,1,1,1,105371.22,0
5393,15605392,Martin,753,Spain,Male,55,10,173979.54,2,1,1,20254.3,0
5394,15605393,Johnson,625,Germany,Female,50,2,129297.24,2,0,0,69972.13,1
5395,15605394,Miller,579,Germany,Female,49,1,0.0,1,1,0,180680.86,1
5396,15605395,Jackson,678,France,Male,48,6,130128.31,2,1,1,106424.38,0
5397,15605396,Davis,693,France,Male,83,4,0.0,2,1,1,25396.84,0
5398,15605397,Perez,734,France,Female,58,0,0.0,2,1,0,13745.95,1
5399,15605398,Ramirez,829,France,Male,42,3,46833.02,1,0,0,187992.68,0
5400,15605399,Williams,606,Spain,Female,45,8,70095.08,1,1,0,148859.44,0
5401,15605400,Martinez,668,France,Female,41,7,32874.46,2,0,1,118395.09,0
5402,15605401,Jackson,528,Spain,Male,73,10,0.0,1,1,0,9845.75,0
5403,15605402,White,713,Spain,Female,62,6,59623.61,2,1,0,133321.41,0
5404,15605403,Perez,667,France,Male,45,4,0.0,1,1,1,187057.3,0
5405,15605404,Sanchez,632,France,Female,57,0,104454.89,2,1,1,77176.3,0
5406,15605405,Gonzalez,590,Spain,Male,41,4,24975.37,1,0,1,154429.95,0
5407,15605406,White,616,Spain,Female,52,7,1078.98,2,0,1,150352.74,0
5408,15605407,Martin,672,France,Male,49,3,0.0,1,0,1,157601.49,0
5409,15605408,Moore,557,France,Male,48,4,0.0,2,1,0,79905.28,0
5410,15605409,Brown,620,Germany,Male,47,7,177507.59,1,1,0,128960.4,1
5411,15605410,Smith,651,Germany,Female,90,4,103060.62,2,0,1,16874.82,1
5412,15605411,Johnson,502,France,Female,60,3,109297.22,1,1,0,46858.59,1
5413,15605412,Taylor,549,Germany,Female,82,10,0.0,1,0,0,64267.59,1
5414,15605413,Perez,586,France,Male,46,3,0.0,2,1,1,158943.7,0
5415,15605414,White,800,France,Female,42,5,70931.68,1,1,1,134252.97,0
5416,15605415,Davis,570,France,Female,55,9,0.0,2,1,1,84996.18,0
5417,15605416,Jones,644,France,Male,52,0,12997.02,1,1,1,80116.87,0
5418,15605417,Lee,550,France,Male,60,3,184091.56,2,1,0,89666.56,1
5419,15605418,Miller,575,France,Male,64,0,0.0,1,1,0,108126.8,0
5420,15605419,Lee,511,France,Male,35,5,90118.9,2,0,1,109959.46,0
5421,15605420,Thomas,714,France,Male,83,7,0.0,1,1,1,98334.42,0
5422,15605421,Sanchez,522,France,Female,55,3,67530.48,2,0,0,118967.85,0
5423,15605422,Hernandez,737,Spain,Male,59,7,0.0,2,1,1,46109.21,0
5424,15605423,White,694,France,Female,73,1,84314.37,1,1,1,115651.23,0
5425,15605424,Wilson,642,France,Female,43,4,26244.03,1,1,1,195875.14,0
5426,15605425,Davis,740,Germany,Female,51,2,132103.13,2,0,0,74266.05,1
5427,15605426,Jackson,850,Spain,Female,41,6,160438.68,1,0,1,14573.31,0
5428,15605427,Ramirez,695,France,Male,42,8,0.0,1,1,0,173759.84,0
5429,15605428,Gonzalez,542,Germany,Female,64,0,0.0,1,0,0,139982.57,1
5430,15605429,Jones,792,Germany,Male,71,7,96160.77,1,0,0,180728.2,1
5431,15605430,Williams,667,Germany,Female,37,3,13306.03,2,0,1,171894.29,1
5432,15605431,Rodriguez,850,France,Female,56,9,104583.28,2,1,0,164598.94,1
5433,15605432,Davis,601,Germany,Female,67,10,159067.98,2,0,0,2054.84,1
5434,15605433,Taylor,773,France,Female,63,4,170441.04,2,0,0,165947.13,0
5435,15605434,Martinez,649,Germany,Male,53,0,150397.73,1,1,1,44713.13,0
5436,15605435,Wilson,850,Germany,Male,56,4,116742.09,1,1,0,17631.8,1
5437,15605436,Hernandez,622,France,Female,56,8,212646.38,2,1,0,46944.35,0
5438,15605437,Brown,850,Spain,Male,55,7,0.0,2,1,1,168866.8,0
5439,15605438,Wilson,692,France,Female,58,7,0.0,1,1,0,167568.45,0
5440,15605439,Perez,731,Spain,Male,49,5,0.0,1,1,1,80019.05,0
5441,15605440,Sanchez,813,France,Female,81,8,104586.64,2,0,0,123439.37,1
5442,15605441,Clark,574,France,Male,43,3,0.0,1,1,1,134801.58,0
5443,15605442,Davis,743,France,Male,68,5,0.0,1,1,0,126779.02,0
5444,15605443,Taylor,621,Spain,Female,45,2,0.0,2,1,0,117701.5,0
5445,15605444,Hernandez,664,France,Male,59,1,0.0,2,1,1,166945.79,0
5446,15605445,Brown,657,France,Male,45,8,112234.97,1,1,1,72432.22,0
5447,15605446,Jackson,704,France,Male,58,4,84201.95,2,1,0,69051.25,0
5448,15605447,Clark,700,Germany,Male,51,10,133446.49,2,1,0,70459.67,1
5449,15605448,Lopez,594,Germany,Male,61,1,0.0,1,1,1,52323.0,1
5450,15605449,Robinson,661,France,Male,44,4,20214.49,2,1,1,183683.99,0
5451,15605450,Brown,425,France,Female,44,5,0.0,2,0,0,42319.98,0
5452,15605451,Lee,745,France,Male,71,7,123504.77,1,1,1,143084.19,0
5453,15605452,Thompson,812,France,Female,76,4,0.0,2,1,0,137905.92,0
5454,15605453,Robinson,668,France,Male,50,1,87775.88,2,1,0,150203.02,0
5455,15605454,Williams,495,Germany,Male,57,6,0.0,1,1,1,131598.35,1
5456,15605455,Lewis,721,France,Male,37,4,0.0,2,1,0,12256.56,0
5457,15605456,Lopez,576,France,Female,53,10,27350.25,1,1,0,43896.53,1
5458,15605457,Hernandez,667,France,Male,47,1,0.0,1,0,1,191316.8,0
5459,15605458,Jackson,715,Spain,Female,80,5,0.0,1,0,1,41381.92,1
5460,15605459,Moore,702,Spain,Female,47,10,63549.25,2,0,1,66833.36,0
5461,15605460,Thomas,753,Spain,Male,80,6,0.0,1,1,1,190710.15,0
5462,15605461,Wilson,664,France,Female,46,7,2181.25,1,1,1,185394.33,0
5463,15605462,Jackson,666,France,Male,59,2,57798.66,1,1,0,54939.21,0
5464,15605463,Brown,720,France,Male,76,10,129846.06,2,1,0,109102.9,1
5465,15605464,Lewis,643,France,Female,50,3,0.0,1,1,1,38410.84,0
5466,15605465,Sanchez,583,Germany,Female,75,5,138651.67,2,1,0,112214.81,1
5467,15605466,Clark,693,Spain,Female,63,2,3187.72,2,0,0,40768.8,0
5468,15605467,Jones,541,Spain,Female,53,10,0.0,2,1,0,125975.89,0
5469,15605468,Martinez,642,Spain,Female,57,5,0.0,3,1,1,22223.56,1
5470,15605469,Brown,517,France,Female,71,8,68365.73,1,1,0,72544.63,0
5471,15605470,Smith,596,Germany,Male,57,4,83684.96,2,1,0,155439.09,1
5472,15605471,Wilson,600,France,Female,39,1,0.0,2,1,0,99639.27,0
5473,15605472,Martin,555,France,Female,63,9,0.0,2,1,0,190394.19,0
5474,15605473,Brown,755,Germany,Male,64,1,0.0,1,1,1,77218.52,0
5475,15605474,Smith,747,France,Male,56,10,0.0,1,1,0,180097.13,0
5476,15605475,Harris,776,France,Male,47,6,0.0,1,1,0,156472.88,0
5477,15605476,Jackson,631,France,Female,62,3,41048.54,2,1,1,151276.21,1
5478,15605477,Hernandez,608,Germany,Female,41,8,0.0,3,1,1,94917.68,1
5479,15605478,Thompson,727,Spain,Female,57,8,207495.57,1,1,0,100330.77,0
5480,15605479,Smith,662,France,Male,57,5,74593.65,2,1,1,60880.89,0
5481,15605480,Thomas,661,Spain,Female,53,9,125215.8,1,1,0,182045.05,0
5482,15605481,Clark,405,France,Male,67,4,50082.64,1,1,0,44372.31,1
5483,15605482,Smith,722,France,Female,48,6,184042.7,1,1,1,80443.69,0
5484,15605483,Hernandez,709,Germany,Female,43,4,0.0,2,1,1,113187.77,0
5485,15605484,Garcia,649,Germany,Female,44,8,0.0,2,0,0,52710.12,0
5486,15605485,Miller,728,Spain,Female,68,8,0.0,1,1,0,53382.3,0
5487,15605486,Lopez,707,France,Female,60,6,139269.32,1,0,1,73838.53,0
5488,15605487,Miller,583,Germany,Male,59,3,0.0,2,1,1,159616.64,0
5489,15605488,Lee,628,Germany,Male,57,0,0.0,1,0,1,24105.32,0
5490,15605489,Robinson,553,Spain,Female,51,3,0.0,1,0,1,125726.31,0
5491,15605490,Harris,790,France,Male,42,2,0.0,4,1,1,194316.62,1
5492,15605491,Robinson,743,Spain,Male,43,0,0.0,2,0,0,131542.36,0
5493,15605492,Davis,571,Germany,Female,58,9,0.0,2,1,1,90179.34,0
5494,15605493,Robinson,709,France,Male,48,3,0.0,1,0,0,113397.89,0
5495,15605494,Davis,676,France,Male,45,6,0.0,1,1,1,18608.69,0
5496,15605495,Martin,584,France,Female,51,1,156373.61,1,0,0,84256.12,1
5497,15605496,Williams,661,Germany,Male,69,6,0.0,2,1,1,24655.38,1
5498,15605497,Williams,732,Spain,Male,54,5,0.0,2,1,0,60222.43,0
5499,15605498,Thomas,740,Germany,Male,79,8,106989.8,2,1,0,73521.74,0
5500,15605499,Harris,850,Germany,Female,59,10,0.0,1,0,0,165450.13,1
5501,15605500,Gonzalez,659,Germany,Female,92,1,77878.7,2,0,1,92562.77,1
5502,15605501,Anderson,627,France,Female,56,5,168721.83,1,0,1,54634.62,0
5503,15605502,Brown,703,France,Male,55,10,51797.76,1,0,0,126836.97,1
5504,15605503,Lopez,632,France,Female,54,5,33520.79,2,0,1,135698.95,0
5505,15605504,Brown,593,France,Female,48,5,188814.32,1,1,1,73334.09,0
5506,15605505,Martinez,561,France,Female,50,2,122117.41,2,1,0,74735.04,0
5507,15605506,Gonzalez,350,Germany,Female,83,5,0.0,1,0,0,168441.36,1
5508,15605507,Gonzalez,720,France,Male,48,8,0.0,1,0,1,97710.91,0
5509,15605508,Thompson,492,France,Male,54,10,46397.19,1,1,1,151602.57,0
5510,15605509,Robinson,565,France,Male,54,2,193922.22,1,0,0,27264.63,0
5511,15605510,Perez,678,France,Male,49,1,78018.61,1,0,1,87889.09,0
5512,15605511,Anderson,619,Spain,Female,49,7,0.0,2,1,0,30468.35,0
5513,15605512,Clark,850,Spain,Female,51,2,68745.67,1,1,1,6719.63,0
5514,15605513,Garcia,505,Germany,Female,63,4,187409.27,2,1,0,139543.94,1
5515,15605514,Smith,850,France,Male,72,4,89844.92,2,1,0,47998.16,0
5516,15605515,Miller,782,Spain,Male,40,1,178857.47,1,1,0,115272.01,1
5517,15605516,Williams,737,Spain,Male,79,1,107370.91,1,0,0,61558.61,1
5518,15605517,Wilson,788,Spain,Male,61,5,0.0,1,1,1,174665.21,0
5519,15605518,Williams,688,France,Male,62,1,54099.42,1,0,1,151977.47,0
5520,15605519,Jackson,486,Germany,Female,45,5,0.0,1,1,0,70391.5,1
5521,15605520,Jones,699,Spain,Male,91,6,135458.04,1,1,1,62309.23,1
5522,15605521,Martin,507,Germany,Female,44,3,20769.41,1,1,1,37157.89,0
5523,15605522,Wilson,599,Germany,Male,55,9,141662.25,2,0,1,71652.63,0
5524,15605523,Jones,642,France,Female,57,3,0.0,1,1,0,94320.93,0
5525,15605524,Robinson,562,Germany,Male,77,2,82974.48,2,1,0,149173.84,1
5526,15605525,Hernandez,740,France,Male,45,0,193432.13,1,1,1,192300.95,0
5527,15605526,Miller,629,Germany,Female,56,3,0.0,1,1,0,52420.99,1
5528,15605527,Davis,689,France,Female,38,2,0.0,2,1,0,159063.91,0
5529,15605528,Gonzalez,649,France,Male,53,7,0.0,1,1,0,64007.85,1
5530,15605529,Jones,662,France,Male,58,4,107314.72,2,1,0,80744.73,0
5531,15605530,Lewis,564,Germany,Male,47,6,0.0,2,0,0,109658.99,0
5532,15605531,Martinez,537,France,Female,39,2,0.0,1,1,1,90919.21,0
5533,15605532,Jones,635,Germany,Female,79,2,59099.76,2,1,0,61875.49,0
5534,15605533,Martinez,557,Spain,Male,42,10,34284.64,1,1,0,5736.16,0
5535,15605534,Lopez,783,France,Male,43,5,100566.0,2,1,0,159980.05,0
5536,15605535,Thompson,517,France,Female,45,9,8946.47,1,1,1,96459.88,0
5537,15605536,Martinez,850,France,Male,70,3,76421.18,1,1,0,37500.03,0
5538,15605537,Moore,678,Spain,Female,52,7,75780.36,1,0,1,124980.82,0
5539,15605538,Martin,656,Germany,Male,38,2,128899.72,2,1,1,154605.01,0
5540,15605539,Hernandez,598,France,Female,46,4,149524.2,2,0,0,137437.25,0
5541,15605540,Miller,713,France,Male,70,0,69817.54,2,0,0,112181.73,0
5542,15605541,Hernandez,630,Germany,Male,40,0,22289.74,2,0,1,38026.77,0
5543,15605542,Rodriguez,678,Spain,Male,42,7,16773.2,1,0,1,52841.27,0
5544,15605543,Clark,730,Spain,Female,43,6,0.0,1,1,1,20243.98,0
5545,15605544,Perez,714,Germany,Female,52,0,188764.4,2,1,0,44486.52,0
5546,15605545,Ramirez,769,France,Female,54,5,21126.48,1,1,1,37644.1,0
5547,15605546,Wilson,701,France,Female,50,1,213621.87,2,0,0,183297.7,0
5548,15605547,Hernandez,558,France,Male,52,0,0.0,1,0,1,22296.44,0
5549,15605548,Garcia,450,France,Male,41,9,0.0,1,1,0,188678.52,0
5550,15605549,Perez,670,France,Female,50,4,0.0,1,1,1,28573.44,0
5551,15605550,Harris,671,France,Male,50,4,0.0,2,0,0,116216.16,1
5552,15605551,Gonzalez,834,France,Male,43,1,94332.23,1,1,1,37958.18,1
5553,15605552,Martinez,638,Spain,Male,72,4,0.0,1,1,0,131468.05,1
5554,15605553,Anderson,685,Germany,Male,69,6,165067.91,1,1,1,166124.49,1
5555,15605554,Davis,724,Spain,Male,40,3,0.0,1,1,1,18581.39,0
5556,15605555,White,699,Germany,Female,59,1,41977.66,2,1,0,190100.4,1
5557,15605556,Smith,731,France,Female,57,4,131650.56,1,1,0,30879.45,0
5558,15605557,Johnson,571,Germany,Female,56,10,117008.54,2,0,1,91985.61,0
5559,15605558,Anderson,556,France,Female,50,5,87911.3,1,1,0,187076.4,0
5560,15605559,Anderson,623,Germany,Female,55,7,69287.53,1,1,1,176253.01,1
5561,15605560,Hernandez,441,France,Male,51,8,37295.1,1,0,0,21203.76,1
5562,15605561,Garcia,646,Spain,Male,45,10,81097.8,2,0,1,123930.31,0
5563,15605562,Davis,586,France,Female,58,9,66509.94,1,0,0,159654.52,1
5564,15605563,Rodriguez,680,France,Male,35,7,130072.74,2,1,0,149660.62,0
5565,15605564,Hernandez,624,Spain,Male,62,6,178022.7,1,1,0,49374.79,1
5566,15605565,Davis,552,France,Male,53,8,73187.91,1,1,0,68485.73,0
5567,15605566,Moore,775,Germany,Male,48,8,0.0,1,0,0,50025.45,1
5568,15605567,Garcia,657,Germany,Male,62,5,41558.05,2,1,0,130381.78,1
5569,15605568,Wilson,732,Spain,Male,56,2,92542.18,1,1,0,98514.92,0
5570,15605569,Perez,667,Spain,Male,72,10,0.0,1,0,0,185783.3,0
5571,15605570,Taylor,694,Spain,Female,67,7,88292.36,1,1,1,59979.9,1
5572,15605571,Smith,519,France,Female,43,2,76395.18,1,0,1,151004.12,0
5573,15605572,Perez,772,Spain,Female,47,0,0.0,2,0,1,21186.89,0
5574,15605573,Rodriguez,734,Germany,Male,46,3,118013.09,2,1,0,64759.78,1
5575,15605574,Taylor,648,Germany,Male,27,8,91729.11,2,1,0,100715.57,0
5576,15605575,Lewis,677,France,Female,46,7,0.0,2,0,0,47960.32,0
5577,15605576,Moore,746,Germany,Male,76,5,163635.79,1,1,0,154712.23,1
5578,15605577,Perez,614,Spain,Female,40,2,0.0,1,0,1,149138.71,0
5579,15605578,Lewis,498,Spain,Female,67,2,174703.09,1,1,0,172131.16,1
5580,15605579,Davis,616,France,Female,76,6,22485.91,2,0,1,112272.21,0
5581,15605580,Hernandez,664,France,Female,64,4,0.0,2,1,0,88398.89,1
5582,15605581,Smith,646,France,Male,60,2,176467.26,1,0,0,26659.09,0
5583,15605582,Taylor,776,Spain,Male,40,0,27381.69,1,0,1,150752.58,0
5584,15605583,Moore,557,Germany,Female,38,10,99127.79,2,1,0,116767.97,0
5585,15605584,White,570,France,Male,57,8,101415.3,2,0,0,6077.91,1
5586,15605585,Taylor,548,France,Male,50,10,52949.37,2,1,1,29585.97,0
5587,15605586,Clark,691,France,Male,40,4,0.0,1,0,0,45981.08,0
5588,15605587,Davis,503,France,Male,62,10,0.0,1,1,0,155505.24,1
5589,15605588,Anderson,721,Spain,Male,59,6,156282.19,2,1,0,189849.87,0
5590,15605589,Smith,560,Germany,Male,62,9,151799.59,1,1,1,167841.65,0
5591,15605590,Garcia,575,France,Female,63,8,59457.8,1,0,1,152152.83,0
5592,15605591,Ramirez,819,Germany,Female,68,3,0.0,1,1,1,65446.4,1
5593,15605592,White,768,France,Female,48,10,0.0,1,1,1,83762.84,0
5594,15605593,Thomas,661,Spain,Female,41,4,31462.19,2,0,1,171032.58,0
5595,15605594,Johnson,524,France,Male,75,2,69556.06,1,1,1,100639.14,0
5596,15605595,Anderson,843,France,Male,38,6,0.0,1,1,1,167351.16,0
5597,15605596,Jones,631,France,Male,39,0,15965.33,2,1,1,122472.03,0
5598,15605597,Lee,673,Germany,Female,46,7,0.0,1,1,0,92091.33,1
5599,15605598,Martinez,737,Germany,Female,72,2,91385.1,2,1,0,74287.74,1
5600,15605599,Martin,461,Germany,Male,47,3,0.0,2,0,0,2341.82,0
5601,15605600,Brown,588,France,Male,39,9,0.0,1,1,0,197879.82,0
5602,15605601,White,643,France,Female,43,3,209481.6,2,0,1,175349.84,0
5603,15605602,Hernandez,662,France,Female,43,10,0.0,2,0,1,3530.98,0
5604,15605603,Hernandez,524,Germany,Female,55,6,65538.57,1,0,1,56256.84,1
5605,15605604,Perez,681,France,Male,45,6,107478.33,1,1,1,60720.16,0
5606,15605605,Thomas,653,Germany,Male,29,3,0.0,1,0,0,66912.45,1
5607,15605606,Anderson,810,Spain,Female,92,5,26708.4,1,1,0,58421.75,1
5608,15605607,Clark,746,Spain,Female,34,7,135478.64,2,1,1,184539.37,0
5609,15605608,Brown,624,France,Female,37,9,101196.95,1,1,0,137828.71,0
5610,15605609,Martin,631,France,Female,62,3,0.0,2,1,1,119220.12,0
5611,15605610,White,747,France,Female,41,0,0.0,1,1,1,86421.94,0
5612,15605611,Lewis,677,Germany,Female,60,6,96722.51,2,1,0,138609.61,1
5613,15605612,Hernandez,518,Spain,Male,58,1,71270.37,1,0,0,123917.17,0
5614,15605613,Johnson,850,France,Male,46,10,112543.08,2,1,0,35238.54,0
5615,15605614,Taylor,554,France,Female,60,2,97672.97,1,0,1,60018.31,0
5616,15605615,Moore,850,Spain,Male,50,7,55094.24,1,1,1,193133.22,0
5617,15605616,Lopez,691,Spain,Female,62,1,190459.22,1,0,0,197355.44,0
5618,15605617,Ramirez,588,France,Female,72,1,0.0,1,1,1,8892.67,1
5619,15605618,Miller,422,Germany,Female,40,3,53221.42,2,1,0,61594.61,0
5620,15605619,Gonzalez,724,France,Male,54,5,0.0,1,1,1,197227.79,0
5621,15605620,Robinson,501,France,Male,55,9,135005.75,1,1,0,3341.78,0
5622,15605621,Robinson,684,Spain,Female,55,10,94588.05,1,0,1,190664.28,0
5623,15605622,Moore,835,Spain,Female,61,1,0.0,1,1,0,136570.76,0
5624,15605623,Jones,540,Spain,Female,58,8,0.0,1,0,1,125579.12,0
5625,15605624,Robinson,720,France,Male,39,1,144608.89,1,0,0,164759.55,0
5626,15605625,Jones,572,Spain,Male,41,8,8656.83,1,1,1,199616.3,0
5627,15605626,Robinson,758,France,Female,49,6,86731.14,2,1,0,71932.78,0
5628,15605627,Williams,656,France,Female,54,10,119694.9,2,1,0,176556.39,0
5629,15605628,Smith,648,Germany,Female,55,2,130866.14,2,1,0,99026.16,1
5630,15605629,Williams,765,France,Male,56,8,0.0,2,1,0,145974.74,0
5631,15605630,Davis,710,Spain,Male,59,8,0.0,1,1,1,164785.0,0
5632,15605631,Davis,572,Germany,Male,58,5,0.0,2,1,1,56993.31,0
5633,15605632,Brown,821,France,Female,52,1,95713.55,1,1,1,35927.34,0
5634,15605633,Hernandez,502,France,Female,72,6,34802.83,1,1,0,1054.56,1
5635,15605634,Martinez,676,France,Male,39,3,64303.95,1,0,0,62427.57,0
5636,15605635,Thomas,571,France,Male,34,3,0.0,2,0,1,71662.59,0
5637,15605636,Brown,507,Germany,Female,54,6,171790.3,1,1,1,79962.44,1
5638,15605637,Rodriguez,541,Spain,Male,57,4,59390.39,1,0,0,179343.89,1
5639,15605638,Robinson,645,France,Female,54,0,220321.97,1,0,1,31162.95,1
5640,15605639,Robinson,683,France,Female,47,2,64795.96,1,1,1,156674.24,0
5641,15605640,Gonzalez,751,Germany,Male,58,6,0.0,2,1,1,17652.48,1
5642,15605641,Martinez,791,Spain,Male,42,8,50932.33,2,1,0,53856.52,0
5643,15605642,Gonzalez,676,France,Female,38,8,45103.8,1,0,0,58406.43,0
5644,15605643,Davis,607,France,Male,67,6,115051.99,1,1,0,52338.25,1
5645,15605644,Williams,749,Germany,Male,46,4,64045.98,2,1,0,195293.99,1
5646,15605645,Moore,590,France,Female,53,3,38326.18,2,1,1,166928.03,0
5647,15605646,Brown,496,France,Female,44,8,69376.26,2,1,1,30432.72,0
5648,15605647,Brown,740,Germany,Female,46,5,154163.1,2,1,0,189206.31,1
5649,15605648,Clark,777,Germany,Male,63,9,0.0,2,1,0,73924.27,1
5650,15605649,Jackson,571,Germany,Male,52,1,0.0,2,1,1,115213.96,0
5651,15605650,Brown,838,Germany,Male,52,2,38244.84,2,1,0,13229.35,0
5652,15605651,Brown,705,Germany,Male,38,6,183507.72,1,1,0,137541.17,0
5653,15605652,Jones,691,France,Female,51,3,0.0,2,1,1,3147.38,0
5654,15605653,Thomas,600,France,Male,44,6,0.0,1,1,1,125466.9,0
5655,15605654,Gonzalez,747,France,Female,87,4,203544.01,1,1,0,118203.2,1
5656,15605655,Wilson,503,France,Male,43,0,49983.72,1,0,1,125862.66,0
5657,15605656,Miller,617,Germany,Male,72,9,16820.42,1,1,1,11708.84,1
5658,15605657,Davis,579,Spain,Female,54,2,0.0,1,1,1,194195.06,0
5659,15605658,Williams,524,Spain,Male,40,8,2024.65,1,0,1,109870.98,0
5660,15605659,Clark,732,Germany,Male,63,3,98674.67,2,1,1,140048.32,1
5661,15605660,Martin,682,France,Male,71,4,0.0,1,1,1,104101.94,0
5662,15605661,Brown,727,France,Male,79,1,252655.45,3,1,1,152277.66,1
5663,15605662,Johnson,623,Spain,Male,55,9,65024.52,1,0,0,38475.67,0
5664,15605663,Garcia,744,Germany,Male,44,10,49734.97,2,1,1,131936.12,0
5665,15605664,Sanchez,657,Germany,Female,44,7,62696.75,2,1,0,126649.74,0
5666,15605665,Smith,604,Spain,Female,56,0,0.0,1,1,1,132538.96,0
5667,15605666,Lee,588,Germany,Male,37,10,0.0,2,0,1,131030.82,0
5668,15605667,White,459,Spain,Male,41,3,158890.51,2,1,1,6956.5,0
5669,15605668,Lee,761,France,Female,52,5,114334.21,2,1,0,122295.69,0
5670,15605669,Martin,750,Germany,Male,63,7,0.0,2,1,1,169648.17,0
5671,15605670,Hernandez,850,Spain,Female,49,3,99778.73,1,0,0,115003.05,0
5672,15605671,Miller,617,France,Female,78,1,0.0,2,1,0,185629.83,1
5673,15605672,Johnson,585,Germany,Male,58,3,122670.03,1,1,0,6448.58,1
5674,15605673,Anderson,486,France,Female,48,0,0.0,1,0,0,96832.03,0
5675,15605674,Smith,742,Spain,Female,44,7,98695.84,2,1,1,64809.58,0
5676,15605675,Wilson,720,France,Female,41,8,0.0,2,1,1,48845.2,0
5677,15605676,Miller,798,Germany,Male,61,2,0.0,2,1,1,65143.92,0
5678,15605677,Wilson,562,France,Female,43,7,173409.61,2,1,1,8276.14,0
5679,15605678,Williams,718,Germany,Female,56,8,85683.84,2,0,1,17495.83,1
5680,15605679,Taylor,599,France,Male,39,7,45677.38,2,1,0,141381.23,0
5681,15605680,Ramirez,778,France,Female,41,1,115588.45,1,1,1,16300.35,0
5682,15605681,White,701,France,Male,51,1,178133.83,1,1,1,179366.09,0
5683,15605682,Thomas,500,Spain,Male,41,9,0.0,1,1,1,136661.68,0
5684,15605683,Sanchez,637,France,Female,67,3,156412.81,1,1,0,128870.33,0
5685,15605684,Taylor,462,France,Female,36,0,0.0,2,1,0,117034.8,1
5686,15605685,Johnson,538,Spain,Female,39,2,43922.49,2,1,1,182736.23,0
5687,15605686,Lee,544,Germany,Female,69,3,63710.1,2,1,0,71281.72,1
5688,15605687,Johnson,588,Spain,Male,66,1,0.0,1,1,1,49135.37,0
5689,15605688,Taylor,624,France,Male,69,6,0.0,2,1,0,132521.21,0
5690,15605689,Martinez,665,Germany,Female,42,9,102001.41,2,1,1,97189.0,0
5691,15605690,Rodriguez,660,France,Male,51,2,183085.75,1,1,0,180494.74,1
5692,15605691,Wilson,647,France,Female,54,6,0.0,1,1,1,12694.22,0
5693,15605692,Sanchez,681,Germany,Male,49,6,0.0,2,0,0,127815.52,0
5694,15605693,Taylor,530,Germany,Male,59,10,0.0,2,1,1,169352.14,0
5695,15605694,Lewis,657,Spain,Male,65,8,0.0,2,0,1,46401.48,0
5696,15605695,Jackson,787,France,Male,51,3,230746.78,1,1,0,164518.09,0
5697,15605696,Perez,634,France,Female,40,3,114450.48,3,0,0,114502.75,1
5698,15605697,Moore,697,France,Female,59,0,0.0,2,1,0,184875.78,0
5699,15605698,White,688,Spain,Female,53,10,0.0,1,1,1,90388.1,0
5700,15605699,Ramirez,732,France,Male,63,5,103263.22,2,1,0,52442.93,0
5701,15605700,Thomas,677,France,Male,59,5,29582.38,1,1,0,148906.37,1
5702,15605701,Moore,731,France,Male,70,6,117652.83,1,1,1,66662.19,0
5703,15605702,Garcia,698,Germany,Male,53,8,0.0,2,1,1,43995.75,0
5704,15605703,Rodriguez,713,France,Male,74,9,87440.98,1,0,1,142497.52,1
5705,15605704,Lewis,692,Spain,Male,73,9,0.0,1,1,0,165237.31,0
5706,15605705,Moore,553,France,Male,61,9,0.0,1,1,0,189085.94,0
5707,15605706,Robinson,537,Spain,Male,65,8,13052.6,1,0,0,59975.8,1
5708,15605707,Lee,616,France,Male,70,4,74262.91,2,1,0,93809.22,1
5709,15605708,Sanchez,798,Germany,Female,49,1,165516.13,2,1,1,36794.33,0
5710,15605709,Clark,633,Spain,Female,70,0,0.0,1,1,0,187848.75,0
5711,15605710,Jones,679,France,Male,56,1,85271.97,1,1,1,164536.37,0
5712,15605711,Martin,461,Spain,Female,62,1,0.0,1,1,0,113061.61,0
5713,15605712,Harris,668,France,Male,64,0,0.0,2,1,0,183267.83,0
5714,15605713,Wilson,658,Spain,Female,61,7,0.0,1,1,0,164014.56,0
5715,15605714,Hernandez,393,Germany,Male,54,2,0.0,2,0,0,6186.1,0
5716,15605715,Garcia,677,France,Female,67,9,109378.37,1,1,0,155761.37,0
5717,15605716,Perez,491,France,Male,92,9,0.0,1,1,1,24344.29,1
5718,15605717,Sanchez,580,France,Female,92,7,82679.25,1,1,0,66268.46,1
5719,15605718,Jackson,745,France,Male,57,5,103059.56,1,0,1,23733.8,0
5720,15605719,Anderson,665,France,Female,68,0,117684.87,2,1,0,12783.01,0
5721,15605720,Davis,606,France,Male,92,6,0.0,2,1,1,121188.75,0
5722,15605721,Anderson,598,France,Male,48,2,59593.74,2,1,0,190501.47,0
5723,15605722,Lopez,609,Spain,Female,62,8,143628.84,2,1,1,14395.51,1
5724,15605723,Thomas,665,France,Male,62,8,179058.96,1,1,1,149823.44,0
5725,15605724,Martinez,534,France,Female,91,3,157188.65,2,1,1,55865.1,1
5726,15605725,Garcia,757,Germany,Male,73,1,58688.42,1,1,1,18065.37,0
5727,15605726,Thomas,539,France,Male,54,9,0.0,1,0,1,184458.7,0
5728,15605727,Garcia,484,France,Female,55,8,53132.22,1,0,0,10835.36,0
5729,15605728,Sanchez,745,France,Male,45,4,68009.45,1,1,0,21157.4,0
5730,15605729,Lee,608,Spain,Male,41,10,0.0,1,1,1,45340.74,0
5731,15605730,Thomas,656,Spain,Female,60,7,81511.81,1,0,1,186136.66,0
5732,15605731,Jones,712,France,Female,59,8,65598.52,1,0,0,60708.24,0
5733,15605732,Hernandez,580,Germany,Female,51,10,167606.8,2,1,0,5877.84,1
5734,15605733,Johnson,663,Germany,Male,45,0,0.0,1,1,0,37536.43,0
5735,15605734,Sanchez,712,Germany,Male,48,10,0.0,2,0,1,89011.1,0
5736,15605735,Martin,807,Germany,Male,84,2,197413.86,1,1,1,176516.29,0
5737,15605736,Thomas,600,Germany,Male,44,6,80047.23,1,1,0,52069.97,0
5738,15605737,Rodriguez,605,France,Female,38,1,191546.82,1,1,1,102125.97,0
5739,15605738,Anderson,704,France,Male,61,3,0.0,1,1,0,60412.97,0
5740,15605739,Lee,670,France,Male,48,3,0.0,1,0,0,114884.12,0
5741,15605740,Sanchez,636,Spain,Male,64,6,25924.92,2,1,1,17711.37,1
5742,15605741,Rodriguez,802,Germany,Female,62,1,101223.26,2,1,1,100020.37,0
5743,15605742,Robinson,488,Spain,Female,39,7,0.0,2,1,1,14242.31,0
5744,15605743,White,513,Spain,Female,60,7,126651.01,1,0,0,195944.67,0
5745,15605744,Miller,489,France,Male,49,5,222329.48,2,1,0,183566.55,0
5746,15605745,Jackson,765,Germany,Female,67,3,67355.66,2,0,1,129319.49,1
5747,15605746,Clark,699,Germany,Female,67,1,0.0,2,0,0,183879.01,1
5748,15605747,Martin,518,Spain,Male,42,2,73630.59,1,1,0,117617.74,0
5749,15605748,Garcia,638,Spain,Male,39,2,152981.46,2,1,1,61286.22,0
5750,15605749,Perez,647,Germany,Male,66,2,0.0,2,0,0,29173.38,1
5751,15605750,Gonzalez,437,France,Male,64,3,279246.78,1,1,1,198703.64,0
5752,15605751,Davis,668,Spain,Female,42,6,0.0,2,1,0,48991.21,0
5753,15605752,Lopez,536,France,Male,66,8,0.0,2,0,0,173342.51,1
5754,15605753,Lewis,717,Spain,Male,52,9,0.0,1,1,0,86405.89,0
5755,15605754,Jackson,539,Spain,Female,34,3,201225.96,2,0,1,64920.9,0
5756,15605755,Davis,671,France,Female,47,6,95015.42,2,1,1,49671.94,0
5757,15605756,Jones,774,Germany,Female,48,9,0.0,2,1,1,172504.0,1
5758,15605757,Brown,743,France,Male,31,5,0.0,1,0,0,168220.55,0
5759,15605758,Perez,698,France,Male,70,9,58543.61,1,0,1,174489.63,0
5760,15605759,Sanchez,642,France,Male,71,8,79574.91,2,1,0,146929.14,1
5761,15605760,Smith,505,Spain,Male,74,7,128352.76,2,1,1,12626.28,0
5762,15605761,Smith,607,Spain,Male,41,1,0.0,2,1,0,70729.16,0
5763,15605762,Rodriguez,628,Spain,Female,47,2,233298.19,2,1,0,162947.72,0
5764,15605763,Robinson,621,France,Male,50,5,0.0,1,1,1,194615.69,0
5765,15605764,Ramirez,502,Spain,Male,39,4,0.0,2,0,1,172155.66,0
5766,15605765,Martinez,691,Germany,Male,57,1,0.0,2,1,1,133740.75,0
5767,15605766,Ramirez,536,France,Female,43,1,0.0,2,1,0,164707.89,0
5768,15605767,Harris,798,France,Female,53,4,125388.42,1,1,1,73467.08,0
5769,15605768,Lee,664,France,Female,45,4,79931.67,3,0,1,133994.16,1
5770,15605769,Thompson,744,Spain,Male,60,0,185229.06,1,1,1,151699.94,1
5771,15605770,Johnson,742,Germany,Male,65,9,141460.14,2,1,1,100529.98,0
5772,15605771,Jackson,849,Germany,Male,51,10,0.0,2,1,0,52159.34,0
5773,15605772,Martinez,667,France,Male,50,2,118757.41,1,0,1,185581.98,0
5774,15605773,Garcia,612,Germany,Female,58,8,56234.84,1,1,0,159940.38,1
5775,15605774,Wilson,614,France,Female,35,9,81190.78,1,1,1,49406.93,0
5776,15605775,Lee,793,France,Female,47,2,235489.39,2,0,0,24019.46,0
5777,15605776,Clark,523,Germany,Female,43,5,0.0,1,1,1,147716.14,0
5778,15605777,Lee,565,France,Female,71,5,30188.2,1,1,0,131990.55,1
5779,15605778,Perez,672,Spain,Male,90,1,0.0,1,0,1,118339.25,0
5780,15605779,Thomas,635,France,Female,39,6,160313.23,2,1,0,191635.01,0
5781,15605780,Lewis,742,Germany,Male,54,8,87897.86,1,1,1,68142.5,0
5782,15605781,Ramirez,521,France,Female,41,8,34938.72,1,0,1,24513.59,0
5783,15605782,Jones,643,Germany,Male,42,7,0.0,2,1,1,41223.52,0
5784,15605783,Jackson,632,France,Male,54,4,0.0,2,1,1,144390.55,0
5785,15605784,Clark,547,France,Female,49,7,0.0,1,1,1,182241.94,0
5786,15605785,Lee,734,Spain,Male,54,8,158948.64,1,1,1,137399.41,0
5787,15605786,Smith,641,France,Male,42,0,91951.68,2,1,1,29187.12,0
5788,15605787,Anderson,637,Spain,Male,54,0,154938.76,2,1,1,141315.22,0
5789,15605788,Lee,570,Spain,Male,70,10,79576.29,1,0,1,63332.47,0
5790,15605789,Hernandez,614,France,Female,63,4,0.0,1,1,0,79768.54,0
5791,15605790,Thompson,551,France,Female,38,6,0.0,1,1,1,128616.7,0
5792,15605791,Wilson,732,Germany,Male,77,8,158577.19,2,0,0,85420.68,1
5793,15605792,Martin,749,Spain,Male,41,8,70229.91,2,1,0,192265.87,0
5794,15605793,Miller,811,Spain,Female,43,2,104798.42,1,0,0,158863.37,0
5795,15605794,Clark,691,Germany,Male,65,0,113100.39,2,1,1,108812.07,1
5796,15605795,Thomas,617,Spain,Male,54,2,109300.87,3,1,0,86602.27,1
5797,15605796,Martin,604,France,Male,51,7,72100.01,1,0,1,66061.98,0
5798,15605797,Williams,697,Spain,Female,49,6,68664.54,2,1,0,66337.85,0
5799,15605798,Anderson,669,Spain,Male,49,4,0.0,2,1,1,128977.9,0
5800,15605799,Sanchez,633,France,Male,49,10,0.0,1,1,1,166560.18,0
5801,15605800,Taylor,624,France,Male,59,9,0.0,2,1,0,38346.09,1
5802,15605801,Gonzalez,762,France,Male,61,8,140139.97,1,0,0,185201.86,1
5803,15605802,Lopez,608,France,Female,49,3,193596.71,1,1,1,60154.47,0
5804,15605803,Gonzalez,779,Spain,Male,73,5,132281.1,1,1,1,141384.64,0
5805,15605804,Jackson,667,France,Male,54,4,0.0,1,1,0,152504.28,0
5806,15605805,Miller,614,France,Male,56,5,0.0,1,1,1,164309.15,0
5807,15605806,Ramirez,574,France,Male,69,3,124406.33,1,1,0,78196.94,0
5808,15605807,Anderson,635,Spain,Female,45,2,17831.12,2,1,0,82155.67,0
5809,15605808,Martinez,698,Germany,Female,60,4,116832.36,1,0,0,135019.32,0
5810,15605809,Taylor,613,France,Male,44,4,50208.27,2,1,1,190377.58,0
5811,15605810,Hernandez,731,France,Male,43,10,12867.07,1,0,0,185870.71,0
5812,15605811,Hernandez,609,Spain,Male,75,1,0.0,2,1,1,149329.22,0
5813,15605812,Lewis,638,Spain,Female,80,9,0.0,1,0,0,38491.18,1
5814,15605813,Jones,526,France,Female,56,3,113971.72,2,1,1,133875.65,0
5815,15605814,Clark,703,France,Male,47,2,79396.77,2,0,1,163900.33,0
5816,15605815,Rodriguez,624,France,Female,59,6,0.0,1,1,0,197335.04,1
5817,15605816,Martinez,801,France,Female,54,4,0.0,1,0,0,109636.01,0
5818,15605817,Martinez,717,Germany,Female,64,5,0.0,2,0,0,117761.07,1
5819,15605818,Robinson,658,Spain,Male,53,10,92759.4,2,1,1,196800.76,0
5820,15605819,Thompson,767,France,Male,53,6,4346.07,1,0,1,169196.54,0
5821,15605820,Miller,688,Spain,Male,43,1,0.0,2,0,1,14304.31,0
5822,15605821,Martinez,746,France,Female,48,9,0.0,2,1,1,192836.83,0
5823,15605822,Sanchez,567,Germany,Female,51,3,108454.96,3,0,1,49143.01,1
5824,15605823,Martinez,694,Germany,Female,60,5,0.0,2,1,0,170474.47,1
5825,15605824,Wilson,698,France,Male,46,2,92730.91,1,0,1,78025.83,0
5826,15605825,Williams,501,France,Male,78,5,0.0,2,1,1,30531.92,0
5827,15605826,Davis,794,Germany,Male,53,9,0.0,1,1,0,171336.27,0
5828,15605827,Smith,538,France,Female,39,0,59415.21,2,1,1,4930.77,0
5829,15605828,Davis,525,France,Male,49,7,137323.11,2,1,0,116715.06,1
5830,15605829,Jackson,376,Germany,Male,62,9,73671.69,1,1,1,46740.18,1
5831,15605830,Clark,695,Spain,Female,50,4,101693.53,1,1,1,35109.73,0
5832,15605831,Jackson,492,France,Male,43,10,76381.51,1,1,0,109083.01,1
5833,15605832,Robinson,600,Spain,Male,48,0,190182.36,2,1,1,182634.9,0
5834,15605833,Smith,730,France,Male,46,9,0.0,2,1,1,192918.38,0
5835,15605834,Thompson,668,Spain,Female,59,9,77117.58,1,1,0,28812.21,0
5836,15605835,Garcia,590,Germany,Female,46,10,0.0,1,1,1,150991.57,0
5837,15605836,Thomas,497,Spain,Female,36,0,0.0,1,1,0,137644.36,0
5838,15605837,Smith,639,France,Male,45,10,79294.29,1,1,0,79693.44,1
5839,15605838,Anderson,732,Germany,Female,67,9,4966.75,2,0,1,19434.28,1
5840,15605839,Garcia,717,Germany,Female,59,2,142254.72,2,0,1,103730.46,1
5841,15605840,Thomas,821,France,Female,37,5,0.0,1,0,1,156615.23,0
5842,15605841,Ramirez,587,France,Female,65,1,130743.06,1,1,1,1226.36,1
5843,15605842,Miller,523,France,Male,70,7,184418.95,2,1,1,75561.74,0
5844,15605843,Williams,679,France,Male,60,10,208544.23,2,1,0,14527.77,0
5845,15605844,Smith,670,Spain,Male,43,9,0.0,2,1,1,11218.02,0
5846,15605845,Sanchez,649,France,Female,67,6,109876.6,1,1,1,46060.48,0
5847,15605846,Lee,578,France,Female,51,10,110028.94,1,1,0,177511.99,0
5848,15605847,White,395,Germany,Female,46,1,114362.54,2,1,1,87849.59,0
5849,15605848,Robinson,553,France,Male,51,0,0.0,1,0,0,145596.87,0
5850,15605849,Lopez,703,Germany,Male,58,6,170851.63,1,0,1,191645.88,0
5851,15605850,Lewis,677,France,Male,60,6,72095.32,1,0,1,1065.74,0
5852,15605851,Anderson,742,Spain,Female,55,2,212272.17,2,0,0,159582.25,0
5853,15605852,Lee,683,Spain,Male,52,9,72440.96,2,0,0,24642.51,0
5854,15605853,Clark,720,Spain,Female,43,7,51149.73,2,1,1,11002.92,0
5855,15605854,Brown,723,France,Male,59,7,48408.34,1,1,0,131877.18,0
5856,15605855,Thompson,651,Spain,Male,55,4,64758.85,1,1,0,142452.93,0
5857,15605856,Perez,652,France,Female,60,6,0.0,2,1,0,143277.37,1
5858,15605857,Lopez,370,France,Male,51,2,0.0,2,1,1,51858.83,0
5859,15605858,Moore,586,France,Male,61,5,0.0,1,0,0,30565.59,0
5860,15605859,Lewis,591,Germany,Male,60,2,46138.96,2,1,1,24821.77,1
5861,15605860,Williams,639,France,Male,48,10,0.0,1,0,1,54560.25,0
5862,15605861,Clark,560,Germany,Female,52,8,109099.29,2,1,0,82341.81,1
5863,15605862,Miller,740,France,Female,63,6,0.0,2,0,1,180247.51,0
5864,15605863,White,565,France,Male,64,0,104456.99,2,0,1,193735.43,0
5865,15605864,Sanchez,755,Germany,Female,69,7,75937.76,1,1,0,6444.2,0
5866,15605865,Wilson,557,France,Male,45,8,0.0,3,1,0,4095.05,1
5867,15605866,Gonzalez,592,Germany,Female,49,9,140505.24,2,1,0,116688.51,1
5868,15605867,Hernandez,584,France,Female,76,1,108704.39,2,1,0,92937.47,1
5869,15605868,Rodriguez,602,Spain,Female,85,0,0.0,2,1,0,101556.75,1
5870,15605869,Ramirez,763,Germany,Male,56,10,96313.94,1,0,0,195455.72,1
5871,15605870,White,618,France,Male,52,3,108042.83,3,1,1,144645.08,1
5872,15605871,Gonzalez,621,France,Male,85,8,132111.01,1,1,1,30614.88,1
5873,15605872,Robinson,578,Germany,Female,78,5,217009.52,1,1,1,197139.57,1
5874,15605873,Miller,625,Spain,Male,63,10,69231.24,2,1,1,100917.53,1
5875,15605874,Miller,670,France,Male,52,9,0.0,2,1,1,114082.97,0
5876,15605875,Hernandez,629,France,Female,57,7,184952.86,2,0,1,195917.72,0
5877,15605876,Martinez,635,Spain,Male,38,6,58060.2,2,1,1,20301.16,0
5878,15605877,Anderson,747,Germany,Male,66,4,96424.3,2,1,1,17230.32,0
5879,15605878,Thompson,676,France,Male,46,4,60174.28,2,0,1,32766.65,0
5880,15605879,Gonzalez,539,France,Male,75,5,0.0,2,1,0,43351.69,1
5881,15605880,Perez,641,France,Male,36,5,0.0,2,1,1,103104.69,0
5882,15605881,Miller,598,Germany,Male,47,4,45036.57,2,1,1,84067.1,0
5883,15605882,Hernandez,700,France,Male,55,7,64073.38,1,1,1,127783.88,0
5884,15605883,Johnson,659,Spain,Male,54,2,141001.29,1,0,1,93829.74,0
5885,15605884,Garcia,758,France,Female,45,8,0.0,1,1,0,135967.5,0
5886,15605885,Ramirez,578,France,Male,55,4,0.0,2,1,1,48441.06,0
5887,15605886,Miller,631,Germany,Female,51,8,125314.23,1,1,0,145847.56,1
5888,15605887,Jones,547,Spain,Male,55,4,23530.22,1,1,0,193167.79,0
5889,15605888,White,645,Spain,Male,48,2,125088.3,1,0,0,7926.84,1
5890,15605889,Brown,502,France,Female,68,8,181989.59,2,1,0,79470.62,1
5891,15605890,Miller,680,Germany,Male,58,1,155758.15,1,1,0,142736.41,1
5892,15605891,Wilson,644,Germany,Male,48,4,61239.11,2,0,1,38866.38,0
5893,15605892,Williams,664,France,Female,61,2,0.0,2,1,1,53975.6,1
5894,15605893,Johnson,725,France,Female,46,6,0.0,2,0,0,190911.08,0
5895,15605894,Wilson,671,France,Male,47,3,94651.4,1,1,1,148952.28,0
5896,15605895,Wilson,527,France,Male,37,7,0.0,1,1,0,189436.34,0
5897,15605896,Rodriguez,596,Spain,Female,59,0,24358.13,1,1,1,198015.06,0
5898,15605897,Davis,642,France,Female,56,4,71514.13,2,0,1,57933.43,0
5899,15605898,Brown,618,Spain,Male,44,7,51108.99,1,1,1,170217.23,0
5900,15605899,Wilson,630,Germany,Male,44,1,0.0,1,0,1,50941.91,0
5901,15605900,Jackson,805,Germany,Male,59,5,182364.87,2,0,1,156110.01,1
5902,15605901,Davis,659,Germany,Male,49,6,109793.1,1,0,0,159267.49,1
5903,15605902,Martinez,686,France,Male,59,5,0.0,1,1,0,193649.2,1
5904,15605903,Anderson,457,France,Male,37,9,94291.21,2,0,0,199223.4,0
5905,15605904,Miller,721,France,Male,41,2,124156.34,2,1,0,127396.35,0
5906,15605905,Robinson,850,Germany,Male,67,5,0.0,1,1,0,147092.23,1
5907,15605906,Perez,779,France,Female,34,6,0.0,1,1,1,162680.34,0
5908,15605907,Smith,607,Spain,Male,56,2,191849.14,1,1,1,166768.74,0
5909,15605908,Brown,850,France,Male,63,9,148848.9,2,1,1,102080.55,1
5910,15605909,Brown,652,France,Male,49,1,1514.04,1,0,1,44421.03,0
5911,15605910,Lee,679,France,Female,45,2,0.0,2,1,0,164777.33,0
5912,15605911,Davis,624,Spain,Female,65,0,0.0,3,0,0,124469.27,1
5913,15605912,Davis,621,Germany,Female,30,6,0.0,1,1,0,132312.24,0
5914,15605913,Anderson,434,France,Male,53,3,161250.66,1,0,1,82084.54,0
5915,15605914,Jackson,725,Germany,Female,62,2,84247.26,1,1,0,184866.75,1
5916,15605915,Martin,621,France,Male,49,5,48668.67,1,1,0,176641.95,1
5917,15605916,Harris,631,Spain,Male,87,2,62152.42,2,1,0,28791.73,1
5918,15605917,Gonzalez,676,Germany,Female,53,10,0.0,1,0,1,37243.65,0
5919,15605918,Miller,610,France,Female,59,9,106279.32,2,0,1,94364.93,0
5920,15605919,Wilson,675,Germany,Female,44,2,120691.36,2,1,0,130432.37,0
5921,15605920,Jackson,765,France,Female,78,8,162698.35,1,0,1,57240.54,1
5922,15605921,Brown,688,Spain,Female,54,1,23910.98,2,1,1,86419.16,0
5923,15605922,Sanchez,635,France,Male,49,4,59329.33,2,0,1,32264.05,0
5924,15605923,Davis,638,Germany,Male,54,9,159357.8,1,0,1,62208.65,0
5925,15605924,Taylor,669,France,Male,40,9,0.0,2,1,0,120780.88,1
5926,15605925,Brown,570,Germany,Female,61,1,152866.65,1,1,0,42492.52,1
5927,15605926,Sanchez,669,Spain,Male,47,5,140462.93,1,1,1,188682.39,0
5928,15605927,Ramirez,715,Germany,Female,58,3,0.0,2,1,1,189953.12,0
5929,15605928,Gonzalez,658,Germany,Male,37,6,199083.63,2,1,1,122467.8,0
5930,15605929,Thomas,609,Spain,Male,39,0,40799.78,2,1,0,25568.34,0
5931,15605930,Taylor,622,France,Male,54,7,115590.48,1,1,1,77450.2,0
5932,15605931,Rodriguez,712,France,Male,76,1,0.0,1,1,1,146621.11,0
5933,15605932,Brown,544,France,Female,36,3,2167.27,1,0,1,48067.59,0
5934,15605933,Rodriguez,571,Spain,Male,46,10,0.0,2,0,1,160715.14,0
5935,15605934,Davis,495,France,Male,41,6,23178.5,2,1,0,1565.91,1
5936,15605935,Jackson,653,Germany,Male,49,7,159976.93,2,0,0,38052.63,1
5937,15605936,Thomas,732,Germany,Male,53,8,0.0,1,1,1,62930.09,0
5938,15605937,Davis,777,France,Male,50,4,0.0,2,1,0,193220.57,0
5939,15605938,Perez,798,France,Male,34,8,122945.96,1,1,0,151021.56,0
5940,15605939,Ramirez,583,France,Female,37,8,139099.82,2,1,1,3876.11,0
5941,15605940,Martinez,674,France,Male,41,2,0.0,1,1,1,92630.17,0
5942,15605941,Smith,611,France,Male,47,6,136501.02,1,0,0,138349.44,0
5943,15605942,Wilson,808,France,Female,44,7,148311.52,1,1,1,123602.18,0
5944,15605943,Rodriguez,775,Spain,Male,48,0,0.0,2,1,1,92662.75,0
5945,15605944,White,666,Spain,Male,52,10,77748.42,1,0,1,52013.57,0
5946,15605945,Lopez,590,France,Female,49,9,10051.39,2,0,1,74595.53,0
5947,15605946,Sanchez,350,France,Male,79,4,32396.84,2,1,1,142117.65,0
5948,15605947,White,512,France,Female,80,0,154006.05,2,1,1,151558.19,0
5949,15605948,Jackson,472,Germany,Male,54,2,0.0,2,1,1,98285.57,0
5950,15605949,Martin,511,Spain,Female,45,1,0.0,2,1,1,182956.99,0
5951,15605950,Clark,830,France,Female,49,1,0.0,2,1,0,191757.19,0
5952,15605951,Brown,525,France,Male,56,3,8289.39,1,0,0,156529.1,0
5953,15605952,Jones,548,Spain,Male,43,4,153305.3,3,0,1,40623.52,1
5954,15605953,Robinson,561,Germany,Male,56,10,0.0,2,1,1,175846.06,0
5955,15605954,Wilson,850,France,Male,50,0,0.0,2,1,1,90779.78,0
5956,15605955,Martinez,644,Germany,Female,76,10,0.0,1,1,1,44339.78,1
5957,15605956,Wilson,745,France,Female,43,5,51171.37,1,0,1,157105.19,0
5958,15605957,Davis,666,France,Male,71,10,107833.45,1,0,1,80264.33,0
5959,15605958,Martinez,459,Spain,Male,56,10,84127.89,1,1,1,47757.84,0
5960,15605959,Moore,797,Spain,Male,45,4,96013.08,3,1,1,117538.65,0
5961,15605960,Smith,688,France,Female,62,3,0.0,2,0,0,23618.02,1
5962,15605961,Smith,638,Spain,Female,30,5,0.0,1,0,0,75721.94,0
5963,15605962,White,818,France,Female,47,1,116075.32,1,0,1,69245.99,1
5964,15605963,Garcia,616,Spain,Male,50,7,152458.99,1,0,0,80292.1,0
5965,15605964,Davis,636,France,Female,45,5,100165.54,3,0,1,88784.61,0
5966,15605965,Rodriguez,616,Spain,Male,66,2,17452.24,1,0,1,127515.66,0
5967,15605966,Lee,753,Spain,Male,85,3,83878.56,2,1,0,11614.62,1
5968,15605967,Miller,728,France,Male,43,1,11727.17,1,1,0,92605.71,0
5969,15605968,Thomas,676,Spain,Male,65,3,200642.9,1,1,1,99406.59,0
5970,15605969,Sanchez,549,Spain,Female,53,8,0.0,2,0,0,67406.33,1
5971,15605970,Clark,614,Spain,Female,63,3,100771.03,2,0,0,148857.68,0
5972,15605971,Davis,548,France,Male,56,7,0.0,1,1,0,143286.75,0
5973,15605972,Taylor,761,Spain,Female,51,2,0.0,1,1,1,104314.94,1
5974,15605973,Lewis,498,Spain,Male,92,4,173348.34,2,1,1,171525.54,0
5975,15605974,Davis,803,France,Female,55,1,98685.56,1,1,1,23500.88,0
5976,15605975,Johnson,773,Spain,Female,65,8,47924.24,3,0,1,75083.15,1
5977,15605976,Johnson,561,France,Male,45,8,0.0,1,0,1,135926.74,0
5978,15605977,Lopez,610,France,Female,75,9,117944.62,2,1,0,184644.55,0
5979,15605978,Garcia,581,Germany,Male,53,6,66659.48,2,1,1,172032.11,0
5980,15605979,Thomas,691,Germany,Male,39,1,78794.92,1,1,1,32710.9,0
5981,15605980,Lee,785,Germany,Female,48,3,124030.77,2,1,0,12433.83,1
5982,15605981,White,763,France,Female,54,5,84261.14,2,1,1,111206.6,0
5983,15605982,Davis,608,Spain,Female,54,8,111359.55,1,1,0,99195.84,0
5984,15605983,Harris,770,France,Female,51,5,0.0,1,1,0,72598.8,0
5985,15605984,Davis,762,France,Male,53,3,0.0,2,1,1,41493.54,0
5986,15605985,Martinez,631,France,Male,42,0,0.0,2,0,1,79987.75,0
5987,15605986,Clark,649,Germany,Female,53,6,0.0,2,1,1,95308.09,1
5988,15605987,Davis,798,Spain,Male,47,6,171699.25,1,1,0,58945.55,0
5989,15605988,Brown,751,Germany,Female,59,5,115106.43,2,0,0,2459.01,1
5990,15605989,Thomas,767,Spain,Male,54,2,74538.91,2,1,0,111621.69,0
5991,15605990,Brown,850,France,Female,46,4,51601.54,1,1,1,191367.34,0
5992,15605991,Perez,702,Germany,Male,60,6,0.0,3,0,1,69471.11,1
5993,15605992,Moore,681,France,Female,66,5,6971.35,2,0,1,153821.42,0
5994,15605993,Lee,780,France,Female,56,6,199687.08,2,1,0,178996.12,1
5995,15605994,Martinez,840,France,Female,44,4,24878.12,2,1,1,86693.02,0
5996,15605995,Wilson,591,Germany,Male,82,0,71272.96,1,1,0,72238.83,1
5997,15605996,Wilson,630,Germany,Female,52,9,0.0,1,0,0,178238.81,1
5998,15605997,Robinson,552,Spain,Female,56,10,0.0,1,0,0,21048.28,0
5999,15605998,Lewis,682,France,Female,36,4,112067.49,1,1,1,98041.99,0
6000,15605999,Perez,735,France,Female,53,1,60954.88,2,1,1,128911.61,0
6001,15606000,Moore,558,Germany,Male,63,9,59205.48,2,1,0,134690.73,1
6002,15606001,Jackson,758,France,Male,49,9,99299.29,1,0,0,22623.29,0
6003,15606002,Smith,606,Spain,Male,58,1,8429.88,2,0,1,22306.29,0
6004,15606003,Rodriguez,598,Germany,Male,58,3,67648.96,2,1,0,57384.46,0
6005,15606004,Lee,758,France,Female,64,5,0.0,2,0,1,156261.13,0
6006,15606005,Lee,589,Spain,Male,52,4,0.0,1,1,1,196338.25,0
6007,15606006,Taylor,515,Germany,Male,48,6,0.0,1,0,0,118155.95,1
6008,15606007,Lee,721,France,Male,40,9,181278.78,2,0,1,132605.43,0
6009,15606008,Lopez,637,Germany,Male,59,7,7630.14,1,1,0,196491.89,1
6010,15606009,Thompson,765,France,Male,80,9,51013.07,1,1,1,46216.73,0
6011,15606010,Williams,729,Spain,Male,44,0,0.0,2,1,1,18567.63,0
6012,15606011,Martinez,482,Spain,Male,62,7,0.0,1,1,0,34348.04,0
6013,15606012,Davis,776,Spain,Male,77,2,0.0,1,1,0,61442.9,1
6014,15606013,Thomas,832,Germany,Female,45,9,0.0,1,0,0,136221.33,0
6015,15606014,Anderson,749,France,Male,66,9,0.0,1,0,1,60410.21,0
6016,15606015,Hernandez,753,Spain,Male,39,1,99005.03,3,1,1,99803.87,0
6017,15606016,Robinson,626,France,Female,67,1,0.0,1,1,1,5466.36,0
6018,15606017,Lee,604,Germany,Female,36,4,0.0,2,1,0,187799.05,1
6019,15606018,Miller,670,Germany,Female,34,1,190129.88,1,0,1,117984.56,1
6020,15606019,Robinson,738,France,Female,43,3,0.0,2,1,0,109272.81,0
6021,15606020,Williams,735,France,Male,59,2,76189.97,2,1,0,148996.23,1
6022,15606021,Clark,607,Spain,Female,55,7,0.0,2,1,1,189748.86,0
6023,15606022,Wilson,598,Spain,Male,67,8,82536.92,1,1,0,122292.5,0
6024,15606023,Taylor,506,France,Male,52,10,0.0,2,1,0,135802.65,0
6025,15606024,Moore,712,France,Female,42,5,0.0,1,0,0,55719.4,0
6026,15606025,Jones,612,France,Male,55,3,64597.57,1,1,0,164795.38,0
6027,15606026,Clark,621,Spain,Female,60,10,36046.69,2,1,1,157600.13,0
6028,15606027,Lopez,815,France,Female,58,10,22490.35,1,1,1,4323.63,0
6029,15606028,Garcia,707,Germany,Male,59,1,0.0,1,0,0,155537.08,1
6030,15606029,Anderson,680,France,Female,62,10,0.0,2,1,0,38593.17,0
6031,15606030,Johnson,729,Germany,Male,53,7,0.0,2,1,0,35760.86,1
6032,15606031,Lopez,786,France,Male,67,2,0.0,2,0,1,65767.48,0
6033,15606032,Brown,494,Spain,Female,38,1,0.0,1,1,0,189971.4,1
6034,15606033,Anderson,595,France,Male,68,3,144512.41,3,0,1,118131.4,1
6035,15606034,Harris,627,Germany,Female,67,1,138014.68,2,1,1,189187.84,0
6036,15606035,Garcia,556,France,Female,52,2,0.0,1,0,0,15682.34,0
6037,15606036,Davis,624,Germany,Male,57,8,83047.38,1,1,0,106437.95,1
6038,15606037,Thompson,501,Spain,Female,60,6,80072.05,1,0,0,101016.25,1
6039,15606038,Williams,738,France,Female,92,10,0.0,2,1,0,88488.73,1
6040,15606039,Ramirez,600,Spain,Male,51,0,0.0,1,0,0,198290.22,1
6041,15606040,Hernandez,669,Germany,Male,52,9,0.0,1,1,0,94639.18,1
6042,15606041,Robinson,654,France,Female,41,4,0.0,2,1,1,47741.01,0
6043,15606042,Martin,703,France,Male,74,4,186825.97,2,0,1,128742.5,0
6044,15606043,Jones,413,France,Female,58,8,0.0,2,1,0,49370.49,0
6045,15606044,Lewis,693,Germany,Male,49,0,30877.26,1,1,1,26352.94,0
6046,15606045,Gonzalez,623,Spain,Female,53,0,155811.95,2,1,0,116616.24,0
6047,15606046,Hernandez,689,France,Female,64,9,92254.75,1,1,0,144886.19,1
6048,15606047,Brown,536,Germany,Male,54,6,173438.57,2,1,0,90293.79,0
6049,15606048,Taylor,689,Spain,Female,58,6,103272.07,1,0,0,64420.34,0
6050,15606049,Perez,774,Spain,Female,42,10,142022.72,2,0,0,30626.56,1
6051,15606050,Hernandez,668,Germany,Female,43,7,133330.41,1,0,0,160334.14,1
6052,15606051,Johnson,581,Spain,Male,70,3,0.0,2,0,0,178254.09,0
6053,15606052,Harris,585,Germany,Female,46,6,79899.42,1,1,0,50633.36,1
6054,15606053,Rodriguez,705,France,Female,62,5,123411.58,2,0,0,85652.28,0
6055,15606054,Thomas,704,Spain,Female,44,0,0.0,2,0,1,61325.02,0
6056,15606055,Sanchez,684,France,Female,35,1,0.0,1,0,0,166154.43,0
6057,15606056,Brown,646,France,Male,67,7,146602.58,1,1,1,184437.25,0
6058,15606057,Jackson,669,France,Female,47,5,124699.36,1,1,0,30294.88,1
6059,15606058,Jones,643,Spain,Male,77,6,0.0,2,1,1,7312.16,0
6060,15606059,Garcia,613,Spain,Male,45,7,151765.26,1,0,1,17131.93,0
6061,15606060,Thompson,722,France,Male,40,4,0.0,2,1,1,58100.35,0
6062,15606061,Moore,679,France,Male,44,4,0.0,2,1,1,144871.99,0
6063,15606062,Garcia,773,France,Male,53,1,0.0,2,1,1,65316.49,0
6064,15606063,Williams,757,Germany,Male,90,3,0.0,1,1,1,196838.34,1
6065,15606064,Miller,676,France,Male,74,10,189914.47,1,0,0,17128.05,0
6066,15606065,Ramirez,707,Spain,Female,66,1,0.0,1,1,1,134290.79,0
6067,15606066,Moore,558,France,Male,77,6,208034.67,2,1,1,92423.63,0
6068,15606067,Lewis,642,France,Male,51,10,254098.56,1,1,1,61905.98,0
6069,15606068,Hernandez,682,France,Male,47,8,0.0,1,1,0,112189.45,0
6070,15606069,Moore,498,France,Male,67,10,54131.27,1,1,1,49547.7,1
6071,15606070,Martinez,691,Spain,Male,53,1,0.0,1,1,0,122863.76,0
6072,15606071,Perez,557,France,Female,44,3,101125.48,1,0,0,199006.94,0
6073,15606072,Jackson,568,France,Female,27,10,38559.9,2,1,1,62426.82,0
6074,15606073,Jackson,599,France,Female,43,7,167384.61,2,1,0,74417.01,0
6075,15606074,Gonzalez,647,France,Female,59,8,182737.56,1,1,1,173806.82,0
6076,15606075,Lewis,522,France,Male,44,3,1398.69,2,1,1,71791.68,0
6077,15606076,Hernandez,732,France,Male,64,7,0.0,3,1,0,182199.0,1
6078,15606077,Robinson,667,Germany,Male,39,6,0.0,1,1,1,139689.73,0
6079,15606078,Smith,834,Germany,Female,43,4,0.0,2,1,0,3871.71,0
6080,15606079,Taylor,678,France,Male,77,3,43007.83,1,1,1,75506.49,1
6081,15606080,Sanchez,704,France,Female,66,5,157934.04,1,1,1,77122.14,0
6082,15606081,Williams,568,Spain,Male,54,5,163338.47,1,0,1,48914.72,0
6083,15606082,Clark,536,France,Male,53,1,0.0,1,1,1,117558.59,0
6084,15606083,White,709,France,Female,44,2,0.0,1,1,1,8149.12,0
6085,15606084,Thomas,545,France,Female,70,10,73692.0,2,0,1,119295.32,0
6086,15606085,Johnson,711,France,Female,70,5,128908.6,2,1,0,111475.56,1
6087,15606086,Martinez,813,Spain,Female,51,3,0.0,1,1,1,138158.05,1
6088,15606087,Sanchez,740,France,Female,51,2,0.0,1,1,0,107703.11,0
6089,15606088,Sanchez,704,Germany,Female,47,3,139313.65,1,1,0,66689.88,1
6090,15606089,Jones,675,France,Female,56,5,0.0,3,0,1,194034.52,1
6091,15606090,Garcia,613,France,Male,35,2,59107.5,1,1,0,26586.36,0
6092,15606091,Sanchez,639,Spain,Female,52,0,117547.04,1,1,0,148602.21,1
6093,15606092,Sanchez,595,France,Female,66,5,92421.45,1,1,0,41119.98,0
6094,15606093,Rodriguez,523,Germany,Male,55,1,106942.8,2,1,0,12433.39,0
6095,15606094,Lee,653,France,Female,62,8,0.0,2,1,0,153245.11,0
6096,15606095,Thomas,756,Germany,Female,58,5,0.0,2,1,0,171562.55,1
6097,15606096,Thompson,526,France,Male,55,0,0.0,2,0,0,24316.93,0
6098,15606097,Davis,784,Spain,Male,53,10,70288.56,1,1,0,105217.5,0
6099,15606098,White,766,France,Male,64,3,0.0,1,1,0,145693.14,1
6100,15606099,Gonzalez,688,Spain,Female,50,4,71756.09,2,1,0,76314.85,0
6101,15606100,Harris,688,France,Female,42,7,0.0,1,0,0,88456.23,0
6102,15606101,Hernandez,632,Germany,Male,72,2,102041.25,2,0,1,195474.86,1
6103,15606102,Garcia,654,France,Male,63,10,54000.57,1,1,0,145830.47,1
6104,15606103,Lewis,605,Spain,Male,35,8,0.0,1,0,0,184320.8,0
6105,15606104,Lewis,653,France,Female,57,8,123639.98,2,1,1,86466.97,0
6106,15606105,Brown,663,France,Male,34,9,78635.76,2,1,0,95190.42,0
6107,15606106,Hernandez,830,France,Male,40,10,0.0,1,1,1,193960.07,0
6108,15606107,Jackson,704,France,Female,58,4,0.0,2,0,0,85486.79,1
6109,15606108,White,629,France,Male,71,3,90204.72,2,1,1,82403.66,0
6110,15606109,Ramirez,640,Spain,Male,85,6,237088.93,1,0,0,139473.14,0
6111,15606110,Harris,581,Spain,Male,77,8,0.0,1,1,1,8878.09,0
6112,15606111,Rodriguez,597,France,Male,37,5,158209.86,1,1,1,88850.38,0
6113,15606112,Lewis,737,Spain,Male,80,6,108206.99,1,0,1,187873.44,0
6114,15606113,Robinson,602,Germany,Female,64,0,106485.7,2,0,1,179321.48,0
6115,15606114,White,590,France,Female,65,3,0.0,1,1,0,132075.97,0
6116,15606115,Thomas,593,Germany,Female,46,1,19703.23,2,1,1,88696.89,0
6117,15606116,Ramirez,579,Germany,Female,59,0,67288.01,1,1,1,102113.56,1
6118,15606117,Martinez,758,Spain,Male,58,10,57544.53,1,1,0,53209.36,1
6119,15606118,Jackson,663,France,Male,59,6,0.0,2,1,1,40953.95,0
6120,15606119,Garcia,622,Germany,Male,62,10,21433.2,2,0,0,53797.35,1
6121,15606120,Smith,652,France,Female,53,9,0.0,1,0,0,180450.95,0
6122,15606121,Ramirez,670,France,Female,50,3,161797.26,1,1,1,51469.6,0
6123,15606122,Davis,578,France,Male,54,1,0.0,2,1,1,93873.92,0
6124,15606123,Perez,516,Spain,Male,69,4,0.0,2,1,1,143322.4,0
6125,15606124,Brown,778,Spain,Male,65,6,233675.32,4,1,1,148387.39,1
6126,15606125,Martin,744,Spain,Male,68,1,231044.29,1,1,0,62075.65,0
6127,15606126,Lewis,686,Germany,Female,58,6,93414.65,1,1,1,51769.33,0
6128,15606127,Thompson,738,France,Male,43,2,109083.04,1,1,0,74060.13,0
6129,15606128,Jackson,833,France,Female,47,7,195747.06,1,1,1,20199.85,0
6130,15606129,Miller,598,France,Male,65,6,0.0,1,0,0,109129.9,0
6131,15606130,Perez,542,France,Female,70,0,0.0,3,1,0,146255.61,1
6132,15606131,Rodriguez,713,Spain,Female,67,8,94533.25,2,1,1,47032.97,0
6133,15606132,Martin,509,Germany,Female,54,5,201936.73,1,1,1,18022.92,0
6134,15606133,Robinson,653,France,Male,56,3,47763.79,2,1,1,168836.07,0
6135,15606134,Rodriguez,621,France,Male,36,5,0.0,1,1,0,176568.53,0
6136,15606135,White,714,France,Male,55,1,173928.26,1,1,1,172151.19,0
6137,15606136,Williams,603,France,Male,38,1,101852.63,2,0,1,84793.85,0
6138,15606137,Lopez,765,Spain,Female,42,7,8002.74,1,1,1,28400.49,0
6139,15606138,Smith,578,Germany,Female,61,9,156422.62,1,1,0,137816.29,0
6140,15606139,Rodriguez,717,Spain,Male,50,4,139317.7,1,0,1,20195.43,0
6141,15606140,Taylor,586,France,Male,34,6,51473.95,2,0,0,138366.57,0
6142,15606141,Martin,702,France,Male,55,0,0.0,2,1,1,43524.29,0
6143,15606142,Perez,552,France,Female,43,5,97786.46,1,0,1,21602.9,0
6144,15606143,Thomas,647,Spain,Female,42,10,47115.76,2,1,0,367.15,0
6145,15606144,Clark,776,Spain,Male,38,10,0.0,2,0,0,101866.41,0
6146,15606145,Williams,661,France,Male,74,9,0.0,1,0,0,172781.68,0
6147,15606146,Moore,763,Germany,Female,45,6,146812.93,1,0,0,149610.66,1
6148,15606147,Robinson,647,France,Female,32,9,61599.71,2,1,0,52274.15,0
6149,15606148,Lee,601,Germany,Male,43,6,0.0,2,1,1,29683.16,0
6150,15606149,Garcia,666,Spain,Female,61,9,159691.25,1,0,0,191751.8,0
6151,15606150,Clark,709,Germany,Female,58,2,0.0,2,1,1,165465.68,0
6152,15606151,Lee,467,Germany,Female,68,8,0.0,2,1,0,124708.05,1
6153,15606152,Williams,700,France,Female,59,8,22620.95,1,0,1,70061.17,0
6154,15606153,Johnson,559,France,Male,31,4,0.0,2,0,0,157578.23,0
6155,15606154,Harris,535,France,Female,49,8,4802.26,2,0,1,75171.18,0
6156,15606155,Smith,701,France,Male,48,10,113461.42,2,0,1,139837.78,0
6157,15606156,Miller,778,Germany,Male,42,6,0.0,2,1,1,108896.24,0
6158,15606157,Brown,670,Germany,Male,38,6,149285.56,2,0,0,110116.64,1
6159,15606158,Ramirez,519,France,Male,60,8,92737.35,2,1,1,106317.86,0
6160,15606159,Thompson,585,Spain,Male,52,1,0.0,1,1,0,194874.02,0
6161,15606160,Johnson,609,France,Male,41,9,0.0,2,0,1,180005.08,0
6162,15606161,Gonzalez,668,France,Female,37,4,106641.32,3,1,0,88941.29,1
6163,15606162,Lopez,643,France,Female,64,7,0.0,2,1,0,188515.63,0
6164,15606163,Garcia,697,France,Male,62,7,127522.35,1,1,1,130801.47,0
6165,15606164,Davis,745,France,Male,62,2,0.0,1,1,1,168298.11,0
6166,15606165,Perez,683,France,Female,61,4,115992.13,2,0,0,162900.41,1
6167,15606166,Thomas,736,France,Male,61,3,62219.88,1,1,0,192242.78,0
6168,15606167,Brown,624,Spain,Female,59,3,207808.3,1,1,1,39835.43,0
6169,15606168,Anderson,850,France,Male,46,1,0.0,2,1,0,140666.14,1
6170,15606169,Taylor,703,France,Female,61,5,0.0,1,1,1,188837.7,0
6171,15606170,Harris,715,France,Male,54,0,93297.06,2,1,1,12662.63,0
6172,15606171,Robinson,818,Germany,Female,43,7,16934.13,1,0,0,184664.77,0
6173,15606172,Thompson,658,France,Female,52,9,0.0,2,1,0,186649.91,0
6174,15606173,Taylor,588,Spain,Female,70,8,105516.53,1,0,0,101494.71,1
6175,15606174,Robinson,775,Germany,Female,56,10,0.0,1,0,1,138302.78,1
6176,15606175,Gonzalez,781,Germany,Male,58,4,126378.12,1,0,0,2947.81,1
6177,15606176,Johnson,664,Germany,Female,41,5,0.0,1,1,0,4462.41,1
6178,15606177,Taylor,818,France,Male,44,0,0.0,2,1,0,3487.46,0
6179,15606178,Sanchez,642,France,Female,54,5,4854.85,1,0,1,90195.91,0
6180,15606179,Gonzalez,739,France,Male,51,0,0.0,2,1,1,22954.69,0
6181,15606180,Harris,795,Germany,Female,49,4,12282.52,2,1,0,157767.42,1
6182,15606181,Martin,659,France,Female,41,8,0.0,1,1,1,46877.54,0
6183,15606182,Garcia,693,France,Male,43,4,171088.17,1,1,0,31860.06,0
6184,15606183,Harris,748,Spain,Male,38,2,140600.01,1,1,1,68849.28,1
6185,15606184,Garcia,614,France,Male,47,3,150685.05,1,0,0,44568.82,0
6186,15606185,Clark,571,Spain,Female,51,2,123963.38,1,1,1,145018.2,0
6187,15606186,Miller,777,Spain,Male,52,3,237632.7,1,1,0,71875.49,0
6188,15606187,Ramirez,679,France,Female,69,9,75523.22,1,1,0,155556.92,1
6189,15606188,Thomas,601,France,Female,33,5,140852.18,2,1,0,163215.79,0
6190,15606189,Williams,659,France,Female,79,2,73359.27,2,0,1,117861.81,0
6191,15606190,Brown,698,Germany,Female,61,4,125409.83,1,1,1,124651.17,1
6192,15606191,Hernandez,499,Germany,Male,53,6,0.0,1,1,1,56978.39,0
6193,15606192,Miller,718,Spain,Female,43,0,0.0,2,0,1,129036.87,0
6194,15606193,Clark,689,Spain,Female,47,2,0.0,2,1,0,101501.36,0
6195,15606194,Lewis,808,Germany,Female,61,10,64682.53,1,1,1,140177.18,1
6196,15606195,Miller,628,France,Male,44,5,0.0,2,1,0,133778.54,1
6197,15606196,Lopez,782,France,Female,62,9,0.0,2,1,1,138791.6,0
6198,15606197,Davis,645,Spain,Male,52,1,0.0,3,0,0,170731.15,1
6199,15606198,Thompson,663,France,Female,52,7,0.0,1,1,1,118133.6,0
6200,15606199,Davis,676,France,Female,61,6,0.0,1,1,0,155873.08,0
6201,15606200,Taylor,850,Germany,Female,41,1,98367.97,2,0,0,65365.14,0
6202,15606201,Brown,531,France,Female,49,4,306593.77,2,0,1,158563.88,0
6203,15606202,Anderson,697,Spain,Male,51,3,0.0,2,1,1,62984.57,0
6204,15606203,Williams,654,Germany,Female,60,1,59924.59,2,1,0,72691.6,0
6205,15606204,Jackson,647,France,Female,68,3,7902.91,1,1,0,174928.81,0
6206,15606205,Thomas,705,Spain,Male,40,8,0.0,1,1,0,50233.79,0
6207,15606206,Wilson,756,France,Female,52,9,39843.92,2,1,1,147630.24,0
6208,15606207,Clark,701,France,Male,39,1,0.0,1,0,0,46734.36,0
6209,15606208,Jones,768,France,Female,52,9,0.0,1,1,1,48376.68,0
6210,15606209,Ramirez,625,France,Male,58,9,0.0,1,1,1,120717.76,0
6211,15606210,Clark,645,France,Female,47,5,105053.94,2,0,1,7043.97,0
6212,15606211,Jackson,553,France,Male,69,3,137137.97,2,1,1,129902.49,0
6213,15606212,Hernandez,840,France,Male,58,7,805.54,1,0,0,147335.39,1
6214,15606213,Williams,632,France,Male,57,3,0.0,1,1,0,182894.8,0
6215,15606214,Brown,621,Spain,Male,54,8,213742.82,2,1,0,150599.44,1
6216,15606215,Brown,708,Spain,Female,60,9,0.0,1,1,1,168709.9,1
6217,15606216,Sanchez,756,France,Male,70,2,61188.54,2,0,1,46865.64,0
6218,15606217,Thomas,583,France,Female,55,6,72555.31,1,0,1,62442.73,0
6219,15606218,White,763,France,Female,48,4,165447.59,1,0,1,189057.3,0
6220,15606219,Smith,620,France,Female,90,10,201377.22,1,1,1,123726.43,0
6221,15606220,Williams,787,Spain,Female,54,0,0.0,2,1,0,134079.23,1
6222,15606221,Thomas,598,Germany,Male,51,2,100597.09,2,1,1,134434.04,0
6223,15606222,Lopez,720,France,Male,60,8,71015.79,2,1,1,199108.65,0
6224,15606223,Hernandez,654,France,Male,35,8,149346.34,2,1,1,142151.46,0
6225,15606224,Taylor,541,France,Male,39,4,0.0,2,1,1,152474.1,0
6226,15606225,Martin,514,Germany,Female,34,4,0.0,1,1,0,182693.47,0
6227,15606226,Taylor,578,France,Male,35,10,206078.7,2,0,0,62527.08,0
6228,15606227,Johnson,745,Spain,Female,42,3,0.0,1,1,0,164542.37,0
6229,15606228,Jones,463,Spain,Male,47,3,131392.61,2,1,1,5191.97,0
6230,15606229,Davis,682,France,Female,47,3,0.0,1,1,1,23869.47,0
6231,15606230,Moore,673,Germany,Male,51,1,74489.64,1,0,1,26536.19,0
6232,15606231,Perez,488,Spain,Male,56,6,0.0,2,0,0,1118.79,0
6233,15606232,Clark,573,Germany,Female,48,2,0.0,2,1,1,87206.43,0
6234,15606233,Anderson,573,France,Male,57,0,74271.83,1,0,0,197343.52,0
6235,15606234,Anderson,655,France,Female,70,10,82522.68,1,1,1,55554.76,0
6236,15606235,Harris,790,Spain,Female,83,9,0.0,2,1,0,35992.91,1
6237,15606236,Rodriguez,753,Germany,Male,73,2,171350.37,1,1,1,90175.33,0
6238,15606237,Smith,615,Germany,Female,80,8,59870.06,2,1,1,147555.6,1
6239,15606238,Davis,570,Spain,Male,51,8,0.0,2,1,0,9982.39,0
6240,15606239,Martin,500,Spain,Female,36,9,0.0,1,0,0,106930.86,0
6241,15606240,Ramirez,613,Spain,Male,50,6,131114.53,1,1,1,94626.33,0
6242,15606241,Jackson,563,France,Female,41,0,0.0,1,1,0,113623.88,0
6243,15606242,Jones,646,Germany,Male,51,5,0.0,2,1,0,120847.49,1
6244,15606243,Robinson,650,Germany,Male,39,9,118628.76,2,1,1,57958.06,0
6245,15606244,Wilson,604,Spain,Male,54,0,147097.13,2,1,1,62682.41,0
6246,15606245,Robinson,606,Germany,Male,44,1,36515.67,1,0,1,86353.5,0
6247,15606246,Garcia,583,France,Male,44,2,84535.06,2,0,0,195029.5,0
6248,15606247,Brown,600,Spain,Female,68,10,0.0,2,0,0,119810.51,0
6249,15606248,Martin,787,Germany,Female,54,10,129049.07,1,0,0,32730.34,1
6250,15606249,Lopez,699,France,Male,52,5,0.0,1,1,0,32772.59,0
6251,15606250,Lewis,701,France,Male,63,10,0.0,2,1,0,137672.39,1
6252,15606251,Jackson,747,France,Male,56,6,49970.13,1,0,1,92777.14,0
6253,15606252,Martinez,738,France,Male,63,7,0.0,1,1,0,170930.04,0
6254,15606253,Davis,786,France,Male,50,8,0.0,2,0,0,94210.07,0
6255,15606254,White,706,France,Male,62,6,0.0,1,1,1,4516.75,0
6256,15606255,Anderson,669,Germany,Female,36,5,0.0,2,1,1,128349.96,0
6257,15606256,White,593,Germany,Female,50,4,0.0,2,0,1,53357.01,0
6258,15606257,Thomas,570,Germany,Male,55,9,105611.79,2,1,1,197190.23,0
6259,15606258,Garcia,734,Spain,Male,47,1,0.0,2,1,0,1190.57,0
6260,15606259,Lopez,639,France,Female,51,7,61399.98,2,1,1,41790.9,0
6261,15606260,Lee,519,France,Male,64,4,20899.35,1,1,0,129734.31,1
6262,15606261,Smith,449,Spain,Female,64,9,152435.85,2,1,0,34898.59,0
6263,15606262,Lewis,850,France,Female,55,1,172718.08,2,1,0,140733.74,0
6264,15606263,Thompson,555,Spain,Female,71,2,23945.44,1,1,1,103039.47,1
6265,15606264,Taylor,584,Spain,Male,41,9,174848.37,3,1,1,27685.18,0
6266,15606265,Davis,767,Germany,Female,49,9,113195.87,1,1,1,80119.8,0
6267,15606266,Sanchez,533,Spain,Female,49,6,148626.89,1,1,1,110187.92,0
6268,15606267,Harris,701,France,Female,69,9,0.0,1,1,1,111234.27,1
6269,15606268,Ramirez,824,France,Female,58,7,0.0,2,1,1,98031.89,0
6270,15606269,Perez,850,Germany,Male,74,4,0.0,1,0,1,146685.7,0
6271,15606270,Wilson,607,France,Male,37,9,0.0,2,0,1,72040.39,0
6272,15606271,Lee,648,Spain,Female,56,7,44495.51,2,1,0,124061.51,0
6273,15606272,Davis,611,France,Female,52,9,54644.82,1,1,0,37839.41,0
6274,15606273,Anderson,648,Germany,Female,31,9,0.0,1,1,0,194319.97,1
6275,15606274,Lopez,774,Germany,Female,44,5,110020.75,1,1,0,47725.65,1
6276,15606275,Sanchez,515,Germany,Male,41,1,113467.29,1,0,1,172366.51,0
6277,15606276,Taylor,712,France,Male,58,1,0.0,1,1,0,34944.96,0
6278,15606277,Smith,631,France,Male,68,7,0.0,1,0,0,192871.67,0
6279,15606278,Ramirez,781,Spain,Male,48,3,0.0,2,1,1,197005.59,0
6280,15606279,Garcia,776,France,Female,41,7,90013.2,2,1,1,53652.0,0
6281,15606280,Jones,610,Spain,Male,39,8,155424.96,1,0,0,43091.84,0
6282,15606281,Thompson,639,Germany,Female,75,5,140819.16,1,1,0,149313.54,1
6283,15606282,Smith,735,Spain,Female,45,8,127058.12,2,1,1,136183.57,0
6284,15606283,Clark,744,Germany,Male,28,5,100949.07,2,1,1,141813.19,0
6285,15606284,Martinez,412,France,Male,46,10,0.0,2,0,1,17813.04,0
6286,15606285,Johnson,735,Germany,Female,37,2,0.0,2,0,1,111838.85,0
6287,15606286,Smith,808,Spain,Female,53,7,282456.17,2,0,0,135259.43,0
6288,15606287,Perez,674,France,Female,52,0,97168.21,1,1,0,63347.84,1
6289,15606288,Lee,741,Spain,Male,48,5,142555.17,1,0,0,138038.21,0
6290,15606289,Johnson,772,France,Male,38,2,0.0,1,1,0,80589.21,0
6291,15606290,Thomas,671,France,Male,51,9,100240.09,1,0,1,65449.51,0
6292,15606291,Hernandez,728,France,Male,49,9,90551.95,2,0,0,157896.77,1
6293,15606292,Harris,651,Spain,Female,51,2,0.0,1,1,0,41773.95,0
6294,15606293,White,644,France,Female,47,8,223.91,2,1,0,616.95,1
6295,15606294,Smith,586,Spain,Male,61,6,211989.51,2,1,0,155741.47,0
6296,15606295,Thompson,666,Spain,Male,65,1,67407.47,1,1,0,182992.75,0
6297,15606296,Harris,831,France,Male,39,5,34146.17,2,1,1,79816.21,0
6298,15606297,Williams,563,France,Female,60,3,0.0,2,1,0,77541.03,0
6299,15606298,Harris,709,Germany,Male,66,9,84354.01,1,1,1,194958.48,1
6300,15606299,Thomas,680,France,Female,85,10,107465.0,2,1,0,39240.38,1
6301,15606300,Lewis,791,Spain,Male,54,6,71211.93,2,1,0,151613.34,0
6302,15606301,Harris,809,France,Female,47,3,0.0,1,1,1,14791.61,0
6303,15606302,Johnson,561,France,Male,62,6,100485.56,1,1,1,193657.97,0
6304,15606303,Jones,594,Spain,Male,47,5,96385.34,1,1,1,144032.34,0
6305,15606304,Gonzalez,600,France,Female,67,7,0.0,2,1,0,29857.44,0
6306,15606305,Hernandez,603,France,Female,51,6,163472.64,2,0,1,141231.81,0
6307,15606306,Garcia,611,France,Male,44,8,0.0,2,1,0,173742.25,0
6308,15606307,Sanchez,683,France,Male,53,3,0.0,1,1,0,28708.55,1
6309,15606308,Lee,568,Germany,Male,49,8,37102.45,2,0,1,159493.87,1
6310,15606309,Anderson,581,Spain,Male,48,4,135463.89,2,0,0,191848.51,0
6311,15606310,Perez,574,France,Female,34,10,225197.48,1,1,0,184652.09,0
6312,15606311,Clark,697,Germany,Female,66,8,0.0,1,1,0,77313.31,0
6313,15606312,Lee,643,Germany,Male,65,10,0.0,2,1,0,136599.17,1
6314,15606313,Thompson,626,France,Male,58,3,0.0,2,1,1,83108.01,0
6315,15606314,Smith,569,France,Male,59,2,0.0,2,1,1,19609.42,0
6316,15606315,Davis,496,Spain,Male,42,6,43928.48,2,1,0,55294.65,0
6317,15606316,Anderson,806,Germany,Male,31,3,0.0,1,0,0,94881.63,0
6318,15606317,Johnson,622,Germany,Female,54,4,0.0,1,1,0,134036.4,1
6319,15606318,Lee,850,Germany,Male,50,2,0.0,2,0,1,47175.13,0
6320,15606319,Anderson,724,France,Female,54,5,0.0,1,0,1,134087.98,0
6321,15606320,Thompson,825,Germany,Female,29,3,193138.63,1,1,1,198810.66,1
6322,15606321,Johnson,745,Germany,Female,60,0,169156.16,1,1,0,102226.43,1
6323,15606322,Jackson,665,Germany,Female,42,1,33934.92,1,0,0,145101.74,1
6324,15606323,Smith,592,France,Female,28,7,0.0,2,1,0,157239.19,0
6325,15606324,Perez,556,France,Female,40,3,62108.2,2,1,0,46669.31,0
6326,15606325,Wilson,757,France,Male,77,9,0.0,4,0,0,11764.81,1
6327,15606326,Williams,675,Spain,Male,72,1,168374.21,1,0,1,120127.92,0
6328,15606327,White,709,France,Male,34,3,198448.9,2,1,0,90611.55,0
6329,15606328,Taylor,728,France,Female,44,6,0.0,1,1,0,166486.9,0
6330,15606329,Harris,684,France,Female,48,10,114070.77,1,0,1,117067.25,0
6331,15606330,Lewis,604,France,Male,70,1,80019.32,1,0,1,109163.96,0
6332,15606331,Thompson,747,Germany,Female,62,5,0.0,1,0,1,53340.13,0
6333,15606332,Miller,630,Germany,Female,38,0,54457.09,3,0,1,127051.4,1
6334,15606333,Taylor,658,Germany,Female,53,2,0.0,1,1,0,17262.85,1
6335,15606334,Jones,718,France,Female,48,8,27680.8,1,1,1,77708.78,1
6336,15606335,Davis,644,Germany,Female,49,4,65535.47,2,1,1,190717.76,0
6337,15606336,Taylor,475,France,Male,45,10,0.0,2,1,1,12002.22,0
6338,15606337,Wilson,749,France,Male,48,7,104805.73,1,1,0,191029.73,0
6339,15606338,Rodriguez,770,France,Male,60,0,151440.28,2,0,1,98764.16,0
6340,15606339,Martin,474,France,Male,50,3,28457.25,2,0,1,175583.6,0
6341,15606340,Wilson,549,France,Male,51,2,0.0,1,1,1,131175.16,0
6342,15606341,Clark,844,Germany,Female,62,9,0.0,1,1,0,14239.67,1
6343,15606342,Ramirez,672,Germany,Female,57,8,144328.05,2,1,0,167589.31,1
6344,15606343,Lopez,650,Spain,Female,62,6,0.0,2,1,1,152625.99,1
6345,15606344,Ramirez,609,France,Male,42,2,0.0,1,0,1,175427.1,0
6346,15606345,Taylor,551,France,Male,52,0,176099.14,1,1,1,125695.7,0
6347,15606346,Perez,631,France,Male,52,4,0.0,2,0,0,76195.35,0
6348,15606347,Johnson,743,Spain,Male,50,9,25271.38,2,1,0,184283.68,0
6349,15606348,Robinson,648,Germany,Female,48,2,1075.27,4,1,1,194140.99,1
6350,15606349,Johnson,708,Germany,Male,71,10,130254.12,2,1,1,146776.69,0
6351,15606350,Robinson,819,France,Male,47,1,118593.07,2,1,1,35969.86,1
6352,15606351,Thompson,594,Germany,Female,67,2,208544.59,1,0,1,54693.7,0
6353,15606352,Thompson,679,France,Male,80,4,0.0,1,0,1,155751.56,1
6354,15606353,Thomas,746,Germany,Female,41,4,0.0,1,1,0,42370.17,0
6355,15606354,Perez,560,Spain,Male,38,9,153861.27,2,1,0,53222.66,0
6356,15606355,Rodriguez,667,Spain,Female,33,7,0.0,2,0,0,14504.29,0
6357,15606356,Jackson,829,Germany,Male,66,3,0.0,2,0,0,123105.64,1
6358,15606357,Lee,617,France,Female,67,1,96056.0,2,1,1,80332.38,0
6359,15606358,Thomas,752,Spain,Male,41,7,0.0,1,1,0,45071.57,0
6360,15606359,Hernandez,636,Germany,Female,62,7,0.0,2,1,1,105880.57,1
6361,15606360,Lee,822,France,Male,43,9,0.0,1,1,1,108685.89,0
6362,15606361,Thompson,492,France,Male,52,7,126356.18,1,1,1,37535.12,0
6363,15606362,Robinson,656,France,Female,65,10,147981.96,4,1,0,5215.12,1
6364,15606363,Taylor,508,France,Male,57,0,0.0,2,1,0,175360.1,0
6365,15606364,Robinson,582,France,Male,43,8,283042.9,2,0,0,31469.98,0
6366,15606365,Johnson,582,Germany,Male,53,3,113080.35,1,1,0,169420.57,1
6367,15606366,Robinson,624,France,Female,48,3,203226.27,2,1,0,93891.27,0
6368,15606367,Jackson,535,France,Male,62,7,39355.58,2,0,1,128628.31,1
6369,15606368,Garcia,643,Germany,Male,57,7,99054.99,1,0,1,84958.77,0
6370,15606369,Lopez,694,Spain,Male,56,5,0.0,1,0,0,139773.68,1
6371,15606370,Thompson,502,Germany,Female,42,3,91800.21,1,1,1,54074.24,0
6372,15606371,Miller,589,France,Female,42,2,0.0,1,1,0,44529.24,0
6373,15606372,Martin,850,Spain,Male,54,4,176417.6,1,0,0,84967.22,0
6374,15606373,Lopez,681,Spain,Male,64,7,117027.08,2,0,1,91297.43,0
6375,15606374,Moore,475,France,Male,75,6,0.0,1,1,1,43333.57,0
6376,15606375,Lee,515,France,Male,35,10,0.0,2,1,1,175376.56,0
6377,15606376,Garcia,671,Germany,Male,52,7,0.0,1,0,0,68373.38,1
6378,15606377,Davis,659,Spain,Male,65,10,116670.1,1,0,0,172831.73,0
6379,15606378,Hernandez,593,Spain,Male,60,0,64633.21,1,1,1,87558.03,0
6380,15606379,Thompson,850,Spain,Female,56,10,0.0,1,1,1,72108.37,0
6381,15606380,Anderson,850,Germany,Male,65,3,54311.02,1,1,1,169694.73,1
6382,15606381,Lopez,624,Germany,Female,41,8,142554.0,3,1,1,44247.96,1
6383,15606382,Ramirez,733,France,Male,61,5,105325.4,1,0,0,15183.5,1
6384,15606383,Johnson,738,France,Male,66,9,97085.59,2,0,0,47966.01,0
6385,15606384,Lewis,751,France,Female,40,7,0.0,1,1,0,3363.18,0
6386,15606385,Miller,588,Germany,Male,57,7,85619.77,2,1,0,89009.6,1
6387,15606386,Lewis,836,Germany,Male,62,4,160234.14,2,1,1,133445.03,0
6388,15606387,Thompson,643,Germany,Female,63,10,0.0,1,0,1,72039.55,0
6389,15606388,Jones,690,France,Male,35,7,142555.0,1,0,0,193273.12,0
6390,15606389,Lewis,650,Germany,Male,45,3,0.0,2,0,1,15855.94,0
6391,15606390,Jones,636,France,Male,30,5,226827.92,2,0,0,36591.74,0
6392,15606391,Johnson,676,France,Male,71,6,0.0,2,1,1,59989.11,0
6393,15606392,Perez,536,Spain,Female,48,5,10013.41,1,1,0,45664.99,1
6394,15606393,Thomas,460,Germany,Male,41,5,277880.35,2,0,1,46908.52,0
6395,15606394,Miller,629,Spain,Male,40,7,0.0,2,0,1,33607.78,0
6396,15606395,Lewis,565,France,Male,46,4,210239.26,2,1,1,109092.07,0
6397,15606396,Lewis,702,France,Male,66,7,70886.74,1,0,1,144632.29,1
6398,15606397,Ramirez,691,France,Female,42,8,111492.49,1,1,0,99612.89,0
6399,15606398,Martinez,651,France,Male,74,3,0.0,2,1,0,116345.44,1
6400,15606399,Lee,792,Spain,Female,38,2,77745.33,1,0,1,64605.52,0
6401,15606400,Davis,649,Germany,Female,87,4,40174.38,1,1,1,62675.06,1
6402,15606401,Lopez,510,Spain,Female,46,9,0.0,1,0,1,172727.44,1
6403,15606402,Sanchez,628,France,Male,74,9,0.0,1,1,1,105864.22,0
6404,15606403,Martin,762,Spain,Male,71,4,174087.96,2,1,1,65434.4,1
6405,15606404,Jones,469,France,Female,71,6,0.0,1,0,0,154176.07,1
6406,15606405,Brown,640,Spain,Female,51,2,57134.43,1,1,0,100220.84,0
6407,15606406,Rodriguez,705,France,Male,39,10,148415.35,1,0,1,12796.25,0
6408,15606407,Martinez,850,France,Male,55,9,0.0,1,1,0,58718.14,0
6409,15606408,Lopez,765,Germany,Male,43,8,121664.21,1,1,0,191582.55,0
6410,15606409,Jackson,662,Spain,Female,35,5,69178.78,3,0,1,105482.11,1
6411,15606410,Smith,699,France,Male,71,9,0.0,1,1,1,165332.61,0
6412,15606411,Wilson,467,France,Female,54,8,181486.52,1,1,1,43731.47,1
6413,15606412,Jones,549,Spain,Female,53,0,0.0,2,0,1,162965.95,0
6414,15606413,Hernandez,712,France,Female,44,1,63714.98,2,0,1,161154.2,0
6415,15606414,Jones,665,France,Female,47,9,53153.95,1,0,1,52863.96,0
6416,15606415,Robinson,677,France,Male,59,1,184477.37,1,0,0,127134.33,0
6417,15606416,Clark,653,France,Female,57,10,76911.64,2,1,1,69350.63,0
6418,15606417,Harris,649,Spain,Female,62,7,0.0,2,1,0,79397.37,0
6419,15606418,Thomas,659,Spain,Female,63,3,0.0,1,1,1,155892.34,0
6420,15606419,Robinson,548,Germany,Male,65,6,73161.34,2,0,0,121644.83,1
6421,15606420,Hernandez,628,Spain,Female,40,3,156812.66,2,1,1,32791.45,0
6422,15606421,Wilson,530,France,Male,58,3,0.0,1,1,0,150770.79,0
6423,15606422,Gonzalez,590,France,Male,57,7,65792.92,1,1,1,63687.85,0
6424,15606423,Harris,764,France,Female,38,10,105944.93,2,0,0,183040.45,0
6425,15606424,Anderson,632,France,Male,58,9,48139.77,3,1,1,52263.9,0
6426,15606425,Lee,707,France,Female,71,3,0.0,2,1,1,183036.69,1
6427,15606426,Anderson,661,Spain,Male,59,2,0.0,1,0,1,55916.54,0
6428,15606427,Johnson,613,Spain,Female,38,10,161686.38,1,1,0,161379.75,0
6429,15606428,Martinez,553,France,Male,43,9,137650.42,1,1,1,50428.08,0
6430,15606429,Hernandez,611,Germany,Female,56,8,20821.47,1,1,0,196047.42,1
6431,15606430,Smith,667,Germany,Male,42,2,0.0,2,1,1,178035.53,0
6432,15606431,Perez,705,Spain,Female,60,4,34844.34,1,0,0,31542.3,0
6433,15606432,Smith,661,Spain,Female,53,10,56030.0,1,1,1,119842.01,0
6434,15606433,Lopez,712,Germany,Male,64,0,0.0,1,1,1,50749.05,0
6435,15606434,Williams,504,Spain,Male,49,8,121944.75,2,1,0,55973.24,0
6436,15606435,Harris,733,Germany,Female,56,5,120959.81,1,1,0,153837.18,1
6437,15606436,Perez,541,Germany,Female,45,4,0.0,1,1,1,14019.9,0
6438,15606437,Wilson,744,France,Female,82,3,20909.27,2,1,0,130365.92,1
6439,15606438,Martinez,698,France,Female,52,7,72058.64,1,1,1,105945.48,0
6440,15606439,Sanchez,470,Germany,Male,40,10,119837.28,2,1,0,161222.91,1
6441,15606440,Gonzalez,720,France,Male,67,1,99163.43,1,1,0,12927.92,0
6442,15606441,Garcia,745,France,Male,49,9,0.0,2,1,1,63841.33,0
6443,15606442,Johnson,770,Germany,Male,66,4,133709.66,2,1,0,39030.47,1
6444,15606443,Rodriguez,576,France,Female,49,7,0.0,2,1,0,123886.94,0
6445,15606444,Martin,667,Germany,Male,33,0,133804.02,1,1,1,139959.38,0
6446,15606445,Rodriguez,716,Germany,Female,42,2,0.0,1,1,1,1217.78,0
6447,15606446,Martin,720,Spain,Female,52,6,0.0,1,1,1,117400.73,0
6448,15606447,Hernandez,689,France,Female,39,10,133645.79,2,1,1,77420.09,0
6449,15606448,Brown,609,France,Female,48,10,0.0,2,0,1,157156.62,0
6450,15606449,Garcia,744,Germany,Male,64,9,0.0,1,1,0,119121.71,1
6451,15606450,Clark,745,Spain,Female,58,4,0.0,1,1,0,109511.17,0
6452,15606451,Miller,635,Spain,Male,54,9,0.0,2,1,1,147362.13,0
6453,15606452,Lewis,574,France,Male,49,8,226061.0,1,1,0,134702.8,0
6454,15606453,Garcia,580,France,Female,72,0,177454.48,2,1,1,111739.57,0
6455,15606454,Thomas,781,Spain,Male,54,10,0.0,4,1,1,89738.54,1
6456,15606455,Davis,741,France,Female,45,6,0.0,2,1,1,144279.27,0
6457,15606456,Thomas,648,Germany,Female,63,9,36222.91,1,1,1,170072.72,1
6458,15606457,Miller,630,France,Female,59,5,74578.43,2,0,1,68208.25,0
6459,15606458,Johnson,480,France,Male,43,9,101295.95,2,1,0,186980.36,1
6460,15606459,Miller,641,France,Female,69,3,68278.97,2,1,1,172477.7,0
6461,15606460,Williams,535,France,Male,55,10,0.0,1,1,1,92077.42,0
6462,15606461,Lopez,665,Germany,Female,56,10,95962.79,1,1,1,5080.37,1
6463,15606462,Hernandez,763,Spain,Male,70,9,0.0,2,1,1,188747.77,0
6464,15606463,Brown,555,France,Female,38,9,9186.17,2,0,1,91902.99,0
6465,15606464,Perez,672,Spain,Male,44,5,127208.06,2,0,1,105192.46,0
6466,15606465,Lee,745,France,Male,70,9,77271.1,4,0,0,159434.61,1
6467,15606466,Moore,671,Germany,Male,43,10,127925.04,1,1,1,43304.28,1
6468,15606467,Anderson,599,France,Male,53,8,207272.09,2,1,0,39004.03,1
6469,15606468,Wilson,650,Spain,Female,73,8,0.0,1,1,0,151455.17,1
6470,15606469,Taylor,741,Spain,Male,41,1,0.0,2,1,0,63781.42,0
6471,15606470,Ramirez,675,Germany,Male,34,8,0.0,2,0,1,124598.7,0
6472,15606471,Robinson,649,Spain,Female,40,1,0.0,1,1,1,95606.12,0
6473,15606472,Moore,760,Germany,Male,52,5,131747.6,1,1,1,29431.43,0
6474,15606473,Smith,699,Spain,Male,50,6,54592.58,2,1,1,192451.48,0
6475,15606474,Ramirez,534,Germany,Female,48,8,145669.02,2,1,0,73710.41,1
6476,15606475,Jackson,710,Spain,Male,47,10,47590.67,2,0,0,64435.33,0
6477,15606476,Johnson,741,Germany,Male,43,5,92668.39,2,1,1,184692.0,0
6478,15606477,Anderson,531,France,Male,48,7,128283.94,1,1,1,39797.31,0
6479,15606478,Anderson,432,Germany,Male,57,9,0.0,2,0,1,2947.79,0
6480,15606479,Martin,549,France,Male,62,2,163165.75,2,1,1,75813.68,0
6481,15606480,Jones,640,Germany,Male,59,9,174582.98,2,1,0,162166.11,1
6482,15606481,Ramirez,746,France,Female,48,5,142307.3,2,1,1,5461.69,0
6483,15606482,Brown,564,Germany,Male,50,1,0.0,2,1,1,167530.12,0
6484,15606483,Thomas,703,France,Male,64,0,100556.11,2,1,1,45184.81,0
6485,15606484,Moore,372,France,Male,64,5,28438.03,2,1,0,142682.31,1
6486,15606485,Gonzalez,667,France,Female,80,2,0.0,2,0,0,91202.0,0
6487,15606486,Jackson,610,Spain,Female,49,10,0.0,1,1,0,22070.17,0
6488,15606487,Miller,850,France,Male,39,4,0.0,1,1,1,90051.09,0
6489,15606488,Lee,468,France,Female,53,5,0.0,4,1,0,48372.95,1
6490,15606489,Moore,648,Germany,Male,60,9,60520.25,1,1,1,57885.2,0
6491,15606490,Martinez,467,Germany,Male,65,5,98724.74,2,1,0,159516.85,1
6492,15606491,Robinson,597,France,Male,46,9,0.0,2,0,1,171547.47,0
6493,15606492,Miller,486,France,Male,55,6,131107.47,3,1,1,114228.86,0
6494,15606493,Williams,850,France,Male,61,6,67875.37,2,0,1,174770.4,0
6495,15606494,Thompson,615,Spain,Male,52,10,85399.93,1,1,0,136724.55,1
6496,15606495,Garcia,629,France,Male,50,5,72633.54,2,1,0,53297.69,0
6497,15606496,Clark,645,France,Male,92,0,202101.39,1,1,1,170821.16,1
6498,15606497,Garcia,541,France,Male,58,7,2929.27,1,1,1,23607.1,1
6499,15606498,Clark,751,France,Male,33,9,0.0,2,1,0,87927.22,0
6500,15606499,Robinson,711,Spain,Female,33,3,0.0,1,0,1,83369.97,0
6501,15606500,Anderson,738,France,Male,49,0,0.0,1,0,0,105901.35,1
6502,15606501,Robinson,533,France,Female,83,9,0.0,1,0,0,149231.86,1
6503,15606502,Anderson,758,France,Female,57,1,0.0,1,0,0,24800.0,1
6504,15606503,Johnson,747,France,Male,84,2,0.0,3,1,1,143085.86,1
6505,15606504,Williams,627,France,Male,54,5,23656.77,1,1,0,92361.75,0
6506,15606505,Martinez,735,Spain,Male,69,1,50795.99,1,1,1,53767.76,0
6507,15606506,Clark,676,Spain,Female,47,1,172814.23,1,1,0,161741.21,0
6508,15606507,Robinson,496,Spain,Male,49,5,0.0,1,0,0,99846.03,1
6509,15606508,Martin,632,Spain,Male,45,3,29982.77,1,0,1,159311.29,0
6510,15606509,Martinez,603,Germany,Male,67,4,0.0,1,1,1,52268.82,0
6511,15606510,Taylor,658,France,Female,43,10,0.0,1,0,1,168450.6,0
6512,15606511,Brown,748,Spain,Male,36,7,22928.73,2,0,1,24512.93,0
6513,15606512,Garcia,492,Spain,Female,39,2,0.0,1,1,1,199272.66,0
6514,15606513,Brown,607,Spain,Male,65,4,0.0,1,1,0,150907.05,1
6515,15606514,White,571,Germany,Female,42,0,149942.77,2,0,1,131915.57,0
6516,15606515,White,575,France,Female,63,9,0.0,1,0,1,68276.19,0
6517,15606516,White,570,Spain,Male,50,3,75918.75,1,1,0,129963.8,1
6518,15606517,Thomas,656,Germany,Female,92,4,0.0,2,1,1,180272.36,1
6519,15606518,Garcia,700,Spain,Female,80,3,82044.8,1,0,1,45656.47,1
6520,15606519,Rodriguez,683,France,Male,92,8,124272.44,1,1,0,76697.73,1
6521,15606520,Johnson,667,France,Male,41,7,91189.64,1,1,0,23597.77,0
6522,15606521,Martinez,709,France,Female,52,10,0.0,2,1,1,125368.14,0
6523,15606522,Lopez,850,Spain,Female,35,1,145036.89,1,1,1,80319.97,0
6524,15606523,Jackson,663,France,Female,58,8,128366.67,2,1,1,163906.45,0
6525,15606524,Taylor,748,France,Female,42,1,48434.25,1,1,0,24362.68,1
6526,15606525,Harris,742,Spain,Female,53,5,0.0,2,1,1,27397.35,0
6527,15606526,Martinez,820,France,Male,32,1,17432.17,2,1,0,64498.3,0
6528,15606527,Taylor,703,Spain,Female,32,5,117985.44,2,0,1,64040.45,0
6529,15606528,Williams,568,France,Male,43,5,113911.29,3,1,1,140429.0,1
6530,15606529,Lee,679,Spain,Female,45,10,103471.96,1,1,0,76877.58,0
6531,15606530,Lopez,674,Germany,Female,72,6,178322.98,1,0,0,110237.53,1
6532,15606531,Jones,728,Spain,Female,48,9,47529.73,2,0,0,110565.02,0
6533,15606532,Robinson,566,Spain,Male,60,4,112398.97,2,0,1,46829.8,0
6534,15606533,Hernandez,771,France,Male,35,2,60882.51,2,1,1,184691.79,0
6535,15606534,Hernandez,650,France,Male,56,1,133653.58,1,1,0,42278.81,1
6536,15606535,Thomas,730,France,Female,55,3,0.0,1,1,1,137083.97,0
6537,15606536,Hernandez,679,Germany,Female,62,0,66110.77,1,1,0,92393.95,1
6538,15606537,Perez,661,Spain,Male,55,10,60356.62,1,1,0,109988.52,0
6539,15606538,Lopez,672,France,Female,82,1,0.0,2,0,1,139380.18,1
6540,15606539,Martinez,714,Germany,Female,48,7,0.0,1,1,1,191787.32,0
6541,15606540,White,838,France,Male,43,4,34282.9,2,0,1,268.09,0
6542,15606541,Brown,456,Spain,Male,63,4,0.0,2,0,0,144068.49,1
6543,15606542,Lee,701,Spain,Female,56,2,106485.65,2,0,0,31695.38,0
6544,15606543,Gonzalez,654,France,Female,43,10,11490.92,3,1,0,155020.36,1
6545,15606544,Hernandez,632,France,Female,60,0,201121.05,2,1,1,177673.03,0
6546,15606545,Johnson,423,France,Male,68,5,0.0,2,1,0,107368.97,0
6547,15606546,Smith,705,Germany,Female,57,0,157645.41,2,1,0,93657.15,1
6548,15606547,Williams,638,Germany,Male,55,3,186780.83,2,1,1,9447.99,1
6549,15606548,Garcia,569,France,Male,38,3,133394.4,1,0,0,169418.0,0
6550,15606549,Moore,654,France,Male,48,10,15852.57,2,1,0,183138.27,0
6551,15606550,Rodriguez,621,France,Male,42,2,220273.03,1,1,1,143672.07,0
6552,15606551,Thompson,482,Germany,Male,60,3,153406.62,2,0,1,48300.62,1
6553,15606552,Harris,658,Germany,Male,92,5,0.0,1,1,1,48632.54,1
6554,15606553,Ramirez,705,France,Female,38,5,46695.09,1,1,1,179232.79,0
6555,15606554,Garcia,597,Spain,Female,39,10,77399.91,2,1,1,10352.54,0
6556,15606555,Martinez,675,Germany,Male,41,5,0.0,2,1,0,16642.71,0
6557,15606556,Perez,660,France,Female,44,5,0.0,1,0,1,122704.26,0
6558,15606557,Jackson,750,France,Male,40,3,0.0,2,1,1,100692.39,0
6559,15606558,Perez,640,Spain,Female,48,10,142507.52,1,1,1,6878.03,0
6560,15606559,Ramirez,726,Spain,Female,49,6,0.0,2,1,1,178102.28,0
6561,15606560,Thomas,619,France,Male,65,6,90841.57,4,0,0,62375.31,1
6562,15606561,Perez,838,France,Female,43,1,0.0,1,1,0,53110.23,0
6563,15606562,Thomas,608,France,Female,44,5,162947.51,2,1,0,177628.34,0
6564,15606563,Rodriguez,584,Germany,Male,59,4,33686.14,2,0,1,126144.7,1
6565,15606564,Moore,640,France,Female,62,9,0.0,1,0,0,80273.31,0
6566,15606565,Thomas,580,France,Female,54,0,102859.58,2,1,0,83745.46,0
6567,15606566,Garcia,530,Germany,Male,59,2,0.0,2,0,1,100031.17,0
6568,15606567,Perez,719,Germany,Female,35,8,28233.96,1,0,0,93922.5,1
6569,15606568,Rodriguez,355,France,Female,64,10,18098.55,2,0,0,15829.52,1
6570,15606569,Gonzalez,581,France,Male,28,8,61397.58,2,1,1,187977.83,0
6571,15606570,Harris,521,Germany,Male,52,9,0.0,2,1,0,35966.13,1
6572,15606571,Harris,663,France,Male,60,8,106697.12,2,0,1,15043.82,0
6573,15606572,Moore,439,France,Female,55,10,0.0,4,0,1,15883.23,1
6574,15606573,Jackson,702,Spain,Female,47,9,205750.33,1,1,1,125163.31,0
6575,15606574,Martinez,712,France,Male,57,4,24182.96,1,1,1,176055.64,0
6576,15606575,Anderson,493,Germany,Female,46,5,3832.14,2,1,1,135547.11,0
6577,15606576,Thomas,668,Spain,Female,86,8,171594.05,2,1,0,70441.71,1
6578,15606577,Harris,699,France,Female,37,3,0.0,1,1,1,106601.5,0
6579,15606578,Jones,740,France,Male,63,10,51045.48,2,1,1,52862.19,1
6580,15606579,Moore,508,Germany,Male,56,3,116981.16,2,1,1,21512.14,0
6581,15606580,Jones,495,Spain,Female,52,8,189430.43,1,1,0,18109.03,0
6582,15606581,Brown,794,Spain,Male,44,6,120029.26,2,1,0,137639.58,0
6583,15606582,Perez,571,Germany,Female,57,5,158605.23,2,1,1,84364.03,0
6584,15606583,Jones,599,France,Female,52,9,0.0,2,1,1,125596.79,0
6585,15606584,Jones,710,Germany,Male,37,5,124797.83,3,0,1,134928.72,1
6586,15606585,Gonzalez,537,France,Female,60,4,81096.62,2,0,0,191470.64,0
6587,15606586,Davis,624,France,Male,57,10,0.0,2,1,1,71414.11,0
6588,15606587,Martin,735,France,Male,42,3,85344.6,2,1,0,39725.96,0
6589,15606588,Thomas,513,France,Male,66,2,15983.66,2,0,1,25856.69,0
6590,15606589,Johnson,601,Spain,Male,65,6,0.0,1,0,0,3761.88,1
6591,15606590,Jackson,541,France,Male,40,4,154989.02,1,1,1,30514.42,0
6592,15606591,Sanchez,575,France,Female,57,1,65221.08,1,1,0,138328.19,0
6593,15606592,Davis,763,France,Female,62,2,172839.82,2,1,0,85843.2,1
6594,15606593,Anderson,784,Spain,Male,38,4,0.0,2,1,1,174970.62,0
6595,15606594,Martinez,674,Germany,Female,34,8,188408.15,2,0,0,2617.91,1
6596,15606595,Anderson,701,France,Male,49,5,97347.3,1,0,1,186187.79,0
6597,15606596,Harris,698,France,Male,46,10,0.0,1,0,1,10330.58,0
6598,15606597,Anderson,585,France,Female,51,1,0.0,2,1,1,196240.32,0
6599,15606598,Jackson,672,Spain,Female,76,7,108491.85,1,1,1,20823.52,0
6600,15606599,Rodriguez,525,Germany,Female,63,5,91823.22,2,0,1,41411.05,1
6601,15606600,Jackson,557,Germany,Male,44,5,25539.84,1,0,1,144710.89,0
6602,15606601,Jones,641,Germany,Female,54,7,130128.09,1,1,0,77537.47,0
6603,15606602,Williams,548,France,Female,53,6,0.0,1,1,1,186875.31,0
6604,15606603,Sanchez,527,Spain,Female,65,4,191220.62,1,1,0,22522.66,1
6605,15606604,Martin,581,Germany,Male,63,10,0.0,2,0,0,146830.25,1
6606,15606605,Brown,760,France,Female,51,8,0.0,2,0,1,108561.02,0
6607,15606606,Sanchez,799,France,Female,60,0,195144.82,1,0,0,171625.34,0
6608,15606607,Hernandez,646,Germany,Female,68,3,49380.04,2,0,1,22485.35,0
6609,15606608,Miller,705,Spain,Male,61,9,102292.11,2,0,1,180684.85,0
6610,15606609,Jones,595,France,Male,44,10,0.0,2,1,1,7170.04,0
6611,15606610,Martin,451,Spain,Male,45,8,0.0,2,1,0,176445.15,0
6612,15606611,Perez,564,Spain,Male,37,1,123176.0,2,0,0,191042.54,0
6613,15606612,Sanchez,620,France,Male,44,2,38090.44,2,1,1,19417.96,0
6614,15606613,Clark,663,France,Male,45,2,54204.64,2,0,1,72639.31,0
6615,15606614,Jackson,640,France,Female,32,5,0.0,2,1,0,172721.96,0
6616,15606615,Thompson,622,Germany,Male,41,2,192555.35,2,1,0,69100.15,1
6617,15606616,Jones,594,France,Male,39,2,0.0,2,1,1,47516.12,0
6618,15606617,Jackson,683,France,Male,80,4,11117.81,2,1,0,38367.23,0
6619,15606618,Williams,519,Germany,Male,31,2,0.0,1,0,1,126857.19,0
6620,15606619,Lopez,726,Germany,Female,47,4,39659.49,2,1,0,34236.99,1
6621,15606620,Jackson,593,France,Female,53,2,0.0,1,1,1,28216.31,0
6622,15606621,Gonzalez,848,France,Female,44,1,165508.59,2,1,1,31105.9,0
6623,15606622,Brown,619,France,Male,73,7,0.0,2,1,1,133474.99,0
6624,15606623,Thompson,603,Germany,Female,41,2,0.0,2,1,1,164950.58,0
6625,15606624,Smith,595,Spain,Male,31,5,72672.9,1,1,1,170666.41,0
6626,15606625,Lee,604,France,Female,51,10,79280.05,2,1,0,152863.17,0
6627,15606626,Thompson,708,Spain,Male,62,1,0.0,2,0,0,67394.42,0
6628,15606627,Martin,645,Germany,Female,47,0,0.0,1,1,1,11546.96,0
6629,15606628,Sanchez,744,Germany,Female,48,7,0.0,2,0,0,134195.64,0
6630,15606629,Moore,694,Germany,Male,80,2,31364.6,1,1,1,165297.32,0
6631,15606630,Ramirez,653,France,Male,63,1,0.0,2,1,0,150328.57,1
6632,15606631,Ramirez,685,France,Female,55,1,85019.53,1,1,1,170373.69,0
6633,15606632,Clark,764,Germany,Male,51,4,91014.76,2,1,1,121394.75,0
6634,15606633,White,713,Germany,Male,33,5,0.0,1,1,0,165205.59,1
6635,15606634,Smith,676,Germany,Male,69,10,95753.68,1,0,1,113901.73,0
6636,15606635,Garcia,690,France,Male,52,1,82869.88,2,1,0,3520.19,0
6637,15606636,Perez,539,Spain,Female,38,5,180262.75,2,1,1,47089.92,0
6638,15606637,Brown,850,Germany,Male,59,0,998.07,1,1,0,103691.45,0
6639,15606638,Brown,700,France,Male,64,8,236009.15,1,0,1,25328.24,0
6640,15606639,Taylor,710,France,Female,48,3,115204.67,2,0,0,123640.06,0
6641,15606640,Thompson,647,Spain,Female,45,4,0.0,2,1,0,7425.02,0
6642,15606641,Martinez,429,Spain,Male,50,2,79324.88,2,1,0,84769.45,0
6643,15606642,Clark,624,France,Female,43,5,0.0,2,1,0,143045.11,0
6644,15606643,Anderson,657,Spain,Male,40,0,47756.89,2,1,1,33102.43,0
6645,15606644,Williams,571,France,Male,51,6,0.0,2,1,0,115661.77,0
6646,15606645,Lewis,570,France,Female,63,7,241548.36,1,1,0,100721.14,1
6647,15606646,Garcia,617,Spain,Female,78,2,86937.09,1,0,0,148487.65,1
6648,15606647,Ramirez,724,Spain,Male,52,1,91233.44,2,1,0,166148.89,0
6649,15606648,Williams,770,Germany,Male,74,3,0.0,1,1,1,86831.01,1
6650,15606649,Taylor,666,Spain,Male,40,7,228652.33,3,1,0,198205.78,1
6651,15606650,Brown,595,France,Male,62,10,123202.79,1,1,0,24850.37,1
6652,15606651,Miller,615,Spain,Male,47,7,0.0,2,1,1,183567.94,0
6653,15606652,Lopez,659,France,Male,86,10,48025.74,2,1,1,95610.79,0
6654,15606653,Harris,670,France,Female,44,7,23546.26,2,1,0,173896.72,0
6655,15606654,Ramirez,691,France,Female,55,1,102602.07,2,1,0,155287.22,0
6656,15606655,Jackson,607,France,Male,36,3,0.0,2,1,1,101457.67,0
6657,15606656,Ramirez,700,France,Female,46,9,63293.82,2,1,1,119532.92,0
6658,15606657,Brown,693,France,Male,65,0,166928.67,1,1,0,55859.18,0
6659,15606658,Johnson,612,France,Male,62,10,0.0,1,0,1,115156.94,0
6660,15606659,Clark,484,France,Male,55,6,98509.71,1,1,1,96597.35,0
6661,15606660,Perez,565,Germany,Female,62,9,58960.09,1,1,1,50156.62,0
6662,15606661,Jones,800,France,Male,50,5,96780.54,2,1,0,50073.87,0
6663,15606662,Williams,487,France,Female,76,10,0.0,2,1,0,48567.42,0
6664,15606663,Hernandez,776,Germany,Female,36,6,0.0,1,1,1,134981.42,0
6665,15606664,Jackson,484,Spain,Male,54,9,170405.68,2,0,0,86008.32,0
6666,15606665,Wilson,575,Spain,Male,37,4,160453.96,2,0,0,162811.96,0
6667,15606666,Taylor,614,France,Female,41,5,0.0,1,1,0,128995.07,0
6668,15606667,Robinson,821,Germany,Female,46,5,0.0,2,0,0,89831.01,1
6669,15606668,Johnson,652,France,Female,48,5,172415.46,1,1,0,131277.99,0
6670,15606669,Garcia,629,France,Male,51,8,0.0,1,1,1,166126.3,0
6671,15606670,Wilson,560,France,Female,51,3,99122.01,2,1,0,178584.61,0
6672,15606671,Wilson,700,Spain,Male,45,1,0.0,2,0,0,77765.59,0
6673,15606672,Lee,600,France,Female,52,8,40713.08,1,0,0,122117.23,1
6674,15606673,Wilson,628,France,Female,39,9,101464.81,1,1,1,81901.85,0
6675,15606674,Brown,615,France,Female,63,6,97591.47,2,1,0,160822.25,0
6676,15606675,Jackson,719,Spain,Male,60,4,165951.11,2,1,0,1830.8,0
6677,15606676,Brown,723,Germany,Female,75,5,99216.39,2,0,0,63443.34,1
6678,15606677,Moore,564,France,Male,57,10,75465.04,2,0,1,164436.77,0
6679,15606678,Moore,589,Germany,Male,59,6,58445.87,1,1,1,96249.6,1
6680,15606679,Thompson,580,Germany,Male,59,4,0.0,1,1,1,174209.95,0
6681,15606680,Jackson,667,Germany,Female,43,4,0.0,3,1,1,152269.49,1
6682,15606681,Ramirez,737,France,Female,54,5,0.0,2,1,1,131960.41,0
6683,15606682,Lopez,668,Spain,Male,47,7,0.0,1,1,1,22698.85,0
6684,15606683,Smith,439,France,Female,55,1,0.0,2,1,1,2687.02,1
6685,15606684,Jackson,722,Germany,Male,58,10,0.0,2,1,0,90322.51,1
6686,15606685,Robinson,520,France,Male,61,9,31988.38,1,1,1,17023.14,1
6687,15606686,Lee,581,France,Male,59,8,124079.72,2,0,0,135326.28,0
6688,15606687,Williams,669,France,Female,59,9,0.0,1,1,0,138472.4,1
6689,15606688,Jones,641,Germany,Male,48,4,148053.5,1,1,0,162100.31,1
6690,15606689,Lee,733,France,Male,92,3,208063.45,1,1,0,25327.02,0
6691,15606690,Miller,591,Spain,Female,58,7,70480.65,2,1,0,1399.46,1
6692,15606691,Miller,557,France,Male,52,3,0.0,2,1,0,18820.45,0
6693,15606692,Lopez,620,Germany,Female,68,1,98424.11,2,1,1,83931.66,1
6694,15606693,Jones,743,Spain,Male,49,4,96646.39,1,1,1,13107.57,0
6695,15606694,Miller,710,Germany,Female,37,4,105913.05,1,1,0,70456.34,1
6696,15606695,Lee,658,Germany,Female,44,3,0.0,1,1,1,97863.12,0
6697,15606696,Perez,777,Germany,Female,40,2,0.0,1,1,0,162826.2,0
6698,15606697,Smith,759,France,Male,56,10,71023.92,2,1,1,13798.56,0
6699,15606698,Anderson,725,Spain,Female,63,4,0.0,2,1,1,193186.54,0
6700,15606699,Gonzalez,536,France,Male,39,8,98487.26,1,0,0,115886.11,0
6701,15606700,Johnson,725,Germany,Female,60,8,0.0,1,1,0,182705.45,1
6702,15606701,White,630,Germany,Male,58,8,135476.01,1,0,1,157324.4,0
6703,15606702,Lee,612,France,Male,74,5,71264.33,1,1,0,1131.04,1
6704,15606703,Davis,584,France,Female,66,7,0.0,1,1,0,179041.21,0
6705,15606704,Thompson,633,France,Female,44,0,186456.5,1,1,0,168326.68,0
6706,15606705,Perez,589,Spain,Male,48,0,174964.6,1,1,0,197522.21,0
6707,15606706,Johnson,666,Spain,Female,49,6,85021.75,2,0,1,25636.19,0
6708,15606707,Thompson,633,Germany,Female,71,4,0.0,2,1,0,157492.06,0
6709,15606708,Brown,671,Germany,Female,76,1,0.0,1,0,1,7175.58,1
6710,15606709,Hernandez,703,Spain,Male,58,3,122240.37,1,1,1,161144.38,0
6711,15606710,Martinez,621,France,Female,38,3,20217.06,2,0,0,77689.42,0
6712,15606711,Garcia,579,France,Male,50,5,115505.54,1,1,0,188300.07,0
6713,15606712,Martin,457,Germany,Male,84,7,91829.38,1,1,1,48618.32,1
6714,15606713,Jones,723,Spain,Female,53,2,81834.2,1,1,0,116659.39,0
6715,15606714,Jones,657,Spain,Female,29,6,83209.09,1,0,1,54477.77,0
6716,15606715,Perez,633,France,Female,52,1,0.0,1,1,1,180772.68,1
6717,15606716,Johnson,762,France,Male,69,8,0.0,1,0,0,139951.14,1
6718,15606717,Williams,526,France,Male,36,6,172606.96,2,0,0,69269.34,0
6719,15606718,Hernandez,655,France,Male,38,0,0.0,1,1,1,96450.62,0
6720,15606719,Lopez,557,France,Male,71,3,0.0,1,1,0,198193.38,0
6721,15606720,Sanchez,712,Spain,Male,60,1,0.0,1,1,0,79718.78,0
6722,15606721,White,436,France,Male,60,9,121011.85,1,0,1,8398.54,0
6723,15606722,Jackson,727,Spain,Female,34,4,0.0,1,1,0,193675.33,0
6724,15606723,Lopez,723,France,Female,45,8,0.0,3,1,0,194192.51,1
6725,15606724,Jones,561,Germany,Female,58,2,137514.51,2,1,1,126916.27,0
6726,15606725,Wilson,656,France,Female,40,4,0.0,2,0,1,103290.28,0
6727,15606726,Lee,563,France,Male,57,10,0.0,1,1,0,174258.63,0
6728,15606727,Clark,691,France,Male,41,9,0.0,2,1,0,199624.24,0
6729,15606728,Miller,728,Spain,Female,37,1,58332.69,2,1,0,198406.27,0
6730,15606729,Ramirez,553,Spain,Male,92,3,24018.87,1,1,1,148253.79,1
6731,15606730,Johnson,525,France,Female,58,1,131473.93,2,0,0,51267.69,0
6732,15606731,Anderson,755,France,Male,53,7,78453.25,2,1,1,122259.92,0
6733,15606732,Robinson,836,Spain,Male,50,6,106985.89,1,1,0,14526.51,0
6734,15606733,Garcia,697,France,Female,51,6,188030.44,2,1,1,146606.62,0
6735,15606734,Clark,704,France,Female,51,6,118352.29,2,1,1,26683.11,0
6736,15606735,Perez,618,Germany,Female,35,8,22702.65,1,0,1,66227.75,0
6737,15606736,Jones,667,Spain,Male,63,1,76390.25,2,1,0,183303.54,0
6738,15606737,Perez,683,France,Female,70,5,0.0,1,1,0,120995.96,1
6739,15606738,Lewis,632,France,Female,78,3,28985.28,1,1,1,128088.53,1
6740,15606739,Jackson,779,Spain,Male,55,9,0.0,1,1,0,30512.11,0
6741,15606740,Johnson,666,France,Male,37,10,141632.71,1,1,0,148295.34,0
6742,15606741,Thomas,679,France,Female,63,5,24562.76,3,1,0,157050.08,1
6743,15606742,Davis,634,Germany,Female,54,8,0.0,2,0,1,191829.67,0
6744,15606743,Anderson,644,Spain,Female,55,10,0.0,2,1,1,124391.22,0
6745,15606744,Taylor,766,France,Male,42,0,119694.32,1,1,1,178973.56,0
6746,15606745,Sanchez,664,Spain,Male,57,1,113329.46,1,1,1,153855.79,0
6747,15606746,Moore,666,Germany,Female,63,5,0.0,2,1,1,78030.7,0
6748,15606747,Brown,667,France,Male,54,6,52946.49,2,1,1,34407.42,0
6749,15606748,Miller,615,Spain,Female,46,2,0.0,1,0,1,190319.8,0
6750,15606749,Lewis,514,France,Male,47,0,0.0,1,0,1,191333.45,0
6751,15606750,Williams,800,France,Female,55,6,37498.01,1,0,0,50427.61,0
6752,15606751,Davis,752,Germany,Female,47,1,0.0,2,0,0,195451.46,0
6753,15606752,Lee,769,France,Male,40,5,171967.49,1,1,0,113818.77,0
6754,15606753,Miller,547,France,Male,62,3,153759.35,1,1,1,57752.76,0
6755,15606754,Ramirez,788,France,Female,52,9,0.0,2,0,1,173042.75,0
6756,15606755,Taylor,838,France,Female,54,3,0.0,1,1,0,136722.72,0
6757,15606756,Johnson,750,Spain,Male,45,8,44490.22,2,1,1,94208.83,0
6758,15606757,Smith,808,Germany,Female,40,6,141254.57,2,0,1,96887.8,0
6759,15606758,Lewis,726,Spain,Male,43,0,86593.98,2,1,0,189448.14,0
6760,15606759,Martinez,568,France,Male,46,3,24434.82,2,1,0,76377.66,0
6761,15606760,Jackson,698,France,Male,39,9,128284.88,1,0,1,74397.1,0
6762,15606761,Thompson,552,France,Female,47,5,117067.43,1,1,0,75018.78,1
6763,15606762,Martin,592,France,Male,50,1,0.0,2,1,1,188291.15,0
6764,15606763,White,680,France,Male,65,3,115572.43,2,0,1,124060.86,0
6765,15606764,Williams,667,Spain,Female,61,1,97310.77,1,1,1,192816.47,0
6766,15606765,Wilson,694,Spain,Male,60,0,96978.91,2,0,1,146762.56,0
6767,15606766,Sanchez,477,Spain,Male,40,0,0.0,3,1,0,164817.53,1
6768,15606767,Smith,635,France,Male,59,8,160514.51,2,1,1,105045.87,0
6769,15606768,White,702,Spain,Female,40,10,0.0,1,1,0,140019.32,0
6770,15606769,Garcia,721,France,Female,65,8,0.0,2,1,0,57999.76,1
6771,15606770,Brown,728,France,Female,47,3,82460.5,1,1,0,15581.1,0
6772,15606771,Sanchez,674,Spain,Female,40,7,0.0,1,0,0,33042.12,0
6773,15606772,Lewis,613,Germany,Female,58,9,0.0,1,0,0,194515.5,1
6774,15606773,Rodriguez,698,France,Female,60,10,94724.79,2,0,1,13648.2,0
6775,15606774,Brown,621,France,Female,51,6,123087.22,1,0,0,86580.83,0
6776,15606775,Perez,736,France,Male,63,4,74291.88,2,1,1,195188.5,0
6777,15606776,Brown,691,Germany,Female,52,9,52847.81,1,1,1,79979.45,1
6778,15606777,Anderson,644,France,Female,42,1,34820.43,1,1,1,171808.07,0
6779,15606778,Anderson,576,Spain,Male,52,8,0.0,1,1,1,32348.1,0
6780,15606779,White,757,France,Male,53,6,0.0,2,1,1,101959.33,0
6781,15606780,Perez,703,France,Male,51,3,95365.14,1,1,1,76224.69,1
6782,15606781,Robinson,850,France,Male,38,9,185301.19,1,1,1,148401.83,0
6783,15606782,Gonzalez,700,Germany,Male,74,1,135867.36,1,1,0,5336.49,1
6784,15606783,Williams,708,France,Male,84,1,41354.99,2,1,1,153733.74,1
6785,15606784,White,509,Germany,Male,49,2,23088.34,2,0,0,56217.96,1
6786,15606785,Sanchez,679,Spain,Female,50,5,190269.99,2,0,1,158081.37,0
6787,15606786,Johnson,619,Spain,Male,52,0,209225.48,2,1,0,71967.31,0
6788,15606787,Anderson,729,Spain,Female,51,4,0.0,2,1,1,9149.67,0
6789,15606788,Moore,682,Spain,Female,42,9,89228.23,1,1,0,2447.37,1
6790,15606789,Ramirez,744,Germany,Female,62,2,0.0,1,0,1,179248.16,1
6791,15606790,Perez,850,Spain,Female,62,6,207234.41,1,0,0,187072.83,1
6792,15606791,Lewis,573,France,Male,50,6,109178.77,2,1,1,67130.01,0
6793,15606792,Ramirez,740,France,Female,50,9,0.0,1,1,0,84138.91,0
6794,15606793,Wilson,715,France,Female,49,4,0.0,1,1,0,186408.32,0
6795,15606794,Brown,840,France,Male,61,8,385.86,2,1,0,95450.12,0
6796,15606795,Perez,717,France,Male,52,10,0.0,2,0,0,135721.44,0
6797,15606796,Jones,707,Spain,Male,49,9,0.0,2,1,0,101071.48,0
6798,15606797,Miller,731,France,Male,40,7,129032.23,2,1,0,173298.42,0
6799,15606798,Harris,738,France,Male,64,8,0.0,1,1,0,190110.58,1
6800,15606799,Smith,789,Germany,Female,44,10,0.0,1,1,1,145742.93,0
6801,15606800,Taylor,571,France,Male,40,5,0.0,1,0,0,48491.91,0
6802,15606801,Gonzalez,612,France,Female,59,7,74996.77,2,0,0,29420.74,0
6803,15606802,Harris,816,France,Female,52,9,119837.12,1,1,1,6113.15,0
6804,15606803,Clark,461,France,Female,85,1,0.0,2,0,1,136180.44,1
6805,15606804,Sanchez,641,France,Female,39,4,0.0,2,0,1,155728.26,0
6806,15606805,Robinson,664,Spain,Female,45,7,0.0,1,1,0,129156.5,1
6807,15606806,Thompson,633,Germany,Male,59,1,0.0,1,1,0,21615.29,0
6808,15606807,Taylor,801,France,Female,51,1,180585.9,1,1,1,24761.28,0
6809,15606808,Wilson,695,France,Female,54,2,0.0,1,0,1,123073.18,0
6810,15606809,Thompson,612,France,Male,54,1,91404.18,2,0,1,131161.6,0
6811,15606810,Smith,589,Spain,Female,36,3,0.0,2,1,1,48601.51,0
6812,15606811,Moore,677,France,Female,54,3,82257.29,1,0,0,80220.78,0
6813,15606812,Jones,761,France,Female,61,0,90940.02,1,1,1,186669.06,0
6814,15606813,Lewis,663,Spain,Male,43,5,0.0,1,1,0,13652.82,0
6815,15606814,Clark,637,France,Female,43,6,51711.1,1,0,0,44480.33,0
6816,15606815,Garcia,583,France,Male,47,6,0.0,2,1,1,164691.09,0
6817,15606816,Johnson,685,France,Male,39,4,0.0,1,0,0,137197.62,1
6818,15606817,Rodriguez,680,Spain,Male,42,3,139232.12,2,1,0,106872.49,0
6819,15606818,Perez,580,Spain,Male,52,1,0.0,1,1,0,118252.53,0
6820,15606819,Hernandez,748,Germany,Female,68,4,0.0,2,1,0,30529.47,1
6821,15606820,Rodriguez,813,France,Male,46,3,145972.74,1,0,1,129999.67,0
6822,15606821,Sanchez,654,Germany,Male,75,7,71026.56,1,1,1,78984.43,1
6823,15606822,Harris,679,Spain,Male,46,9,152665.88,2,1,0,199282.51,0
6824,15606823,Taylor,543,Spain,Male,62,0,0.0,2,0,0,5394.76,0
6825,15606824,Anderson,720,France,Male,44,6,0.0,2,1,0,189917.52,0
6826,15606825,Hernandez,694,Spain,Male,56,4,63541.98,2,1,1,46883.82,0
6827,15606826,Miller,618,France,Female,73,9,151931.35,2,0,1,66984.87,0
6828,15606827,Perez,578,France,Male,59,4,0.0,1,1,0,12088.28,1
6829,15606828,Rodriguez,827,Germany,Male,50,0,0.0,2,1,0,127113.75,0
6830,15606829,Thompson,686,France,Female,49,8,97681.23,1,1,1,114511.21,0
6831,15606830,Thomas,561,Spain,Female,56,6,80213.64,3,1,0,158630.3,1
6832,15606831,Brown,732,France,Male,60,1,4989.26,2,0,0,97605.8,1
6833,15606832,Garcia,672,Germany,Female,62,10,0.0,1,1,0,134569.12,1
6834,15606833,Miller,655,Spain,Female,53,4,143062.05,1,1,1,190429.79,0
6835,15606834,Anderson,743,Spain,Female,56,7,0.0,2,1,0,82420.81,1
6836,15606835,Brown,399,France,Male,43,10,109897.71,2,1,0,94761.99,0
6837,15606836,Sanchez,476,France,Female,57,6,79718.7,2,1,1,100930.22,0
6838,15606837,Miller,782,Germany,Female,44,1,199849.36,2,1,1,107635.84,0
6839,15606838,Hernandez,637,France,Male,54,6,145537.04,1,1,1,50122.83,0
6840,15606839,Robinson,609,Spain,Female,48,5,47235.12,1,1,0,46123.78,1
6841,15606840,Ramirez,521,Spain,Female,71,7,0.0,2,1,1,77578.95,0
6842,15606841,Brown,668,France,Female,52,8,0.0,2,1,0,172479.48,0
6843,15606842,Lewis,680,France,Female,73,6,139780.64,1,0,1,163985.16,1
6844,15606843,Lee,788,France,Female,51,7,71827.34,1,1,1,8483.73,0
6845,15606844,Miller,685,Spain,Female,76,9,0.0,1,1,1,161417.7,0
6846,15606845,Clark,620,France,Female,58,6,57728.94,1,0,1,58944.66,1
6847,15606846,Rodriguez,688,France,Female,36,6,77428.43,2,0,0,9839.7,0
6848,15606847,Taylor,756,France,Female,48,0,0.0,2,0,0,78801.91,0
6849,15606848,Ramirez,735,Germany,Male,45,4,0.0,1,1,0,19387.09,1
6850,15606849,Ramirez,709,France,Male,40,9,92747.84,1,1,0,48112.7,0
6851,15606850,Martinez,676,France,Female,44,4,0.0,2,1,0,149670.07,0
6852,15606851,Anderson,594,Spain,Male,46,3,0.0,1,1,0,10556.18,0
6853,15606852,Jones,550,Spain,Female,36,0,0.0,1,0,1,88588.69,0
6854,15606853,Clark,535,Spain,Female,37,6,63106.9,1,1,1,40034.75,0
6855,15606854,Lee,687,France,Female,50,7,71820.64,4,1,1,85858.64,1
6856,15606855,Sanchez,697,France,Female,57,4,51258.02,1,1,1,175615.44,0
6857,15606856,Ramirez,755,Germany,Female,86,3,133995.62,2,1,1,162271.15,1
6858,15606857,Harris,703,France,Male,69,8,0.0,2,1,1,82206.67,0
6859,15606858,Jones,750,Spain,Female,49,2,140107.3,1,0,1,31149.34,0
6860,15606859,Ramirez,637,Germany,Male,52,2,134791.88,1,1,0,191930.23,1
6861,15606860,Harris,724,France,Male,59,3,93075.14,2,1,1,97733.62,1
6862,15606861,Gonzalez,553,Spain,Male,50,6,0.0,1,0,1,29442.07,0
6863,15606862,Ramirez,644,Spain,Male,53,1,0.0,2,0,1,49530.37,0
6864,15606863,Miller,474,France,Male,44,7,0.0,1,0,0,165772.98,0
6865,15606864,Wilson,653,Germany,Male,52,1,0.0,1,0,1,42771.85,1
6866,15606865,Perez,767,France,Female,53,3,235487.16,1,0,1,18827.43,0
6867,15606866,Thomas,656,France,Female,40,1,142455.21,1,1,1,61262.65,0
6868,15606867,Lopez,719,France,Male,58,8,58428.34,1,1,0,148687.41,1
6869,15606868,Moore,676,Germany,Male,59,3,131352.87,1,1,1,78789.97,0
6870,15606869,Hernandez,595,Spain,Female,60,4,0.0,1,1,1,37837.75,0
6871,15606870,Jackson,632,Germany,Female,44,8,0.0,2,1,1,179791.15,0
6872,15606871,Moore,763,France,Female,73,1,12830.92,1,1,0,105426.7,0
6873,15606872,Ramirez,718,Germany,Male,48,3,137841.37,1,1,0,191394.35,1
6874,15606873,Lee,590,France,Female,41,5,0.0,1,0,1,189082.49,0
6875,15606874,Martin,516,Spain,Male,71,0,130433.87,1,1,1,121698.72,1
6876,15606875,White,669,France,Female,42,0,51276.33,1,1,0,90788.22,0
6877,15606876,Jones,594,France,Male,55,6,0.0,1,1,0,82960.97,0
6878,15606877,Wilson,632,France,Male,46,5,99221.6,1,1,0,86180.04,0
6879,15606878,Wilson,510,Spain,Male,38,3,0.0,2,1,1,6297.29,0
6880,15606879,Miller,749,France,Male,42,4,84440.65,1,0,1,136522.24,0
6881,15606880,Smith,640,Spain,Male,69,4,114122.34,1,1,0,62593.41,1
6882,15606881,Jackson,655,France,Female,52,8,169341.42,2,0,0,66546.02,0
6883,15606882,Perez,570,France,Female,47,4,37527.18,1,1,1,156932.41,0
6884,15606883,Garcia,623,France,Female,49,1,102547.84,2,1,1,196022.27,0
6885,15606884,Jones,661,Spain,Male,41,6,105168.07,2,0,1,22436.82,0
6886,15606885,Martinez,591,Spain,Male,43,9,4558.39,2,0,0,42756.98,0
6887,15606886,Thompson,629,France,Female,62,8,257233.37,2,1,0,17552.98,0
6888,15606887,Garcia,783,France,Female,54,6,33579.46,1,1,1,158075.0,0
6889,15606888,Wilson,481,France,Male,52,7,0.0,1,1,0,144714.05,1
6890,15606889,White,667,Germany,Male,50,9,0.0,1,1,0,127730.02,1
6891,15606890,Anderson,574,France,Female,37,2,131353.62,1,1,1,38370.51,0
6892,15606891,Williams,778,Spain,Male,51,10,216029.09,1,0,1,108722.57,0
6893,15606892,Smith,632,Spain,Male,62,8,0.0,1,1,0,119876.73,0
6894,15606893,Lee,549,France,Female,45,6,145438.45,2,1,0,190006.57,1
6895,15606894,Sanchez,629,France,Female,51,9,72532.89,2,1,0,135068.04,0
6896,15606895,Rodriguez,683,Spain,Female,33,3,134756.98,1,1,0,173332.83,0
6897,15606896,Miller,850,Spain,Male,68,9,0.0,1,1,0,167563.3,0
6898,15606897,Brown,447,France,Male,73,6,674.66,2,1,0,150832.17,1
6899,15606898,Thompson,534,France,Female,73,2,0.0,1,1,1,73438.04,0
6900,15606899,Taylor,775,France,Female,37,10,45563.42,1,1,1,175628.5,0
6901,15606900,White,505,France,Male,63,9,120631.02,1,0,0,151553.33,1
6902,15606901,Jackson,650,France,Male,31,6,97789.24,2,1,0,145727.88,0
6903,15606902,Clark,603,France,Male,64,2,149060.0,2,1,1,27631.88,0
6904,15606903,Hernandez,588,Germany,Male,51,1,190191.7,1,1,0,185431.45,0
6905,15606904,Thompson,633,France,Female,48,0,0.0,2,0,0,436.01,0
6906,15606905,Johnson,618,France,Female,63,10,0.0,1,1,0,61931.53,0
6907,15606906,Harris,751,France,Male,53,5,72710.45,1,0,0,135454.95,0
6908,15606907,Johnson,777,Spain,Male,43,2,147006.34,1,1,1,29931.1,0
6909,15606908,Robinson,690,Spain,Female,60,9,4066.79,1,1,1,154555.65,0
6910,15606909,Taylor,627,France,Male,67,10,0.0,4,1,0,28757.39,1
6911,15606910,Thompson,674,France,Female,62,1,0.0,1,1,0,314.59,1
6912,15606911,Hernandez,727,Spain,Female,63,10,101375.37,1,1,1,5694.58,0
6913,15606912,Martin,746,France,Female,41,2,176026.14,1,0,0,43143.18,0
6914,15606913,Garcia,685,France,Male,46,7,84293.92,1,0,0,108978.14,0
6915,15606914,Johnson,796,France,Male,55,2,0.0,2,1,1,15146.14,0
6916,15606915,Perez,590,France,Male,71,3,174092.87,2,1,1,71901.4,0
6917,15606916,Jones,759,France,Male,44,1,150405.16,2,1,0,38119.95,1
6918,15606917,Gonzalez,717,Spain,Male,70,7,0.0,1,1,1,175899.22,0
6919,15606918,Clark,591,Germany,Female,36,5,128209.7,2,1,1,53515.21,0
6920,15606919,White,672,France,Female,68,8,57511.47,1,0,1,130416.3,0
6921,15606920,Jackson,678,Spain,Female,66,7,0.0,1,1,1,146790.34,1
6922,15606921,Johnson,636,France,Male,80,3,0.0,2,0,1,27588.82,0
6923,15606922,Brown,635,France,Female,64,7,0.0,1,1,0,24302.91,1
6924,15606923,Williams,503,Germany,Female,56,0,95438.98,1,1,0,181802.7,1
6925,15606924,Johnson,583,Germany,Male,48,10,0.0,1,1,0,31615.84,0
6926,15606925,Miller,627,France,Female,47,8,0.0,2,1,1,110193.38,0
6927,15606926,Rodriguez,595,France,Male,51,4,25659.9,1,0,0,120769.85,0
6928,15606927,Smith,567,Germany,Male,47,3,0.0,1,0,0,63949.04,0
6929,15606928,Thomas,751,Germany,Male,60,4,154523.31,1,0,0,96410.2,0
6930,15606929,Ramirez,640,Germany,Female,64,0,0.0,4,1,1,60741.46,1
6931,15606930,Brown,850,France,Female,43,1,0.0,2,1,1,165402.67,0
6932,15606931,Perez,671,France,Male,64,1,75017.11,2,1,0,30547.11,0
6933,15606932,Davis,749,France,Male,57,10,0.0,2,1,1,60602.02,0
6934,15606933,Wilson,630,France,Male,49,8,140769.36,1,1,1,101326.23,0
6935,15606934,Martinez,586,Spain,Male,67,5,0.0,2,1,0,60012.12,0
6936,15606935,Anderson,675,France,Male,44,2,93060.29,2,1,0,172416.26,1
6937,15606936,Harris,774,France,Male,40,3,79292.3,2,0,1,179026.85,0
6938,15606937,Clark,641,Spain,Male,44,0,59391.36,2,1,0,161114.16,0
6939,15606938,Williams,692,France,Female,46,6,142032.93,2,0,0,177096.15,0
6940,15606939,Brown,674,France,Male,67,6,155057.7,1,1,1,86042.06,0
6941,15606940,Taylor,640,Spain,Female,85,7,90635.54,1,1,0,107875.75,1
6942,15606941,Harris,645,Spain,Male,66,0,119138.38,2,0,1,126883.77,0
6943,15606942,Gonzalez,554,Germany,Male,52,8,51198.89,2,1,1,156298.33,0
6944,15606943,Robinson,648,France,Male,35,1,0.0,4,1,1,69831.87,0
6945,15606944,Taylor,712,Germany,Male,45,0,63744.37,1,1,1,12328.73,0
6946,15606945,Williams,678,Spain,Male,78,0,125589.4,1,1,0,173857.31,1
6947,15606946,Lee,667,France,Female,63,7,0.0,2,1,0,154472.47,0
6948,15606947,Gonzalez,719,France,Female,34,2,0.0,1,1,0,99361.32,0
6949,15606948,Davis,668,Spain,Male,32,5,54246.78,1,1,1,16656.65,0
6950,15606949,Jackson,651,France,Male,62,5,224054.55,3,1,1,86898.41,1
6951,15606950,Perez,720,Spain,Female,70,10,82095.51,2,0,0,10660.85,0
6952,15606951,Brown,663,France,Male,42,1,3565.43,1,1,1,108242.21,0
6953,15606952,Smith,627,France,Female,44,1,0.0,2,1,0,15032.46,0
6954,15606953,Smith,694,France,Female,65,0,4473.64,1,1,1,148541.85,0
6955,15606954,Davis,646,Spain,Female,49,8,45758.02,1,1,0,24146.31,1
6956,15606955,Lopez,622,France,Male,50,0,103285.53,2,1,0,72991.14,0
6957,15606956,Martin,664,Germany,Male,50,5,62749.12,2,0,1,60600.18,0
6958,15606957,Lopez,666,Germany,Male,54,8,80395.23,1,1,0,42309.72,0
6959,15606958,Robinson,544,Germany,Female,56,5,0.0,2,1,1,189540.34,1
6960,15606959,Sanchez,681,Spain,Female,80,10,75995.22,1,1,1,151038.22,1
6961,15606960,White,827,Germany,Female,48,5,0.0,1,0,1,150108.32,0
6962,15606961,Smith,555,France,Female,50,3,0.0,2,1,0,78297.22,0
6963,15606962,Clark,601,Spain,Female,41,4,110919.18,1,1,1,145848.1,0
6964,15606963,Martin,850,Germany,Female,53,0,107180.22,1,1,0,98134.0,0
6965,15606964,Martinez,571,France,Female,66,2,84264.67,1,1,1,92896.4,0
6966,15606965,Lee,773,France,Female,44,10,0.0,1,1,1,163468.68,0
6967,15606966,Perez,628,Spain,Male,43,5,121903.35,2,1,0,69407.57,0
6968,15606967,Brown,655,France,Male,65,1,0.0,3,0,0,18034.23,0
6969,15606968,Lewis,637,Germany,Female,56,0,134705.23,1,1,0,9847.57,1
6970,15606969,Brown,690,France,Male,43,0,212383.9,2,1,0,169086.86,1
6971,15606970,White,498,France,Male,54,0,73690.32,1,1,1,159578.89,0
6972,15606971,Hernandez,667,Germany,Female,42,9,81629.14,2,0,0,110825.45,1
6973,15606972,Williams,611,France,Female,48,9,172818.78,2,1,0,69056.97,1
6974,15606973,Martin,471,France,Female,49,0,47398.42,2,1,1,47073.71,0
6975,15606974,Brown,757,Germany,Male,65,5,0.0,2,0,0,165911.71,1
6976,15606975,Harris,447,France,Female,59,9,148773.94,2,1,1,23090.3,0
6977,15606976,Robinson,850,Germany,Male,66,3,0.0,1,0,0,169845.34,1
6978,15606977,Hernandez,709,Spain,Female,48,3,45395.52,1,1,1,60543.67,0
6979,15606978,Johnson,519,Spain,Male,58,3,0.0,1,1,1,43954.92,0
6980,15606979,Lewis,778,France,Female,36,7,97272.23,1,1,0,185803.9,0
6981,15606980,Garcia,577,France,Female,43,6,0.0,1,1,1,78724.59,0
6982,15606981,Gonzalez,582,Germany,Male,40,4,49514.72,1,0,0,190870.86,1
6983,15606982,Hernandez,477,Spain,Female,62,6,0.0,1,1,1,128809.37,0
6984,15606983,Lewis,567,Spain,Female,76,7,185095.72,1,0,0,121054.39,1
6985,15606984,Martinez,578,Spain,Male,50,9,0.0,2,1,0,76295.19,0
6986,15606985,Ramirez,728,France,Male,59,7,40440.1,2,1,1,52134.01,0
6987,15606986,Johnson,762,France,Male,58,10,54081.25,2,1,0,21314.99,1
6988,15606987,Williams,530,France,Male,74,6,0.0,2,1,1,117439.43,0
6989,15606988,Martinez,675,France,Female,48,6,178664.17,2,1,1,10036.17,0
6990,15606989,Williams,473,France,Female,53,8,0.0,2,1,0,81112.2,0
6991,15606990,Lee,676,Spain,Male,43,10,0.0,2,1,1,171771.55,0
6992,15606991,Ramirez,850,France,Male,40,4,190441.22,1,1,0,182265.31,0
6993,15606992,Johnson,479,France,Female,61,7,146888.89,2,1,0,86346.33,1
6994,15606993,Gonzalez,552,France,Male,45,1,0.0,1,1,0,70125.79,0
6995,15606994,Lopez,719,Spain,Male,45,7,24535.44,2,1,1,103273.02,0
6996,15606995,Taylor,731,Germany,Male,57,0,66690.91,1,1,0,20602.76,0
6997,15606996,Garcia,559,Germany,Male,49,8,119359.85,2,1,1,21703.46,0
6998,15606997,Moore,791,Spain,Female,61,0,42357.47,1,1,1,7864.9,0
6999,15606998,Rodriguez,571,France,Female,61,7,0.0,1,1,1,174573.34,0
7000,15606999,Ramirez,810,Germany,Male,54,2,25243.22,1,1,0,159136.79,0
7001,15607000,Wilson,694,France,Female,33,3,88269.92,1,1,1,51817.73,0
7002,15607001,Jones,772,France,Female,53,10,42249.84,1,1,0,137776.82,0
7003,15607002,Wilson,685,Spain,Female,75,9,92169.28,2,0,1,178142.26,0
7004,15607003,Thompson,713,Spain,Male,51,6,132988.1,2,0,1,162766.66,0
7005,15607004,Lopez,718,France,Female,62,9,0.0,2,1,0,38512.07,0
7006,15607005,Davis,759,France,Female,42,2,0.0,1,1,1,59385.64,0
7007,15607006,Gonzalez,646,Germany,Male,52,8,121543.86,1,1,1,56950.62,0
7008,15607007,Ramirez,563,France,Male,62,2,86861.58,1,1,0,89180.4,1
7009,15607008,Martinez,642,France,Female,43,7,193347.53,2,1,1,96517.27,0
7010,15607009,Miller,585,France,Female,51,7,103445.36,1,1,1,57596.42,0
7011,15607010,Davis,592,France,Female,52,2,0.0,1,1,0,170197.48,0
7012,15607011,Clark,808,Spain,Female,44,2,70386.7,2,1,1,12553.05,0
7013,15607012,Thompson,709,France,Female,45,9,191868.57,2,0,1,103079.26,0
7014,15607013,Thomas,705,France,Male,42,4,80470.05,2,1,0,71211.9,0
7015,15607014,Thompson,752,Germany,Male,34,7,90747.41,2,1,0,161308.66,0
7016,15607015,Rodriguez,709,Spain,Female,42,5,0.0,1,0,1,189276.59,0
7017,15607016,Robinson,829,France,Male,54,4,0.0,1,1,0,22283.3,0
7018,15607017,Lewis,448,France,Male,46,4,98861.4,1,1,1,89720.2,0
7019,15607018,Wilson,554,France,Female,51,10,0.0,2,1,1,81994.22,0
7020,15607019,Jackson,582,Germany,Female,53,5,96205.83,2,1,0,4171.88,1
7021,15607020,Harris,517,Germany,Male,50,7,0.0,2,0,1,172267.95,0
7022,15607021,Martinez,660,Spain,Male,62,5,0.0,1,0,1,41966.14,0
7023,15607022,Robinson,665,Spain,Male,82,6,0.0,2,0,0,17321.63,1
7024,15607023,Rodriguez,839,Spain,Male,43,8,0.0,1,1,0,181392.59,0
7025,15607024,Garcia,736,Germany,Female,65,6,0.0,2,0,0,57329.66,0
7026,15607025,Williams,601,France,Male,44,8,0.0,2,1,0,111371.86,0
7027,15607026,Garcia,697,France,Female,56,9,0.0,2,1,1,113071.65,0
7028,15607027,Wilson,474,Spain,Female,40,0,105637.84,1,1,0,199932.27,0
7029,15607028,Davis,663,France,Female,55,2,114957.7,1,1,0,165083.03,0
7030,15607029,Lewis,658,France,Male,48,5,0.0,2,1,1,46278.53,0
7031,15607030,Anderson,563,Germany,Male,47,2,0.0,1,0,0,122217.0,1
7032,15607031,Miller,630,France,Male,54,10,162555.11,2,1,1,4900.22,0
7033,15607032,Lopez,583,Germany,Male,42,1,0.0,2,1,0,115506.34,0
7034,15607033,Smith,560,Germany,Female,42,4,0.0,1,1,0,185107.4,1
7035,15607034,Jackson,714,France,Male,48,0,110087.16,1,0,0,16051.23,0
7036,15607035,Harris,749,Spain,Female,64,4,92139.62,1,0,1,20246.41,0
7037,15607036,Gonzalez,698,France,Male,48,10,0.0,2,1,0,8501.12,0
7038,15607037,Moore,607,France,Male,83,7,141446.48,1,1,1,114081.33,0
7039,15607038,Taylor,586,Germany,Female,89,8,145974.81,1,1,0,69943.77,1
7040,15607039,Ramirez,610,Germany,Female,51,9,0.0,1,1,1,16903.93,1
7041,15607040,Lopez,628,Spain,Male,75,5,85300.23,1,1,1,47238.42,0
7042,15607041,Johnson,566,France,Male,30,3,12654.42,1,1,1,181110.44,0
7043,15607042,Moore,751,Germany,Male,43,2,0.0,2,1,1,66845.81,0
7044,15607043,Smith,630,France,Female,52,7,8869.15,2,1,0,31661.71,0
7045,15607044,Lewis,723,Spain,Male,55,1,30082.37,1,1,0,76625.85,0
7046,15607045,Martin,515,France,Female,59,7,105672.98,2,1,1,64742.12,0
7047,15607046,Lee,583,Germany,Female,38,6,62464.9,2,1,1,131928.87,0
7048,15607047,Martin,732,France,Female,54,1,48279.54,3,0,0,49004.17,1
7049,15607048,Taylor,733,France,Male,69,1,64289.65,2,1,0,1201.12,1
7050,15607049,Hernandez,534,France,Male,33,1,131589.89,2,1,1,149482.2,0
7051,15607050,Lee,679,Spain,Female,43,0,0.0,1,1,1,100500.76,0
7052,15607051,Miller,681,Germany,Male,69,6,23966.64,1,1,1,42292.97,0
7053,15607052,Harris,582,Spain,Male,45,7,129741.29,2,1,1,84234.91,0
7054,15607053,Thompson,684,France,Male,53,6,151212.44,1,1,0,91164.97,1
7055,15607054,Gonzalez,498,France,Male,57,3,227314.33,2,1,0,181278.21,1
7056,15607055,Anderson,561,France,Male,43,10,129501.78,1,1,1,3506.31,0
7057,15607056,Johnson,707,Spain,Male,40,8,0.0,3,1,1,185977.18,0
7058,15607057,Moore,652,France,Female,50,1,139424.65,2,0,1,7239.22,0
7059,15607058,Taylor,657,Spain,Female,66,4,0.0,1,1,1,197407.14,0
7060,15607059,Lewis,633,Spain,Male,54,1,0.0,1,1,0,101216.35,0
7061,15607060,Wilson,701,Spain,Male,41,2,184271.24,1,0,0,88587.01,0
7062,15607061,Taylor,706,Germany,Female,62,1,0.0,2,1,1,145870.4,0
7063,15607062,Lee,725,Germany,Female,41,7,98341.39,1,1,1,5539.03,0
7064,15607063,Ramirez,662,Spain,Male,57,9,108871.57,2,1,0,166648.37,0
7065,15607064,Wilson,612,France,Female,50,5,0.0,2,0,1,180740.38,0
7066,15607065,Brown,596,Germany,Female,47,4,30622.0,2,1,0,12898.44,0
7067,15607066,Davis,548,France,Female,49,4,0.0,2,0,1,93771.06,0
7068,15607067,Williams,611,France,Female,50,8,154779.83,2,0,0,71607.26,1
7069,15607068,Jackson,591,France,Female,51,1,44289.76,2,0,1,147685.96,0
7070,15607069,Martin,803,France,Female,55,0,111421.85,2,1,0,152071.74,1
7071,15607070,Hernandez,549,France,Male,64,5,129798.25,2,1,1,118748.78,1
7072,15607071,Robinson,749,France,Female,77,7,135169.09,2,0,0,163191.45,1
7073,15607072,Jackson,624,Germany,Female,52,7,0.0,1,1,0,133386.33,0
7074,15607073,Smith,630,France,Male,62,5,126427.28,2,1,1,99493.44,0
7075,15607074,Gonzalez,688,Germany,Female,53,2,108500.08,1,1,1,113024.04,0
7076,15607075,Thomas,513,France,Male,48,2,0.0,2,0,1,61609.76,0
7077,15607076,Rodriguez,573,Germany,Male,55,1,42852.26,1,1,0,89684.55,1
7078,15607077,Williams,530,Germany,Male,38,1,0.0,2,1,0,187132.29,0
7079,15607078,Jones,613,Germany,Female,42,1,84183.07,1,1,1,149750.31,0
7080,15607079,Sanchez,562,Germany,Female,40,6,126362.31,2,0,0,44597.08,0
7081,15607080,Miller,776,France,Male,54,9,124494.98,1,1,1,18353.02,0
7082,15607081,Moore,593,Spain,Female,35,8,14510.9,2,0,1,13805.11,0
7083,15607082,Thomas,421,France,Male,39,9,9347.04,1,1,1,170377.03,0
7084,15607083,Miller,617,France,Female,36,10,39463.33,2,1,0,167141.73,0
7085,15607084,Harris,727,Germany,Female,52,6,98770.84,1,1,0,63908.4,0
7086,15607085,Gonzalez,806,France,Female,47,7,0.0,1,0,0,2373.22,0
7087,15607086,Garcia,627,Germany,Female,49,4,183.74,1,1,0,85294.58,1
7088,15607087,Gonzalez,600,Germany,Male,57,1,41725.74,1,1,1,67010.02,0
7089,15607088,White,648,France,Male,51,7,72849.41,2,1,0,25545.92,1
7090,15607089,Smith,689,France,Female,48,4,46170.59,1,1,1,39600.71,0
7091,15607090,Williams,541,France,Male,35,8,128331.94,1,1,0,120254.91,1
7092,15607091,Thompson,626,Spain,Female,57,5,131058.08,2,1,1,143723.75,0
7093,15607092,Martin,645,Germany,Female,34,6,192536.61,1,1,1,114271.47,0
7094,15607093,Wilson,654,France,Male,54,0,0.0,2,0,1,33421.52,0
7095,15607094,Garcia,636,France,Female,92,7,40988.1,2,1,1,62442.0,1
7096,15607095,Lewis,560,Germany,Female,59,6,113383.27,1,1,1,140955.11,0
7097,15607096,Gonzalez,682,Spain,Female,45,6,0.0,2,0,0,16501.38,0
7098,15607097,Jones,645,France,Male,64,6,146717.92,2,1,1,136680.34,0
7099,15607098,Garcia,645,France,Male,81,6,0.0,2,1,0,170946.36,1
7100,15607099,Gonzalez,546,Spain,Male,66,10,119714.58,2,1,0,158452.01,0
7101,15607100,Thompson,711,France,Female,71,0,176892.66,1,1,1,115123.02,0
7102,15607101,Sanchez,558,France,Female,43,8,185352.5,2,1,0,178894.76,0
7103,15607102,Brown,805,Spain,Female,47,6,48853.5,2,0,1,11592.06,0
7104,15607103,Brown,536,Germany,Male,61,6,29548.35,1,1,1,106218.14,1
7105,15607104,Robinson,723,France,Male,51,10,7062.53,2,1,1,154472.81,0
7106,15607105,Anderson,466,France,Female,42,0,134303.8,1,0,0,91679.92,1
7107,15607106,Hernandez,433,France,Female,59,5,32204.77,2,0,0,197500.39,1
7108,15607107,Lee,596,France,Female,61,9,0.0,2,1,1,3661.88,1
7109,15607108,Perez,433,Spain,Female,48,7,140371.0,1,1,1,66377.46,0
7110,15607109,Robinson,720,France,Female,41,4,179947.13,2,1,1,178542.47,0
7111,15607110,Lopez,647,Germany,Female,47,0,0.0,2,1,0,33984.52,0
7112,15607111,Clark,784,Spain,Female,47,4,202895.65,1,1,0,91800.44,0
7113,15607112,Martin,633,France,Male,53,1,0.0,1,1,0,148078.43,0
7114,15607113,Moore,673,France,Female,39,1,202646.61,2,1,1,99849.33,0
7115,15607114,Moore,624,Germany,Female,50,3,0.0,2,1,1,76377.73,0
7116,15607115,Martinez,566,Spain,Male,46,10,0.0,2,1,0,4057.99,0
7117,15607116,Jones,610,Spain,Male,59,3,0.0,2,1,1,158417.52,0
7118,15607117,Smith,534,France,Male,92,9,147515.84,1,1,1,142410.67,1
7119,15607118,White,687,Germany,Male,54,6,67571.62,1,1,1,182080.92,0
7120,15607119,Moore,620,Germany,Male,38,8,0.0,1,0,1,181007.96,0
7121,15607120,Sanchez,640,Spain,Male,51,10,131776.14,1,0,1,170360.36,0
7122,15607121,Moore,850,France,Male,56,1,0.0,2,0,1,72429.52,0
7123,15607122,Perez,611,Germany,Male,61,7,0.0,1,0,0,85852.89,0
7124,15607123,Miller,680,Spain,Female,30,7,0.0,2,1,1,184698.91,0
7125,15607124,Harris,644,France,Male,51,10,0.0,4,0,0,29872.04,0
7126,15607125,Harris,761,France,Female,63,7,141103.82,2,1,0,5110.83,0
7127,15607126,Sanchez,672,France,Male,37,8,178649.18,1,1,1,128997.42,0
7128,15607127,Lee,623,France,Male,54,8,31563.11,2,1,1,66139.36,0
7129,15607128,Johnson,850,France,Male,64,9,0.0,2,1,1,39044.55,1
7130,15607129,Thompson,567,Spain,Female,80,6,143630.32,1,0,1,84394.26,0
7131,15607130,Taylor,631,France,Female,55,4,144480.15,4,1,0,48782.05,1
7132,15607131,Clark,737,France,Male,59,6,0.0,1,0,1,54502.72,0
7133,15607132,Gonzalez,571,Germany,Female,58,6,0.0,2,0,1,41562.51,0
7134,15607133,Gonzalez,723,France,Male,38,9,77332.33,2,1,0,152531.66,0
7135,15607134,Harris,603,France,Female,88,9,0.0,1,0,1,192515.61,0
7136,15607135,Martinez,746,Germany,Female,56,6,80445.95,1,0,1,127667.52,1
7137,15607136,Smith,743,Spain,Female,49,7,0.0,1,0,1,111293.68,0
7138,15607137,Robinson,641,Germany,Female,69,1,189663.27,2,1,0,177606.56,1
7139,15607138,Thomas,553,Germany,Female,44,3,146396.4,2,1,0,4531.12,0
7140,15607139,Harris,612,France,Female,58,8,65655.86,1,0,0,42791.27,0
7141,15607140,Moore,648,Spain,Female,48,3,0.0,2,1,0,92770.64,0
7142,15607141,Taylor,735,France,Female,44,1,0.0,1,0,1,21080.48,0
7143,15607142,Jackson,680,Spain,Female,52,6,103321.98,1,1,0,79053.29,1
7144,15607143,Taylor,701,France,Female,54,5,97516.99,2,1,0,76402.92,0
7145,15607144,Moore,683,Spain,Female,51,3,0.0,1,0,0,189318.67,0
7146,15607145,Lee,731,Germany,Female,91,7,0.0,2,1,1,32788.53,1
7147,15607146,Thomas,630,Spain,Female,54,5,0.0,1,1,1,95174.64,0
7148,15607147,Taylor,665,France,Male,48,7,64610.89,1,0,1,21609.63,0
7149,15607148,Clark,652,France,Male,53,3,247899.38,2,1,0,157059.86,0
7150,15607149,Martinez,607,Germany,Male,61,1,0.0,2,0,1,149858.7,0
7151,15607150,White,747,Spain,Male,57,5,0.0,2,1,1,193694.99,0
7152,15607151,Ramirez,745,France,Male,75,8,0.0,2,1,1,71604.15,1
7153,15607152,White,765,Spain,Female,55,8,0.0,1,1,0,197909.85,0
7154,15607153,Smith,576,Spain,Female,33,10,137807.14,1,1,1,138676.68,0
7155,15607154,Jackson,683,France,Female,54,8,188408.27,3,1,1,16679.89,0
7156,15607155,Rodriguez,754,Spain,Male,54,2,0.0,1,1,1,8170.19,0
7157,15607156,Jones,794,Germany,Female,65,2,0.0,1,0,1,24354.25,1
7158,15607157,Perez,505,France,Female,34,9,0.0,2,1,0,59.62,1
7159,15607158,Perez,649,France,Female,58,2,129421.54,1,1,1,138583.77,0
7160,15607159,White,631,Germany,Male,63,4,129604.9,2,0,1,191543.49,1
7161,15607160,White,802,Germany,Female,54,4,0.0,2,1,1,8713.08,0
7162,15607161,Robinson,437,France,Female,61,4,1737.93,1,1,1,39674.51,1
7163,15607162,Lopez,549,Germany,Female,42,7,122747.23,1,1,1,191991.8,1
7164,15607163,Taylor,787,Germany,Female,64,9,80522.36,1,1,1,49800.77,1
7165,15607164,Martin,604,Germany,Female,41,7,0.0,2,1,0,171309.36,1
7166,15607165,Lopez,525,France,Female,45,7,54609.43,1,1,0,39164.97,1
7167,15607166,Lee,795,Spain,Female,60,8,153975.31,1,0,1,193850.32,0
7168,15607167,Hernandez,512,France,Female,82,9,120743.38,2,1,0,77923.82,1
7169,15607168,Lee,748,France,Female,78,5,0.0,1,0,1,141233.6,0
7170,15607169,Johnson,500,France,Male,56,1,160337.89,1,1,0,188968.44,0
7171,15607170,Clark,511,France,Male,37,8,0.0,2,1,1,55458.07,0
7172,15607171,Martinez,669,Spain,Male,46,5,0.0,2,1,1,86354.66,0
7173,15607172,Harris,568,France,Male,49,0,0.0,2,0,0,54721.99,0
7174,15607173,Hernandez,676,Germany,Male,31,4,83008.14,2,1,1,97747.64,1
7175,15607174,Rodriguez,822,France,Male,41,6,158790.14,2,1,1,181097.25,0
7176,15607175,White,635,France,Female,64,0,88680.97,1,0,1,39226.06,0
7177,15607176,Thomas,806,Spain,Male,77,6,0.0,1,0,0,104493.71,0
7178,15607177,Smith,681,Spain,Male,67,10,118553.93,2,1,1,30660.54,0
7179,15607178,Williams,741,France,Female,46,4,0.0,2,1,0,81226.2,0
7180,15607179,Martin,424,Germany,Female,61,4,95182.0,2,1,1,40487.33,1
7181,15607180,Sanchez,711,France,Female,52,1,0.0,1,1,1,45749.49,0
7182,15607181,White,696,France,Female,41,3,90032.03,2,0,1,93996.99,0
7183,15607182,White,615,Spain,Male,56,8,0.0,2,0,0,148339.67,0
7184,15607183,Taylor,831,Spain,Male,59,1,68898.8,2,1,1,25586.68,0
7185,15607184,Lee,602,France,Male,42,8,126426.69,2,1,0,158092.18,0
7186,15607185,Anderson,495,Spain,Male,38,7,0.0,2,1,1,197534.62,0
7187,15607186,Jackson,725,Germany,Male,47,3,87638.92,1,1,1,61022.31,0
7188,15607187,Smith,513,France,Female,69,1,87360.59,1,1,0,39849.74,0
7189,15607188,Harris,657,Germany,Male,62,5,0.0,2,1,1,5518.45,0
7190,15607189,Robinson,778,Germany,Male,47,6,129941.12,1,1,1,38733.79,0
7191,15607190,Johnson,697,Germany,Male,43,1,163508.7,2,1,1,119732.29,1
7192,15607191,Moore,626,France,Female,52,7,0.0,2,1,1,169201.85,0
7193,15607192,Rodriguez,616,Germany,Male,40,8,150153.11,1,1,0,1011.86,0
7194,15607193,White,771,France,Male,54,4,29545.76,1,1,1,126141.47,0
7195,15607194,Gonzalez,532,Spain,Male,50,5,160076.65,1,1,1,29206.21,0
7196,15607195,Jackson,724,Germany,Male,31,5,0.0,1,0,1,159825.35,0
7197,15607196,Davis,850,France,Male,48,9,108257.61,1,1,0,43605.85,0
7198,15607197,Moore,702,Spain,Male,31,1,0.0,2,1,0,13403.63,0
7199,15607198,Lee,627,Spain,Male,55,10,50930.44,1,0,1,196116.26,0
7200,15607199,Moore,634,Spain,Female,40,0,172597.4,2,1,0,92969.08,1
7201,15607200,Davis,603,France,Female,36,10,133343.69,1,0,1,75434.91,0
7202,15607201,Jackson,587,France,Female,49,4,130059.07,2,0,0,115117.74,1
7203,15607202,Sanchez,661,Germany,Male,48,5,0.0,4,0,0,111163.03,1
7204,15607203,Lee,715,France,Male,55,0,108367.94,2,1,0,9196.86,0
7205,15607204,Thompson,804,Spain,Male,40,7,189942.1,1,0,1,69193.18,0
7206,15607205,Jones,462,France,Male,71,4,89048.17,1,1,1,122236.14,0
7207,15607206,Williams,415,France,Male,61,4,0.0,2,1,1,188862.36,0
7208,15607207,Jackson,806,France,Male,72,7,165640.53,1,1,0,130451.08,1
7209,15607208,Lee,655,France,Female,50,7,94816.52,2,1,1,33855.37,0
7210,15607209,Martin,660,Spain,Female,42,8,72114.98,2,1,0,1946.94,0
7211,15607210,Williams,698,France,Female,77,10,81031.49,2,1,1,157270.91,0
7212,15607211,Robinson,632,France,Male,61,3,0.0,1,0,1,166466.59,0
7213,15607212,Hernandez,839,France,Female,49,2,0.0,2,0,0,36673.78,0
7214,15607213,Williams,697,Germany,Male,51,9,0.0,2,1,1,64204.87,0
7215,15607214,Robinson,607,France,Female,47,10,0.0,2,1,1,157191.76,0
7216,15607215,Wilson,615,Germany,Male,65,1,119460.28,2,1,0,136769.85,1
7217,15607216,Martinez,636,Germany,Male,56,0,149632.35,2,0,0,26449.24,1
7218,15607217,Lewis,575,Germany,Female,58,9,0.0,4,1,1,132709.42,1
7219,15607218,Brown,812,Spain,Female,41,4,189052.35,1,1,0,141829.19,0
7220,15607219,White,661,Spain,Male,50,5,0.0,2,0,1,197783.58,1
7221,15607220,Taylor,537,Spain,Male,54,7,0.0,1,1,1,178528.75,0
7222,15607221,Robinson,688,France,Male,36,5,99109.0,1,1,1,7291.25,0
7223,15607222,White,788,France,Female,56,1,87020.95,1,0,1,21338.88,0
7224,15607223,Clark,751,France,Female,35,7,0.0,2,1,0,80597.22,0
7225,15607224,Jones,577,Spain,Female,53,4,86197.09,2,1,0,64115.38,0
7226,15607225,Jackson,543,Spain,Male,63,2,0.0,2,1,0,20952.08,1
7227,15607226,Wilson,787,Spain,Female,66,5,162126.44,1,0,1,151897.6,0
7228,15607227,Lewis,494,France,Female,82,5,54142.13,2,0,0,58471.54,0
7229,15607228,Lee,685,Spain,Male,54,2,0.0,3,1,0,169545.66,0
7230,15607229,Moore,595,France,Male,48,6,122842.36,1,0,0,70705.12,1
7231,15607230,Rodriguez,776,France,Female,40,6,76000.66,1,1,1,148950.33,0
7232,15607231,Lewis,548,France,Female,39,6,35242.79,1,0,1,42068.59,0
7233,15607232,Thomas,573,France,Female,51,7,0.0,2,0,0,94188.93,0
7234,15607233,Anderson,709,Germany,Female,38,10,0.0,2,0,1,110823.94,0
7235,15607234,White,726,France,Female,39,6,0.0,1,1,1,89447.83,0
7236,15607235,Lopez,780,France,Female,51,3,193369.17,1,1,0,155568.0,0
7237,15607236,Lewis,695,Germany,Male,47,4,111320.83,1,1,1,132422.73,0
7238,15607237,Moore,683,Spain,Male,42,3,156182.46,2,1,0,116412.68,0
7239,15607238,Moore,750,Germany,Female,48,1,0.0,1,0,1,46294.01,0
7240,15607239,Harris,518,France,Female,62,6,0.0,2,1,0,104957.08,0
7241,15607240,Johnson,565,Spain,Male,57,2,0.0,2,1,0,140731.53,0
7242,15607241,Martinez,526,Spain,Male,65,0,188479.28,1,1,0,188435.69,0
7243,15607242,Rodriguez,392,France,Male,50,0,0.0,2,1,1,27743.05,0
7244,15607243,White,730,Germany,Male,47,8,90371.21,2,1,1,173321.53,0
7245,15607244,Clark,787,France,Male,53,10,0.0,1,0,0,24097.82,0
7246,15607245,Garcia,703,France,Female,39,2,57917.67,2,1,0,136528.21,1
7247,15607246,Jones,686,Germany,Male,49,6,0.0,1,1,0,128220.25,0
7248,15607247,Perez,658,Spain,Female,48,8,94683.08,1,0,0,174937.35,1
7249,15607248,Smith,655,France,Female,92,6,94153.04,2,1,1,11862.21,1
7250,15607249,Rodriguez,812,Spain,Female,69,10,118377.83,1,0,0,177075.14,1
7251,15607250,White,798,Spain,Male,60,7,95816.62,2,1,1,65328.35,0
7252,15607251,Miller,593,Spain,Female,57,5,59872.76,4,1,1,96010.78,1
7253,15607252,Smith,756,France,Male,75,10,124324.13,2,1,0,171435.47,1
7254,15607253,Davis,768,Spain,Male,25,2,0.0,1,1,1,109486.44,0
7255,15607254,Davis,712,France,Female,57,0,174253.55,2,1,1,67861.68,0
7256,15607255,Smith,687,Germany,Female,43,9,88368.89,1,1,0,155895.51,1
7257,15607256,Williams,683,France,Male,43,7,0.0,1,1,0,13417.06,0
7258,15607257,White,507,France,Female,62,5,0.0,2,1,0,133923.28,0
7259,15607258,Williams,499,Germany,Female,59,1,0.0,2,1,0,331.69,1
7260,15607259,Brown,725,France,Female,57,9,134062.95,1,0,1,7791.29,0
7261,15607260,Ramirez,544,France,Female,66,7,205210.72,1,1,0,192455.09,1
7262,15607261,Davis,516,France,Male,65,3,0.0,2,1,0,94835.39,0
7263,15607262,White,450,Germany,Female,35,9,136053.22,2,1,0,11931.88,1
7264,15607263,Martinez,604,France,Male,50,8,107659.1,1,1,1,177945.13,0
7265,15607264,Clark,685,Spain,Female,58,8,0.0,1,0,0,23968.02,0
7266,15607265,Perez,693,France,Male,70,8,190346.39,1,1,0,7005.92,0
7267,15607266,Miller,731,France,Male,60,3,0.0,2,1,1,78530.65,0
7268,15607267,Harris,612,France,Female,62,5,81754.93,1,1,1,32619.45,1
7269,15607268,Clark,660,France,Male,41,3,44807.51,2,1,1,15327.6,0
7270,15607269,Lee,731,France,Male,37,9,212828.79,1,0,0,45070.84,0
7271,15607270,Jackson,694,France,Male,56,9,0.0,1,1,1,12360.53,0
7272,15607271,Ramirez,593,Spain,Female,47,4,153775.12,1,0,0,77084.89,0
7273,15607272,Davis,678,Germany,Male,59,6,0.0,1,1,1,181437.07,1
7274,15607273,Lewis,459,France,Male,45,6,0.0,1,1,1,53332.11,0
7275,15607274,Miller,650,France,Male,46,9,0.0,1,0,1,146979.71,0
7276,15607275,Lopez,590,Spain,Male,62,5,0.0,1,1,1,15500.19,0
7277,15607276,Garcia,795,France,Male,52,9,0.0,2,1,0,6798.86,0
7278,15607277,Martin,556,France,Female,40,3,26743.84,1,1,0,44982.62,0
7279,15607278,Smith,661,Spain,Male,44,4,98163.21,3,1,0,143158.01,1
7280,15607279,Lee,608,Germany,Male,50,4,93762.63,1,1,0,44696.35,1
7281,15607280,Garcia,596,Germany,Male,60,8,0.0,1,1,0,20608.23,1
7282,15607281,Garcia,686,France,Male,51,10,89241.7,1,0,1,78226.64,0
7283,15607282,Brown,609,France,Male,58,5,180357.68,2,0,0,129049.78,0
7284,15607283,Martin,827,Germany,Female,49,3,156869.82,1,0,0,143783.42,0
7285,15607284,Williams,460,France,Male,69,5,44496.23,2,1,1,20632.4,0
7286,15607285,Ramirez,710,Germany,Male,50,6,0.0,1,1,1,29825.13,0
7287,15607286,Johnson,641,Germany,Female,46,6,191269.97,1,0,0,1559.93,0
7288,15607287,Garcia,645,France,Male,73,9,0.0,1,0,1,186962.95,0
7289,15607288,Jackson,679,Spain,Female,52,2,0.0,1,1,1,86013.46,0
7290,15607289,Davis,745,Spain,Female,58,5,0.0,1,1,1,209.27,0
7291,15607290,Taylor,675,Germany,Male,46,10,143055.51,2,1,0,127894.1,1
7292,15607291,Taylor,746,France,Female,57,6,0.0,2,1,1,141049.65,0
7293,15607292,Johnson,654,France,Male,60,0,99931.82,2,1,0,64810.22,0
7294,15607293,Davis,550,France,Female,44,3,30174.12,1,1,1,4745.94,0
7295,15607294,Rodriguez,641,France,Female,63,6,164660.96,2,1,0,198923.91,1
7296,15607295,Martin,760,Spain,Female,51,9,139242.09,2,1,0,58836.8,1
7297,15607296,Lee,610,France,Female,63,0,0.0,1,1,0,16411.68,1
7298,15607297,Thomas,546,France,Female,44,7,0.0,1,1,1,192246.94,1
7299,15607298,Lee,709,France,Female,46,5,10193.53,1,0,1,42912.63,0
7300,15607299,Davis,682,Germany,Female,54,5,55096.61,1,1,0,128944.88,0
7301,15607300,Wilson,575,France,Male,43,2,100493.78,2,0,1,99273.37,0
7302,15607301,Davis,627,France,Female,54,5,0.0,1,1,0,156645.23,1
7303,15607302,Martinez,632,France,Male,56,3,0.0,1,0,1,21662.72,0
7304,15607303,Lopez,650,Spain,Male,54,8,144964.48,1,0,0,152762.35,0
7305,15607304,Lewis,712,France,Female,53,3,0.0,1,0,1,87921.44,0
7306,15607305,Sanchez,611,Spain,Male,41,5,107175.36,4,0,1,28301.73,1
7307,15607306,Thompson,717,Spain,Male,38,10,0.0,2,1,0,130678.05,0
7308,15607307,Lee,598,France,Female,52,5,0.0,2,0,0,181067.69,0
7309,15607308,Taylor,809,Spain,Male,36,10,0.0,1,1,1,65180.72,0
7310,15607309,Taylor,812,France,Male,35,0,163975.39,2,0,0,153473.61,0
7311,15607310,Wilson,567,Spain,Female,46,3,59467.77,2,1,1,29934.08,0
7312,15607311,Clark,532,Germany,Female,43,8,67276.56,1,1,1,198194.98,0
7313,15607312,Miller,743,France,Female,57,10,78990.01,2,1,1,140901.02,0
7314,15607313,Davis,674,France,Male,52,9,206250.04,2,1,1,110747.92,0
7315,15607314,Anderson,702,France,Male,56,5,45505.72,1,1,1,94393.8,0
7316,15607315,Davis,587,Spain,Female,63,3,0.0,2,1,1,130734.75,0
7317,15607316,Thompson,637,France,Male,69,6,94100.42,1,1,0,157392.16,0
7318,15607317,Robinson,616,Germany,Female,61,9,75518.16,2,0,1,24533.29,1
7319,15607318,Moore,679,France,Female,54,6,0.0,1,1,1,132317.31,0
7320,15607319,Clark,530,Spain,Male,42,4,10714.03,2,1,0,183843.96,0
7321,15607320,Smith,640,France,Male,67,3,0.0,2,1,0,54758.09,0
7322,15607321,Robinson,529,Germany,Male,40,3,99847.97,1,1,1,154637.92,1
7323,15607322,Thompson,600,France,Female,63,6,105377.59,2,1,0,21267.55,1
7324,15607323,Lee,640,Germany,Male,71,5,0.0,2,1,1,179914.81,0
7325,15607324,Thompson,698,France,Male,57,3,165470.45,2,0,1,7612.48,0
7326,15607325,Taylor,706,France,Female,42,2,63584.3,1,1,1,1832.33,0
7327,15607326,Sanchez,723,France,Female,47,1,0.0,1,1,0,75396.18,0
7328,15607327,Rodriguez,507,Germany,Male,55,3,99629.98,2,1,0,106047.85,0
7329,15607328,Thomas,771,France,Female,44,6,88527.99,2,1,0,90856.56,1
7330,15607329,Rodriguez,588,Germany,Male,34,1,60803.62,1,1,1,36536.45,0
7331,15607330,Perez,595,France,Female,54,8,117270.61,2,1,1,160380.48,0
7332,15607331,Perez,675,Spain,Female,57,8,126343.3,1,1,0,140713.55,0
7333,15607332,Martin,617,Spain,Male,58,5,0.0,3,1,1,175386.18,0
7334,15607333,Hernandez,684,Germany,Female,47,8,0.0,2,1,1,4131.48,0
7335,15607334,White,702,France,Male,52,0,0.0,1,1,0,68896.91,0
7336,15607335,Williams,576,France,Female,54,5,200979.08,1,1,1,39560.42,1
7337,15607336,Wilson,632,France,Male,37,2,53366.53,2,1,0,127475.69,0
7338,15607337,Johnson,635,France,Male,46,5,165398.51,2,1,1,195008.65,0
7339,15607338,Garcia,741,Germany,Male,53,4,77475.21,3,0,0,59338.29,1
7340,15607339,Harris,605,Germany,Male,57,4,0.0,1,0,0,170970.19,1
7341,15607340,Lewis,601,Spain,Female,72,0,138890.43,2,1,1,173447.7,0
7342,15607341,Jackson,551,France,Female,56,4,43359.79,1,0,1,57334.09,0
7343,15607342,Martinez,562,Germany,Female,40,10,0.0,2,0,0,15593.28,0
7344,15607343,Wilson,520,France,Male,43,5,82412.56,4,0,0,173205.74,1
7345,15607344,Johnson,582,Germany,Male,64,0,62925.46,2,1,0,160232.1,1
7346,15607345,Sanchez,802,France,Female,79,9,0.0,1,1,1,124411.99,0
7347,15607346,Harris,716,France,Male,42,6,106201.45,2,1,1,76685.4,0
7348,15607347,Lewis,772,France,Female,46,0,0.0,1,1,1,43314.58,0
7349,15607348,Brown,558,Germany,Female,80,6,0.0,2,0,1,65744.42,1
7350,15607349,Clark,463,Spain,Male,75,10,81316.89,1,1,1,21238.94,0
7351,15607350,Jackson,680,France,Female,59,8,0.0,1,1,1,165160.61,0
7352,15607351,Johnson,827,France,Female,46,6,121792.52,1,0,0,27561.6,0
7353,15607352,Anderson,603,France,Female,41,9,152700.67,1,1,0,27112.34,0
7354,15607353,Moore,659,Germany,Male,46,4,81879.81,1,1,0,177526.45,0
7355,15607354,Robinson,499,France,Male,48,2,0.0,2,0,0,137825.84,0
7356,15607355,Perez,652,Spain,Male,49,6,28439.49,2,1,0,51268.78,0
7357,15607356,Taylor,638,Spain,Male,37,5,0.0,2,0,1,54511.39,0
7358,15607357,Miller,449,Spain,Male,43,7,0.0,1,1,0,173313.38,1
7359,15607358,Rodriguez,550,France,Female,53,7,144325.18,2,1,1,117486.33,0
7360,15607359,Anderson,542,Spain,Female,46,9,142690.51,2,1,0,83486.16,0
7361,15607360,Wilson,498,Germany,Female,40,10,0.0,1,0,1,179571.46,0
7362,15607361,Miller,580,France,Male,42,5,225587.73,1,1,0,41196.63,0
7363,15607362,Jackson,698,Germany,Female,50,6,0.0,2,1,1,108813.28,0
7364,15607363,Thompson,589,Spain,Male,38,2,66130.81,2,1,0,185971.96,0
7365,15607364,White,760,France,Female,70,3,0.0,2,0,0,95852.43,0
7366,15607365,Rodriguez,615,France,Female,39,6,0.0,1,1,1,58737.59,0
7367,15607366,Rodriguez,681,France,Female,61,5,77768.41,1,1,1,198881.33,0
7368,15607367,White,697,Germany,Female,79,2,134643.09,1,1,0,105102.91,1
7369,15607368,Lewis,797,France,Female,39,9,156052.83,1,1,1,82209.39,0
7370,15607369,Lopez,581,Spain,Male,92,6,85011.47,2,1,0,66206.53,1
7371,15607370,Harris,692,Germany,Male,41,2,30661.75,1,1,0,64127.25,0
7372,15607371,Lee,559,Germany,Male,50,9,13248.6,2,1,1,32004.39,0
7373,15607372,Williams,815,France,Male,47,7,96082.03,1,0,0,156027.31,0
7374,15607373,Clark,550,Germany,Female,65,6,106272.81,1,0,0,79516.17,1
7375,15607374,Williams,686,France,Male,49,3,0.0,1,1,1,113595.44,0
7376,15607375,Davis,799,France,Female,43,0,98052.75,2,1,1,135009.41,0
7377,15607376,Williams,535,Germany,Male,61,5,153675.53,2,0,0,104699.53,1
7378,15607377,Davis,707,France,Male,48,4,0.0,2,1,0,61311.97,0
7379,15607378,Taylor,554,Germany,Female,42,8,0.0,1,1,1,155485.77,0
7380,15607379,Ramirez,850,France,Male,44,9,113823.87,2,0,1,106484.93,0
7381,15607380,Williams,468,France,Female,39,5,127294.75,1,1,0,28621.21,1
7382,15607381,Clark,504,France,Female,33,0,55148.82,1,1,1,48607.01,0
7383,15607382,Taylor,542,Spain,Male,40,2,189093.79,2,1,0,41888.09,0
7384,15607383,Davis,545,Germany,Male,49,1,0.0,2,1,0,95143.97,1
7385,15607384,Brown,700,Germany,Male,48,2,0.0,2,0,1,17658.63,0
7386,15607385,Lopez,822,France,Female,38,0,102374.65,1,1,1,125852.62,0
7387,15607386,Martinez,760,France,Female,43,10,0.0,1,1,1,173324.97,0
7388,15607387,Jones,672,Spain,Male,59,1,0.0,1,0,1,135255.76,0
7389,15607388,Sanchez,650,France,Female,58,7,0.0,2,1,0,52931.67,1
7390,15607389,Moore,591,France,Male,53,2,99864.03,1,1,0,94457.46,0
7391,15607390,Lee,687,Germany,Female,41,8,0.0,2,0,1,53822.38,1
7392,15607391,Lee,629,France,Female,65,10,0.0,2,1,0,67699.88,1
7393,15607392,Garcia,668,Spain,Female,50,10,127952.95,1,0,0,147185.14,0
7394,15607393,Robinson,578,Germany,Female,44,3,13080.09,1,0,0,115624.35,1
7395,15607394,Martinez,534,France,Male,41,1,140627.56,1,1,0,38411.09,0
7396,15607395,Miller,652,France,Female,61,6,0.0,1,1,0,147670.57,1
7397,15607396,Perez,650,France,Male,29,8,0.0,1,0,0,197255.36,0
7398,15607397,Gonzalez,592,Spain,Female,55,4,0.0,2,1,0,155692.95,0
7399,15607398,Smith,576,Germany,Male,46,0,0.0,1,1,1,90370.08,0
7400,15607399,Rodriguez,703,France,Female,67,8,164447.04,2,1,0,44563.72,0
7401,15607400,Davis,693,France,Female,86,8,222096.67,2,1,1,56313.5,1
7402,15607401,Sanchez,830,Germany,Female,44,6,109351.08,1,1,1,12588.37,0
7403,15607402,Wilson,782,Germany,Male,65,0,0.0,1,1,1,60794.8,0
7404,15607403,Johnson,535,France,Female,56,3,139284.84,1,1,0,130374.96,0
7405,15607404,Gonzalez,631,France,Female,54,0,46593.63,1,0,1,146852.7,0
7406,15607405,Thompson,518,France,Female,38,2,0.0,2,1,1,109704.67,0
7407,15607406,Lopez,473,Germany,Male,46,6,66300.48,2,0,1,177413.77,0
7408,15607407,Hernandez,850,Spain,Male,64,0,0.0,2,0,0,33716.93,1
7409,15607408,White,792,France,Male,69,7,0.0,1,1,0,105923.95,0
7410,15607409,Hernandez,589,Germany,Male,74,9,74792.54,1,1,1,24185.31,1
7411,15607410,Brown,769,France,Male,46,3,127955.48,1,1,0,51452.18,0
7412,15607411,Martin,783,France,Male,58,3,0.0,1,0,1,184457.32,0
7413,15607412,Lopez,465,France,Male,46,0,62810.41,1,1,1,190772.72,0
7414,15607413,Smith,731,Spain,Male,53,4,45416.14,2,0,0,28878.66,0
7415,15607414,Moore,602,France,Male,58,7,474.46,2,1,0,85782.77,0
7416,15607415,Jackson,686,Germany,Female,47,7,123939.89,1,1,1,150754.28,1
7417,15607416,Gonzalez,850,France,Male,59,6,0.0,2,1,0,134934.22,0
7418,15607417,Anderson,802,France,Male,49,6,0.0,2,1,1,138592.04,0
7419,15607418,Martin,637,France,Male,51,7,0.0,2,1,1,121917.01,0
7420,15607419,Moore,786,Germany,Female,38,7,0.0,1,0,1,37276.78,0
7421,15607420,Williams,465,France,Female,45,0,121155.35,1,1,1,158227.02,0
7422,15607421,Williams,698,Germany,Male,45,1,48691.9,1,1,1,127957.4,0
7423,15607422,Sanchez,700,France,Male,89,9,29397.82,1,1,0,106648.94,1
7424,15607423,Rodriguez,717,France,Female,43,7,206955.45,1,1,0,15596.05,0
7425,15607424,Brown,601,France,Male,51,0,0.0,2,0,1,34198.34,0
7426,15607425,Lewis,686,France,Male,43,8,42908.71,2,1,0,153416.7,0
7427,15607426,Williams,732,France,Male,49,8,0.0,2,0,1,75506.25,0
7428,15607427,Perez,426,France,Male,53,9,16690.6,1,1,1,111697.57,1
7429,15607428,Lee,619,Germany,Female,42,1,0.0,1,1,0,174412.33,1
7430,15607429,Anderson,563,Germany,Male,63,5,0.0,1,1,0,31600.58,1
7431,15607430,Martinez,713,France,Female,42,3,0.0,2,0,1,35590.56,0
7432,15607431,Perez,782,France,Female,37,9,0.0,1,0,1,81143.1,0
7433,15607432,Robinson,591,France,Female,52,6,0.0,1,0,0,135062.94,1
7434,15607433,Miller,545,France,Male,80,1,0.0,1,1,1,33269.79,0
7435,15607434,Wilson,661,France,Male,35,9,183431.04,1,1,1,106180.75,0
7436,15607435,Lewis,539,Spain,Male,39,0,55338.09,2,0,1,138567.96,0
7437,15607436,Smith,628,France,Male,62,8,79113.87,1,0,1,61066.08,0
7438,15607437,Taylor,618,France,Female,43,8,0.0,1,0,1,70500.8,0
7439,15607438,Ramirez,705,France,Male,54,8,210877.27,2,0,1,175274.92,0
7440,15607439,Lee,680,France,Female,66,4,87457.16,2,0,1,36198.89,0
7441,15607440,Wilson,665,Germany,Male,61,2,119448.02,1,1,0,153936.35,1
7442,15607441,Ramirez,807,France,Female,53,5,201384.2,2,0,1,36216.92,0
7443,15607442,Moore,675,France,Female,53,9,60224.71,2,1,0,86482.57,0
7444,15607443,White,609,Germany,Male,53,0,32215.42,1,1,0,145793.51,1
7445,15607444,Lee,621,France,Male,55,9,127136.36,2,1,1,75091.95,0
7446,15607445,Clark,576,Germany,Male,70,7,114171.58,2,0,1,15693.38,0
7447,15607446,Wilson,552,Germany,Male,40,9,211348.68,2,0,0,70836.17,0
7448,15607447,Smith,516,France,Male,39,3,0.0,2,0,0,45727.43,0
7449,15607448,Hernandez,758,Germany,Male,59,1,0.0,1,1,1,30164.43,1
7450,15607449,Hernandez,581,France,Male,44,10,107057.41,2,0,0,121225.93,0
7451,15607450,Hernandez,680,Germany,Female,37,3,0.0,1,1,0,7489.12,0
7452,15607451,Garcia,621,France,Male,74,0,8642.89,1,0,1,169475.3,0
7453,15607452,Gonzalez,647,France,Male,54,9,144277.25,2,1,1,150741.63,0
7454,15607453,Brown,760,Germany,Male,34,9,37540.78,1,0,0,150908.86,0
7455,15607454,Jones,666,Spain,Male,76,7,0.0,1,1,1,148083.24,0
7456,15607455,Garcia,561,Spain,Male,60,5,100460.84,2,0,0,54212.11,0
7457,15607456,Wilson,595,Germany,Female,48,0,91831.16,1,0,1,25262.67,0
7458,15607457,Rodriguez,732,France,Male,52,0,77004.03,1,0,1,198534.98,0
7459,15607458,Gonzalez,696,France,Male,64,1,52207.75,2,0,0,199096.58,0
7460,15607459,Martin,738,France,Male,37,6,122346.1,2,0,1,189916.31,0
7461,15607460,Jones,627,France,Male,65,1,0.0,1,1,1,135613.73,0
7462,15607461,Smith,515,France,Male,51,2,96982.63,2,1,0,92760.2,0
7463,15607462,Wilson,698,Spain,Female,49,10,0.0,1,0,0,39485.0,0
7464,15607463,Garcia,674,France,Male,85,8,131033.76,1,0,1,109681.19,0
7465,15607464,Davis,676,France,Male,70,0,82479.42,1,1,0,59765.94,1
7466,15607465,Smith,517,France,Female,43,8,75235.25,2,0,0,38998.91,0
7467,15607466,Perez,588,Spain,Male,55,5,0.0,2,1,1,153876.04,0
7468,15607467,Robinson,559,Germany,Male,42,8,44973.31,1,1,0,22051.4,1
7469,15607468,Perez,688,Germany,Female,58,9,0.0,2,0,0,155739.43,0
7470,15607469,Hernandez,691,France,Male,81,10,0.0,1,1,0,45933.1,0
7471,15607470,Moore,645,Spain,Female,73,7,123378.16,1,1,1,162.15,0
7472,15607471,Martinez,742,France,Male,57,6,209012.97,2,1,0,32773.23,0
7473,15607472,Ramirez,793,Spain,Male,56,9,162746.86,2,1,1,169918.44,0
7474,15607473,Garcia,683,Germany,Male,50,6,29183.34,1,1,0,104022.43,1
7475,15607474,Harris,714,France,Male,82,5,225152.24,1,0,0,153479.26,1
7476,15607475,Lewis,598,France,Male,63,10,0.0,2,1,1,60254.55,0
7477,15607476,Gonzalez,580,Germany,Male,47,7,0.0,1,1,1,184281.88,0
7478,15607477,Lewis,746,France,Female,53,8,6398.01,1,1,1,179805.04,0
7479,15607478,Gonzalez,566,Spain,Female,54,7,57819.38,1,1,0,64270.27,0
7480,15607479,Martinez,716,France,Male,43,8,0.0,2,1,1,170235.49,0
7481,15607480,Thomas,815,France,Female,54,4,0.0,1,1,1,49099.86,0
7482,15607481,Wilson,712,France,Female,59,2,65706.05,2,0,0,195478.42,0
7483,15607482,Taylor,642,France,Female,42,3,0.0,1,1,0,103302.69,0
7484,15607483,Thomas,521,France,Male,66,3,118713.88,2,1,1,110494.27,1
7485,15607484,Ramirez,665,France,Female,45,8,0.0,2,1,1,3738.7,0
7486,15607485,Gonzalez,746,Germany,Male,47,8,0.0,2,1,0,149932.21,1
7487,15607486,Clark,632,France,Male,45,0,145941.44,1,0,0,49018.57,0
7488,15607487,Thomas,748,Spain,Male,43,4,93618.63,2,1,1,34283.75,0
7489,15607488,Martin,685,Germany,Female,69,1,0.0,1,1,0,75083.94,1
7490,15607489,Wilson,677,Spain,Female,72,4,90858.51,1,1,0,65713.68,1
7491,15607490,Martinez,619,France,Female,46,10,0.0,1,0,1,28124.3,0
7492,15607491,Wilson,510,France,Male,67,4,216970.52,1,1,0,158549.44,0
7493,15607492,Williams,609,France,Female,38,2,141884.48,1,1,1,144264.97,0
7494,15607493,Martin,608,Germany,Male,49,3,102671.79,1,1,0,57575.79,1
7495,15607494,Garcia,705,Spain,Male,40,6,100460.86,1,0,0,99484.04,1
7496,15607495,Martinez,648,France,Male,84,9,0.0,2,1,0,57874.69,1
7497,15607496,Wilson,753,France,Male,70,3,0.0,1,0,1,18602.38,0
7498,15607497,Martinez,677,Spain,Female,36,2,57720.83,1,1,0,79956.12,0
7499,15607498,Clark,601,France,Male,43,9,173717.83,1,1,0,73881.71,0
7500,15607499,Smith,571,Germany,Female,49,3,0.0,1,1,1,177899.08,0
7501,15607500,Jones,592,Germany,Male,51,10,109842.03,1,1,0,131248.49,0
7502,15607501,Sanchez,665,Spain,Male,39,1,67158.97,1,0,0,155330.13,0
7503,15607502,Thomas,614,France,Female,61,0,0.0,1,1,0,134844.49,1
7504,15607503,White,546,France,Male,67,4,14017.7,2,1,0,55229.83,0
7505,15607504,Wilson,746,Germany,Female,56,8,0.0,2,0,1,163019.74,0
7506,15607505,Lee,664,Spain,Female,55,8,66612.99,1,1,1,136533.82,0
7507,15607506,Sanchez,676,France,Male,45,0,56286.36,2,1,0,20357.3,0
7508,15607507,Davis,571,France,Female,48,0,211259.23,2,1,1,90359.52,0
7509,15607508,Perez,550,Germany,Male,55,7,138763.22,3,0,0,6640.22,1
7510,15607509,Robinson,634,Spain,Female,56,6,0.0,1,1,1,71292.26,0
7511,15607510,Davis,455,Spain,Male,52,6,0.0,1,0,1,124620.27,0
7512,15607511,Lewis,724,Spain,Male,65,8,0.0,2,0,0,103930.09,0
7513,15607512,Garcia,582,France,Male,59,4,43695.24,2,1,1,94936.42,0
7514,15607513,White,624,France,Female,67,7,121730.62,1,1,0,40543.24,0
7515,15607514,Martinez,690,Germany,Female,53,6,96408.52,1,0,0,21822.4,1
7516,15607515,Anderson,628,Spain,Female,53,1,57091.19,2,1,1,81321.17,0
7517,15607516,Thomas,537,France,Female,64,1,113217.49,1,0,1,85372.85,0
7518,15607517,Wilson,794,France,Male,42,3,64023.29,2,1,0,145766.19,0
7519,15607518,Anderson,502,Spain,Female,92,0,108598.09,2,1,1,24318.29,0
7520,15607519,Lewis,435,France,Male,45,9,0.0,1,1,0,68171.14,0
7521,15607520,Garcia,733,France,Female,44,4,0.0,1,1,1,69998.54,0
7522,15607521,Hernandez,509,Germany,Female,66,4,131433.73,2,1,1,84176.5,0
7523,15607522,Smith,770,Germany,Male,60,0,86886.15,2,1,0,25350.29,1
7524,15607523,Clark,686,Germany,Female,62,4,123107.69,1,1,1,132917.25,1
7525,15607524,Davis,677,France,Male,54,3,0.0,1,1,1,76279.91,0
7526,15607525,Lee,595,Germany,Female,42,9,192449.7,2,1,0,108445.2,0
7527,15607526,Gonzalez,570,Germany,Female,77,10,115432.87,1,1,0,17950.32,1
7528,15607527,Martin,613,Germany,Female,66,4,294761.53,2,1,1,138785.06,0
7529,15607528,Jackson,565,Germany,Female,46,3,0.0,1,1,1,130137.39,0
7530,15607529,Garcia,765,France,Male,64,8,0.0,2,0,1,86278.07,0
7531,15607530,Wilson,578,France,Female,47,8,2010.37,2,1,0,92931.42,0
7532,15607531,Davis,698,France,Male,48,2,51416.91,1,0,0,55491.73,0
7533,15607532,Hernandez,746,France,Male,49,2,0.0,2,1,1,59555.18,0
7534,15607533,Jackson,565,Germany,Female,45,2,72845.82,2,1,1,188392.65,0
7535,15607534,Smith,686,Spain,Female,53,6,0.0,1,1,0,2276.3,1
7536,15607535,Wilson,564,Germany,Female,66,0,112459.58,4,1,0,110357.63,1
7537,15607536,Anderson,633,Spain,Male,58,3,85975.7,2,0,1,61967.59,0
7538,15607537,Miller,605,France,Female,62,8,0.0,1,1,1,70673.22,0
7539,15607538,Rodriguez,583,France,Female,56,7,0.0,1,1,0,105511.85,1
7540,15607539,Martinez,665,France,Male,34,2,131287.05,1,1,0,79040.63,0
7541,15607540,Lopez,533,France,Male,89,7,0.0,1,1,0,29814.74,1
7542,15607541,Ramirez,739,France,Female,69,5,0.0,2,0,0,44810.92,1
7543,15607542,Wilson,546,Germany,Female,56,9,121298.02,1,0,1,6527.34,0
7544,15607543,Williams,528,Spain,Female,41,10,0.0,1,0,0,75567.92,0
7545,15607544,Thompson,625,France,Male,61,2,65135.42,2,0,1,179012.25,0
7546,15607545,Rodriguez,614,France,Female,53,8,0.0,1,1,0,98223.09,0
7547,15607546,Ramirez,684,Spain,Female,55,9,16106.06,1,0,0,109486.05,1
7548,15607547,Jones,658,France,Male,65,6,66339.04,1,0,0,88903.71,0
7549,15607548,Martin,493,Spain,Female,57,7,121744.35,1,1,1,177481.07,1
7550,15607549,Hernandez,744,Germany,Female,72,9,92639.81,2,0,0,85936.54,1
7551,15607550,Thomas,623,Spain,Male,48,10,34484.41,1,1,1,150811.8,0
7552,15607551,Davis,673,France,Male,38,1,84114.83,1,1,0,150265.8,0
7553,15607552,Smith,850,Germany,Male,52,2,66335.0,1,1,0,99634.87,0
7554,15607553,Lopez,773,France,Female,48,6,0.0,2,0,0,130950.4,0
7555,15607554,White,670,Germany,Female,59,1,0.0,1,1,1,87262.37,0
7556,15607555,Lee,518,France,Male,44,5,53856.89,1,1,1,149881.88,0
7557,15607556,Perez,519,France,Male,48,6,29505.52,1,0,0,172371.09,0
7558,15607557,Robinson,761,Germany,Male,60,10,0.0,1,0,0,178021.98,1
7559,15607558,Jackson,611,Germany,Female,50,10,67952.77,1,1,1,19768.18,1
7560,15607559,Rodriguez,633,Spain,Female,67,5,105051.39,1,0,0,66745.98,1
7561,15607560,White,540,Germany,Female,44,4,0.0,3,1,1,58988.39,1
7562,15607561,Jones,692,Germany,Female,41,8,0.0,2,0,0,169196.36,0
7563,15607562,Sanchez,759,France,Female,61,2,0.0,2,1,1,128224.91,0
7564,15607563,Williams,796,Germany,Male,40,4,20519.95,1,1,1,79933.14,0
7565,15607564,Sanchez,606,Germany,Female,35,4,52969.63,2,1,1,71145.92,0
7566,15607565,Lewis,711,Spain,Female,41,7,0.0,2,1,1,2570.99,0
7567,15607566,Thompson,640,Spain,Female,68,7,8879.92,1,1,1,177345.59,0
7568,15607567,Sanchez,734,France,Female,46,0,96955.75,2,1,1,159317.1,0
7569,15607568,Smith,649,Spain,Female,48,5,216196.91,1,1,1,90690.93,0
7570,15607569,White,570,France,Female,62,5,150901.2,2,1,1,8237.88,1
7571,15607570,Lopez,776,France,Female,65,10,37230.27,2,1,1,178484.66,0
7572,15607571,Thomas,659,Germany,Female,63,9,90589.49,2,1,1,58306.2,1
7573,15607572,Thompson,616,France,Female,61,1,0.0,1,1,0,71720.08,0
7574,15607573,Martin,667,Germany,Male,45,4,125430.89,1,0,1,178361.34,0
7575,15607574,Garcia,579,France,Male,54,5,92995.71,1,0,1,113309.18,0
7576,15607575,Wilson,689,France,Female,39,2,67571.87,2,0,1,94494.43,0
7577,15607576,Brown,631,Germany,Male,49,0,211044.89,3,0,1,89694.46,1
7578,15607577,Gonzalez,573,Germany,Male,37,8,0.0,1,0,1,106994.81,0
7579,15607578,Taylor,850,Spain,Male,67,1,0.0,1,1,1,26324.93,0
7580,15607579,Ramirez,553,Germany,Female,48,3,0.0,1,0,0,53285.44,0
7581,15607580,Miller,683,Germany,Male,54,8,0.0,1,0,0,3937.05,0
7582,15607581,Martinez,655,France,Male,83,8,0.0,1,1,1,183798.32,0
7583,15607582,Brown,551,France,Male,47,7,195122.84,2,1,0,178869.9,0
7584,15607583,Anderson,617,France,Female,69,3,109398.69,2,1,0,124101.25,1
7585,15607584,Lee,521,Germany,Male,39,0,0.0,1,0,0,80634.46,0
7586,15607585,Hernandez,848,Germany,Male,41,10,128583.12,1,1,0,117446.98,1
7587,15607586,Smith,624,France,Female,53,10,0.0,1,1,0,87573.69,0
7588,15607587,Clark,632,Germany,Female,54,6,241309.17,1,1,0,172835.87,0
7589,15607588,Brown,836,Germany,Male,67,1,0.0,1,0,1,115022.06,0
7590,15607589,Gonzalez,570,France,Female,56,7,0.0,1,0,0,155922.4,0
7591,15607590,Smith,774,France,Male,54,9,0.0,1,0,0,28329.47,0
7592,15607591,Williams,706,Spain,Female,45,9,0.0,2,0,0,185257.69,0
7593,15607592,Martin,460,Germany,Male,69,10,51268.97,2,1,0,22812.42,1
7594,15607593,Hernandez,614,Spain,Male,50,1,206662.63,2,1,0,150409.92,0
7595,15607594,Ramirez,691,France,Female,45,9,173595.97,2,1,1,86388.38,0
7596,15607595,Jones,653,Spain,Female,44,2,192720.97,1,1,0,134450.96,0
7597,15607596,Thomas,653,France,Male,54,5,75589.55,1,1,1,177378.01,0
7598,15607597,Lopez,591,France,Male,38,3,175718.1,2,0,0,99437.47,0
7599,15607598,Perez,581,Spain,Female,39,1,133156.43,1,0,1,186984.5,0
7600,15607599,Wilson,620,France,Female,39,0,89958.51,2,1,0,47873.09,0
7601,15607600,Martinez,838,Germany,Male,78,2,137077.98,1,1,1,177067.64,1
7602,15607601,Perez,562,France,Female,73,3,111529.78,1,0,0,83137.34,1
7603,15607602,Williams,603,Germany,Male,43,8,130729.49,1,0,0,97253.44,0
7604,15607603,Gonzalez,652,Spain,Male,34,8,21699.51,2,1,1,86153.72,0
7605,15607604,Sanchez,509,France,Male,56,4,0.0,1,1,0,35849.28,1
7606,15607605,Brown,691,Germany,Male,62,4,0.0,1,1,0,137340.93,1
7607,15607606,Ramirez,526,France,Male,58,6,0.0,1,1,0,107551.16,0
7608,15607607,Thompson,545,Germany,Male,41,7,0.0,1,1,0,161574.77,0
7609,15607608,Lopez,541,France,Male,44,2,0.0,1,1,1,183280.47,0
7610,15607609,Davis,492,France,Male,56,4,336325.53,1,0,0,50555.44,0
7611,15607610,Rodriguez,771,France,Male,39,6,219545.89,2,1,0,144277.43,0
7612,15607611,Jackson,700,France,Male,68,10,173060.3,2,0,0,54080.88,1
7613,15607612,Brown,738,Spain,Female,40,1,38122.83,2,1,0,139971.05,0
7614,15607613,Clark,729,France,Male,54,8,30078.11,3,0,0,65674.22,1
7615,15607614,Williams,633,France,Female,64,2,0.0,2,1,0,164798.03,0
7616,15607615,Jones,647,France,Male,66,6,0.0,2,1,0,160340.72,0
7617,15607616,Sanchez,747,France,Male,66,8,39387.17,1,1,0,40100.14,1
7618,15607617,Harris,807,Germany,Female,45,8,0.0,2,0,0,184914.19,0
7619,15607618,Jones,529,Spain,Female,46,2,0.0,2,1,1,86882.7,0
7620,15607619,Gonzalez,850,France,Male,57,1,0.0,1,1,1,93978.47,0
7621,15607620,Moore,523,Spain,Male,61,10,37915.72,1,0,1,52341.32,0
7622,15607621,Moore,605,Germany,Female,60,4,0.0,1,0,0,69885.57,0
7623,15607622,Thompson,657,France,Female,62,4,21556.51,1,0,0,95654.99,1
7624,15607623,Garcia,665,Germany,Female,59,7,70753.75,1,0,0,32204.67,1
7625,15607624,Smith,838,Germany,Male,56,5,70009.78,1,0,1,115606.34,1
7626,15607625,Hernandez,747,Germany,Male,45,6,0.0,2,1,0,112988.63,1
7627,15607626,Brown,689,Spain,Female,57,10,113061.53,2,1,0,102334.96,0
7628,15607627,Hernandez,749,France,Female,76,7,0.0,1,0,1,60601.86,0
7629,15607628,Clark,683,Spain,Female,49,8,131170.37,2,1,1,10267.85,0
7630,15607629,Miller,585,Spain,Female,48,3,0.0,2,1,1,169241.74,0
7631,15607630,Jones,696,France,Female,60,4,51401.66,2,0,0,90686.18,0
7632,15607631,Davis,656,Germany,Male,40,3,80674.81,2,0,1,141797.05,0
7633,15607632,Wilson,569,France,Male,54,8,189380.33,1,1,0,15320.45,0
7634,15607633,Martinez,771,Spain,Female,67,1,0.0,2,1,0,29664.16,1
7635,15607634,Ramirez,644,Germany,Male,54,7,0.0,2,1,1,154282.33,0
7636,15607635,Perez,542,France,Male,54,10,0.0,1,0,0,134416.6,1
7637,15607636,Robinson,557,France,Male,34,6,0.0,1,0,0,140481.49,0
7638,15607637,Ramirez,701,Germany,Male,49,6,0.0,1,1,0,4956.95,0
7639,15607638,Harris,750,France,Male,42,7,36966.87,1,1,0,76363.71,0
7640,15607639,White,696,France,Female,40,10,269128.46,2,0,1,62692.66,0
7641,15607640,Lee,696,France,Male,51,10,58872.6,1,1,1,160019.41,0
7642,15607641,Johnson,572,France,Male,61,0,101844.1,2,1,0,78176.11,0
7643,15607642,Garcia,658,France,Male,50,0,234414.8,1,0,0,1451.37,0
7644,15607643,White,618,France,Male,64,6,0.0,1,1,1,81322.72,0
7645,15607644,Johnson,631,France,Female,61,1,0.0,2,0,1,56789.43,0
7646,15607645,Sanchez,639,Germany,Female,46,3,155489.54,1,1,1,152888.64,0
7647,15607646,Gonzalez,586,Germany,Male,47,5,78133.49,1,1,1,135585.83,0
7648,15607647,Smith,722,France,Female,35,4,0.0,2,1,1,139726.11,0
7649,15607648,Rodriguez,553,France,Male,83,4,0.0,2,1,0,171192.22,1
7650,15607649,Perez,525,Germany,Female,43,10,0.0,1,0,1,191211.05,1
7651,15607650,Taylor,574,France,Male,55,5,112481.54,4,0,1,196348.7,0
7652,15607651,Jackson,734,France,Male,51,9,0.0,1,0,1,196310.14,0
7653,15607652,Davis,682,France,Female,75,6,19629.85,1,0,1,174866.68,0
7654,15607653,Lopez,478,Spain,Female,56,1,60925.71,1,1,0,118199.51,0
7655,15607654,Lee,707,Spain,Male,53,10,0.0,2,1,0,49693.47,0
7656,15607655,Rodriguez,645,Spain,Female,70,3,98311.04,1,0,0,2203.37,0
7657,15607656,Martinez,609,Germany,Male,55,6,101047.99,1,1,1,70479.57,0
7658,15607657,Brown,626,Germany,Female,44,4,0.0,2,0,0,164810.59,0
7659,15607658,Rodriguez,521,France,Male,59,10,0.0,2,0,0,141107.05,0
7660,15607659,Thomas,666,Germany,Female,39,9,41286.81,1,1,1,28118.07,0
7661,15607660,Brown,528,France,Male,43,8,31847.51,1,1,0,152.12,0
7662,15607661,Anderson,616,Germany,Male,48,5,55238.19,1,0,1,52595.36,0
7663,15607662,Johnson,616,Spain,Female,41,3,56701.6,1,0,1,153875.11,0
7664,15607663,Smith,723,Germany,Female,49,10,0.0,2,1,0,133107.11,0
7665,15607664,Brown,653,France,Female,32,10,0.0,1,1,0,131685.73,0
7666,15607665,White,717,France,Male,54,9,0.0,2,1,0,139409.29,0
7667,15607666,Martinez,535,Germany,Male,58,3,0.0,2,0,0,54297.37,0
7668,15607667,Garcia,639,Germany,Male,46,2,71500.9,2,1,0,118250.58,1
7669,15607668,Rodriguez,700,Spain,Male,37,5,0.0,1,0,0,195874.05,0
7670,15607669,Brown,769,France,Female,52,7,86511.66,1,1,0,56019.18,0
7671,15607670,Moore,540,Spain,Male,61,0,57586.59,2,1,1,173162.13,0
7672,15607671,Gonzalez,569,Germany,Female,39,1,0.0,1,0,0,181202.68,0
7673,15607672,Smith,698,Spain,Female,92,3,100449.14,1,0,1,79530.39,1
7674,15607673,Martin,804,Germany,Male,55,6,94629.97,1,1,1,14930.5,0
7675,15607674,White,677,Germany,Female,61,1,0.0,1,1,0,198607.41,1
7676,15607675,White,543,Germany,Female,90,10,0.0,2,0,0,18840.79,1
7677,15607676,Perez,545,Germany,Female,57,9,0.0,1,1,1,165532.44,1
7678,15607677,Lewis,662,Spain,Male,44,7,118237.74,2,1,1,69485.77,0
7679,15607678,Clark,684,France,Female,45,2,0.0,2,1,0,121907.05,0
7680,15607679,Clark,628,France,Male,66,1,102617.33,1,0,1,60151.57,0
7681,15607680,Martinez,546,Spain,Male,63,6,163943.63,2,0,0,74984.41,1
7682,15607681,Clark,755,Germany,Female,66,10,0.0,2,0,1,56703.65,0
7683,15607682,Martinez,616,Germany,Female,60,9,814.29,1,1,0,41069.05,1
7684,15607683,Garcia,700,France,Male,58,8,235832.96,1,0,0,72424.17,0
7685,15607684,Gonzalez,479,France,Female,33,3,43424.79,2,0,1,173089.02,0
7686,15607685,Martinez,765,Spain,Female,62,1,0.0,1,1,1,16325.4,0
7687,15607686,Moore,584,Germany,Male,57,8,121589.96,1,1,1,2240.39,0
7688,15607687,Gonzalez,779,France,Female,42,9,135066.44,1,0,1,47207.49,0
7689,15607688,Lee,708,France,Female,45,4,141005.5,2,1,0,169363.15,0
7690,15607689,Taylor,512,Spain,Female,64,9,148813.48,2,1,0,186058.22,1
7691,15607690,Jones,673,France,Male,91,6,94595.03,2,1,0,162575.49,0
7692,15607691,Lewis,809,Spain,Male,67,9,73533.56,1,1,0,7574.16,0
7693,15607692,Brown,592,France,Female,77,4,30656.57,1,0,1,39093.48,1
7694,15607693,Sanchez,809,Germany,Male,38,4,43980.97,2,1,1,65919.8,0
7695,15607694,Sanchez,687,Spain,Male,68,5,0.0,1,1,1,136699.53,0
7696,15607695,Anderson,778,Germany,Female,63,4,55673.41,2,1,1,65464.55,0
7697,15607696,Jackson,665,France,Male,56,7,115331.52,2,1,1,98891.15,0
7698,15607697,Miller,638,Germany,Female,47,10,0.0,1,1,1,8164.18,0
7699,15607698,Johnson,826,France,Female,58,10,14909.34,1,1,1,7399.57,0
7700,15607699,Rodriguez,719,France,Female,65,3,40039.87,2,1,1,146426.02,0
7701,15607700,Rodriguez,627,Spain,Female,53,2,0.0,2,1,0,21024.89,0
7702,15607701,Rodriguez,690,Spain,Male,45,2,0.0,2,1,1,55132.73,0
7703,15607702,Rodriguez,595,Germany,Male,73,1,102767.97,2,1,0,964.06,1
7704,15607703,Garcia,660,France,Female,50,7,0.0,1,0,0,109771.39,0
7705,15607704,Johnson,764,France,Male,57,6,96072.23,2,1,1,108677.22,0
7706,15607705,Gonzalez,634,France,Female,35,5,148686.08,1,1,1,89266.21,0
7707,15607706,Williams,566,Germany,Female,44,1,0.0,2,0,1,157370.52,1
7708,15607707,Garcia,557,Spain,Male,68,1,90511.82,2,1,0,76767.2,1
7709,15607708,Thompson,657,Germany,Female,67,9,28545.98,2,1,1,49615.33,1
7710,15607709,Miller,572,Spain,Male,58,0,105982.05,2,1,0,66939.39,0
7711,15607710,Jones,512,France,Male,35,9,0.0,2,0,0,138152.5,0
7712,15607711,Robinson,534,France,Female,45,1,0.0,1,1,1,189511.05,0
7713,15607712,Anderson,762,France,Female,82,8,75535.88,2,1,1,140956.06,0
7714,15607713,Miller,636,France,Male,54,0,0.0,1,0,0,198326.61,0
7715,15607714,Johnson,655,France,Male,64,9,168338.73,2,0,1,121309.29,0
7716,15607715,Garcia,557,Spain,Male,45,3,32542.11,1,1,0,189438.49,0
7717,15607716,Williams,594,France,Male,53,1,103654.06,1,1,0,28334.59,1
7718,15607717,Robinson,591,Spain,Male,45,4,178217.88,2,0,1,47607.69,0
7719,15607718,Robinson,623,France,Male,49,9,0.0,1,1,0,132144.8,0
7720,15607719,Miller,490,Spain,Female,44,7,144736.21,1,0,0,97808.23,0
7721,15607720,Wilson,754,Germany,Female,51,0,0.0,1,0,0,72720.51,1
7722,15607721,Wilson,648,Spain,Male,51,8,0.0,1,0,0,71002.79,1
7723,15607722,Anderson,669,France,Male,62,6,0.0,2,1,1,60259.7,0
7724,15607723,Anderson,737,Germany,Female,37,4,149686.93,1,1,0,162192.51,0
7725,15607724,Wilson,730,Spain,Female,40,4,113607.68,1,0,1,70966.98,0
7726,15607725,Harris,594,France,Female,53,8,0.0,1,1,1,15398.26,0
7727,15607726,Garcia,708,France,Male,41,8,132188.13,1,0,0,30238.72,0
7728,15607727,Garcia,707,France,Male,42,1,105877.06,1,1,0,98836.06,0
7729,15607728,Anderson,680,Spain,Male,76,7,99114.78,1,1,0,25524.86,1
7730,15607729,Moore,751,Germany,Female,61,4,0.0,2,1,0,166497.63,1
7731,15607730,Gonzalez,726,Germany,Male,51,1,0.0,2,1,1,182964.23,0
7732,15607731,Clark,719,France,Female,45,8,0.0,1,1,0,13229.09,1
7733,15607732,Wilson,781,France,Male,78,3,0.0,2,1,0,174279.81,1
7734,15607733,Moore,652,Spain,Male,39,4,0.0,2,0,1,137286.09,0
7735,15607734,Miller,655,France,Female,66,6,99138.88,1,1,1,65097.19,0
7736,15607735,Wilson,728,Germany,Male,79,1,199675.54,2,1,0,50474.15,1
7737,15607736,Davis,632,Spain,Female,53,4,0.0,1,1,1,81116.27,0
7738,15607737,Moore,696,France,Male,58,7,0.0,2,0,0,119925.25,0
7739,15607738,Lopez,596,Germany,Male,58,10,0.0,1,1,0,48119.08,0
7740,15607739,Miller,431,France,Male,62,0,62095.3,2,0,0,176043.78,1
7741,15607740,Martinez,707,Germany,Male,56,10,0.0,1,1,0,5564.42,0
7742,15607741,Garcia,501,France,Male,57,7,178415.81,1,0,0,14079.44,0
7743,15607742,Wilson,582,Germany,Female,44,1,104886.36,2,1,0,95436.23,1
7744,15607743,Martin,728,France,Female,35,3,56620.65,1,0,1,68559.27,0
7745,15607744,Wilson,729,France,Male,65,10,74150.33,2,1,0,62284.26,1
7746,15607745,Taylor,762,Germany,Male,40,2,21849.45,2,1,0,91306.88,1
7747,15607746,Thompson,456,France,Female,74,1,27551.24,2,0,0,114698.02,1
7748,15607747,Moore,678,Germany,Male,51,9,47500.43,1,1,1,29668.89,0
7749,15607748,Clark,625,France,Male,84,9,193204.16,2,1,1,169813.41,0
7750,15607749,Taylor,744,Germany,Male,57,1,77559.98,2,1,0,68745.22,1
7751,15607750,Miller,791,France,Female,48,9,100854.96,1,1,0,98444.59,0
7752,15607751,Hernandez,524,Germany,Male,61,5,0.0,2,0,1,113347.96,0
7753,15607752,Martinez,651,France,Female,81,2,181460.68,2,1,0,129632.43,0
7754,15607753,Thomas,729,France,Male,54,9,18468.4,2,0,1,22565.27,0
7755,15607754,Thompson,617,France,Male,53,3,0.0,1,1,0,168904.51,0
7756,15607755,Martinez,817,Germany,Male,52,3,150360.5,2,0,1,12849.26,0
7757,15607756,White,611,France,Female,48,1,97340.76,1,0,1,43801.24,0
7758,15607757,Harris,621,Spain,Female,56,3,0.0,2,1,0,19689.46,1
7759,15607758,Hernandez,546,Spain,Male,30,1,0.0,2,1,1,152632.23,0
7760,15607759,Harris,664,France,Male,58,3,69405.15,1,1,1,142683.47,0
7761,15607760,Johnson,360,Germany,Female,84,7,143773.74,2,0,1,59786.51,1
7762,15607761,Garcia,626,France,Female,48,8,0.0,2,0,0,156401.15,0
7763,15607762,Miller,771,France,Male,77,3,63857.03,1,1,1,181811.83,1
7764,15607763,Hernandez,515,Germany,Female,59,3,252728.58,1,1,0,36910.97,1
7765,15607764,Wilson,494,Germany,Male,61,6,71721.01,1,1,0,73496.69,1
7766,15607765,Johnson,757,Germany,Male,46,0,86924.97,2,1,0,105834.61,0
7767,15607766,Johnson,770,France,Male,51,6,0.0,2,1,1,60975.26,0
7768,15607767,Martin,519,France,Female,49,8,93422.53,1,0,1,132941.95,0
7769,15607768,Jackson,816,France,Male,63,3,229627.06,1,1,0,166750.37,0
7770,15607769,Jones,691,Germany,Female,43,1,131464.78,1,0,1,146138.32,1
7771,15607770,Davis,750,Germany,Female,42,3,149457.34,1,1,0,188750.37,1
7772,15607771,Anderson,573,Germany,Female,34,1,0.0,1,1,1,77561.17,0
7773,15607772,Robinson,792,France,Male,61,9,116671.95,1,1,0,36473.04,0
7774,15607773,Harris,624,France,Male,40,6,0.0,1,1,1,173987.9,0
7775,15607774,Anderson,620,France,Female,53,5,172604.05,2,1,0,197616.67,0
7776,15607775,Hernandez,696,France,Female,34,10,74843.48,2,1,1,89449.75,0
7777,15607776,Martin,612,France,Female,39,1,0.0,2,1,0,38178.4,0
7778,15607777,Harris,504,Spain,Male,53,5,0.0,2,1,1,57602.09,0
7779,15607778,Ramirez,662,Spain,Male,52,8,57329.34,2,1,0,88263.55,1
7780,15607779,Gonzalez,619,Germany,Female,47,10,0.0,2,0,1,28128.41,0
7781,15607780,White,576,France,Male,58,7,72129.02,1,1,0,78227.27,0
7782,15607781,Thomas,769,France,Female,46,8,96919.62,1,0,1,139317.32,0
7783,15607782,Thompson,850,Spain,Male,72,4,0.0,1,1,0,103995.53,0
7784,15607783,Hernandez,561,France,Male,65,9,91533.28,2,0,0,156849.55,0
7785,15607784,Anderson,668,Spain,Male,69,1,145929.52,2,1,1,21193.11,0
7786,15607785,Lewis,611,France,Male,70,4,151804.9,2,0,1,167795.54,1
7787,15607786,Taylor,850,France,Male,53,9,0.0,1,1,1,66795.57,0
7788,15607787,Perez,697,Spain,Female,61,2,122145.66,1,0,1,70705.77,0
7789,15607788,Jackson,738,France,Male,53,10,0.0,1,1,1,118546.35,0
7790,15607789,Clark,763,Germany,Male,59,3,0.0,2,1,1,144094.92,0
7791,15607790,Moore,662,Germany,Female,54,6,0.0,2,0,0,30940.91,1
7792,15607791,Rodriguez,632,France,Male,55,1,0.0,2,1,1,4061.24,0
7793,15607792,Lewis,795,France,Male,75,5,0.0,1,1,0,55364.61,0
7794,15607793,Clark,724,Germany,Female,36,10,30189.79,2,0,0,65764.3,1
7795,15607794,Perez,568,Germany,Female,55,0,71104.68,2,0,1,30485.05,1
7796,15607795,Lewis,580,France,Male,55,9,111118.37,2,0,0,153418.95,0
7797,15607796,Smith,612,Spain,Male,46,2,84496.31,1,0,0,131158.47,0
7798,15607797,Jackson,761,France,Female,60,10,0.0,2,1,1,40680.12,0
7799,15607798,Miller,791,France,Male,52,6,151808.63,1,0,1,31031.98,0
7800,15607799,Williams,850,France,Female,47,10,124115.22,3,1,1,97294.23,0
7801,15607800,Anderson,581,France,Female,55,4,72063.93,1,1,0,171039.47,1
7802,15607801,Davis,663,France,Female,77,7,63433.47,1,1,0,75158.63,0
7803,15607802,Wilson,611,Spain,Male,92,6,0.0,1,1,1,125949.11,0
7804,15607803,Harris,632,France,Male,50,6,229433.57,1,0,0,44664.24,0
7805,15607804,Rodriguez,739,France,Female,49,0,32723.46,1,1,0,181028.25,0
7806,15607805,Miller,645,France,Male,52,0,122108.67,2,0,1,163081.71,0
7807,15607806,Robinson,776,Germany,Male,38,5,0.0,2,0,0,166421.4,0
7808,15607807,Hernandez,600,Spain,Female,51,7,64913.75,1,1,0,2167.58,1
7809,15607808,Miller,721,France,Male,35,2,0.0,1,1,0,97816.83,0
7810,15607809,Sanchez,607,France,Male,35,7,0.0,2,1,1,5277.54,0
7811,15607810,Sanchez,473,France,Female,44,7,122658.7,1,0,1,169644.94,0
7812,15607811,Davis,551,France,Male,59,0,42115.34,1,1,1,34408.64,0
7813,15607812,Martin,661,France,Male,43,10,22628.87,1,1,0,144900.82,0
7814,15607813,Sanchez,834,France,Male,56,4,150350.87,2,1,1,49626.38,0
7815,15607814,Sanchez,605,France,Female,49,8,128403.85,1,1,0,166925.07,0
7816,15607815,Johnson,633,Germany,Male,46,10,102248.58,2,0,0,62777.6,0
7817,15607816,Garcia,697,France,Male,66,9,0.0,3,1,0,8202.25,1
7818,15607817,Lee,592,Spain,Female,54,9,120897.3,2,1,0,9470.57,0
7819,15607818,Clark,603,Spain,Female,58,10,152541.63,1,1,1,171620.52,1
7820,15607819,Wilson,656,Germany,Male,49,2,64900.21,2,0,1,178932.49,0
7821,15607820,Ramirez,608,France,Female,63,8,0.0,1,1,0,149201.85,1
7822,15607821,Miller,478,France,Male,41,10,0.0,2,1,0,194273.05,1
7823,15607822,Harris,587,France,Female,69,8,155916.89,2,1,1,182836.93,1
7824,15607823,Taylor,709,Germany,Male,32,0,118141.48,2,1,1,143422.23,0
7825,15607824,Lopez,712,France,Male,33,1,70949.2,2,1,1,2502.07,0
7826,15607825,Hernandez,778,Spain,Female,47,2,0.0,2,1,1,37620.19,0
7827,15607826,Clark,770,Spain,Male,49,3,0.0,2,0,1,43739.14,0
7828,15607827,Davis,563,France,Male,49,4,63615.11,2,1,1,55994.05,0
7829,15607828,Gonzalez,578,Germany,Male,43,4,0.0,2,1,0,54203.83,0
7830,15607829,Jones,582,France,Female,78,9,0.0,1,0,0,38184.74,0
7831,15607830,Rodriguez,635,France,Male,52,10,141969.98,1,0,0,97170.53,0
7832,15607831,Robinson,590,France,Male,70,4,92817.21,1,1,1,192196.12,0
7833,15607832,Martin,633,France,Male,36,2,0.0,2,0,0,9229.9,0
7834,15607833,Garcia,566,Spain,Male,43,5,0.0,1,1,1,33997.02,0
7835,15607834,Brown,725,France,Male,41,3,62280.67,2,0,1,72940.5,0
7836,15607835,Johnson,558,France,Male,35,8,0.0,1,1,1,121913.96,0
7837,15607836,Thompson,554,Germany,Male,55,1,143777.7,2,0,0,26920.93,1
7838,15607837,Ramirez,699,Germany,Male,47,10,10677.23,1,1,1,111956.1,0
7839,15607838,Thomas,719,France,Female,39,0,47752.23,2,1,0,26683.08,0
7840,15607839,Perez,628,Spain,Female,44,6,17094.57,2,1,1,40799.13,0
7841,15607840,Brown,733,Germany,Female,61,8,0.0,1,1,1,3501.1,1
7842,15607841,Smith,726,France,Male,73,9,162831.09,1,1,0,192090.46,0
7843,15607842,Sanchez,832,France,Female,47,8,0.0,1,0,0,52220.63,0
7844,15607843,Jackson,720,France,Male,45,2,207073.72,1,1,1,122331.45,0
7845,15607844,Lewis,813,Spain,Female,48,10,49677.41,1,0,1,49570.8,0
7846,15607845,Hernandez,655,Germany,Male,45,0,139473.28,2,0,0,185328.91,1
7847,15607846,Rodriguez,784,Spain,Male,45,8,12224.42,1,1,0,9050.95,0
7848,15607847,Gonzalez,786,France,Male,75,6,162841.17,1,1,1,98834.37,0
7849,15607848,Anderson,636,France,Male,62,7,0.0,1,0,1,65373.28,1
7850,15607849,Thomas,583,France,Female,64,10,0.0,2,1,0,73152.76,1
7851,15607850,Moore,600,France,Female,43,5,88563.36,2,1,1,20207.52,1
7852,15607851,Gonzalez,689,Germany,Female,61,9,132373.06,2,1,0,78417.75,0
7853,15607852,Clark,539,Spain,Female,50,5,140744.94,2,1,0,146703.23,0
7854,15607853,Brown,606,France,Male,41,10,134982.71,2,1,0,136783.47,0
7855,15607854,White,764,France,Male,87,3,131740.7,1,1,0,183754.83,1
7856,15607855,Lopez,714,France,Female,58,1,133971.6,1,1,0,11881.72,1
7857,15607856,Miller,424,France,Female,74,0,83717.46,1,1,1,180636.38,0
7858,15607857,Jones,522,France,Female,67,5,135325.37,1,1,0,90271.98,0
7859,15607858,Johnson,850,France,Male,35,8,69439.29,1,1,1,84110.02,0
7860,15607859,Davis,763,France,Female,43,9,77441.16,1,1,0,86109.85,0
7861,15607860,Miller,594,France,Female,61,9,80484.7,1,0,1,138964.69,0
7862,15607861,Harris,507,France,Male,49,1,44264.89,3,1,1,89593.46,1
7863,15607862,Ramirez,530,France,Male,58,0,0.0,1,1,1,195549.38,0
7864,15607863,White,698,Germany,Male,67,0,143019.85,1,1,0,136072.6,0
7865,15607864,Moore,839,France,Female,35,6,106949.09,2,1,1,121168.96,0
7866,15607865,Harris,833,Spain,Male,57,0,10291.17,1,1,1,31513.43,0
7867,15607866,Perez,498,France,Male,47,8,162710.56,2,0,1,47578.55,0
7868,15607867,Gonzalez,621,France,Male,62,8,0.0,1,0,0,136122.34,0
7869,15607868,Wilson,567,France,Male,70,10,0.0,2,0,0,75680.73,1
7870,15607869,Martinez,663,France,Male,52,2,0.0,1,0,0,153367.27,0
7871,15607870,Lee,522,Spain,Male,50,10,182877.81,2,1,1,85729.89,0
7872,15607871,Thompson,597,France,Female,58,1,104056.64,1,1,1,174366.53,0
7873,15607872,Perez,566,Spain,Female,62,8,108379.3,2,0,1,119231.57,0
7874,15607873,Gonzalez,700,Spain,Male,82,2,204244.71,2,0,0,168866.95,1
7875,15607874,White,600,Germany,Female,33,1,0.0,1,1,0,176188.17,0
7876,15607875,Taylor,614,Germany,Female,81,3,177968.95,2,1,1,65839.32,0
7877,15607876,White,699,Germany,Male,68,6,132078.92,1,1,1,78618.09,0
7878,15607877,Clark,807,France,Male,74,3,176558.18,1,1,1,144806.06,0
7879,15607878,Robinson,850,Germany,Male,52,7,2802.37,1,1,0,24540.37,1
7880,15607879,Clark,693,France,Male,48,4,0.0,1,0,0,28835.52,0
7881,15607880,Gonzalez,641,France,Male,36,1,38501.49,2,1,1,164337.19,0
7882,15607881,Moore,776,France,Female,45,9,0.0,1,1,1,2583.71,0
7883,15607882,Anderson,762,Germany,Male,61,3,155368.46,1,1,1,7523.34,0
7884,15607883,Davis,734,Spain,Female,45,6,0.0,2,1,1,115123.78,0
7885,15607884,Williams,498,France,Male,54,0,0.0,2,1,1,192589.36,0
7886,15607885,Anderson,765,Spain,Male,59,6,0.0,1,0,1,186548.47,0
7887,15607886,Rodriguez,684,France,Male,63,2,0.0,2,1,0,88209.65,1
7888,15607887,Smith,564,France,Male,86,6,109674.52,1,1,0,159828.6,0
7889,15607888,Moore,585,France,Female,54,2,0.0,2,1,1,139303.54,0
7890,15607889,Taylor,705,France,Female,62,7,0.0,1,1,0,160727.15,1
7891,15607890,Davis,408,France,Male,49,3,247837.66,1,1,1,48550.7,0
7892,15607891,Harris,637,Germany,Female,42,0,115744.83,3,0,1,65325.68,0
7893,15607892,Lee,587,Spain,Female,46,0,0.0,2,1,1,155384.25,0
7894,15607893,Thomas,577,France,Female,51,3,125196.27,1,1,1,54689.07,0
7895,15607894,Miller,606,France,Male,59,8,85145.28,1,1,0,151583.72,1
7896,15607895,Robinson,507,Spain,Female,81,4,0.0,1,0,1,150549.06,1
7897,15607896,Jackson,751,Germany,Male,53,4,54364.35,2,1,1,152903.81,0
7898,15607897,Thomas,445,France,Female,47,2,0.0,1,1,0,87308.54,1
7899,15607898,Harris,666,France,Male,47,4,116543.86,2,1,0,38542.44,0
7900,15607899,Harris,568,Spain,Male,57,6,95683.89,1,1,0,19133.26,1
7901,15607900,Lee,840,Germany,Male,56,2,0.0,1,1,1,38816.05,0
7902,15607901,Martinez,652,France,Male,55,4,140545.97,1,1,1,98163.62,0
7903,15607902,Miller,446,France,Female,51,2,0.0,2,0,1,52216.73,0
7904,15607903,Martinez,702,Spain,Male,63,0,0.0,2,1,0,171743.0,0
7905,15607904,Garcia,545,France,Male,35,5,81837.97,2,1,1,146662.1,0
7906,15607905,Miller,744,Spain,Female,60,2,0.0,2,0,1,148131.11,0
7907,15607906,Thompson,709,France,Male,48,1,0.0,1,0,0,59217.48,0
7908,15607907,White,791,Spain,Male,58,2,35165.16,2,1,1,94017.01,0
7909,15607908,Brown,667,France,Female,60,4,0.0,1,1,1,126829.41,0
7910,15607909,Perez,728,France,Male,47,4,55298.04,1,1,0,88879.78,0
7911,15607910,Garcia,654,Spain,Male,90,8,159689.56,1,1,1,158910.32,1
7912,15607911,Jackson,593,France,Male,43,10,0.0,1,1,0,118185.31,0
7913,15607912,Johnson,752,Germany,Female,72,8,22859.03,1,1,0,119503.52,1
7914,15607913,Davis,531,France,Female,51,1,0.0,2,1,1,11519.57,0
7915,15607914,Brown,646,France,Male,66,10,0.0,2,1,0,158869.29,0
7916,15607915,White,595,France,Male,37,5,70070.12,2,0,0,24728.4,1
7917,15607916,Perez,730,Germany,Male,59,8,4040.61,1,1,0,40107.56,1
7918,15607917,Thomas,559,France,Female,52,8,115209.66,2,1,1,23633.2,0
7919,15607918,Wilson,610,France,Male,61,10,0.0,1,1,0,167078.97,0
7920,15607919,Gonzalez,654,France,Female,61,5,115836.79,1,1,1,176873.2,0
7921,15607920,Rodriguez,792,Germany,Male,65,0,49081.98,4,1,0,195479.9,1
7922,15607921,Wilson,598,Germany,Female,72,0,0.0,1,1,0,33126.19,0
7923,15607922,Lee,611,France,Female,77,8,77304.71,1,0,1,170025.0,0
7924,15607923,Williams,520,France,Female,39,2,138999.83,1,1,0,116362.43,0
7925,15607924,Wilson,555,Spain,Male,36,4,85031.43,2,1,1,180461.65,0
7926,15607925,Sanchez,689,France,Female,48,5,69777.92,1,1,0,58477.65,0
7927,15607926,Williams,653,Spain,Male,56,0,0.0,2,0,0,55461.59,0
7928,15607927,Sanchez,654,Spain,Male,48,0,0.0,1,1,1,161093.78,0
7929,15607928,Johnson,817,Spain,Male,66,3,0.0,2,0,0,49551.21,0
7930,15607929,Perez,489,France,Female,75,5,0.0,2,0,0,14491.92,1
7931,15607930,Harris,850,Spain,Female,64,7,154226.88,1,0,0,88119.7,1
7932,15607931,Lewis,763,Spain,Male,40,6,0.0,2,0,0,120959.34,0
7933,15607932,Smith,618,Germany,Female,72,1,255156.71,1,1,0,141317.92,1
7934,15607933,Taylor,687,France,Male,47,3,127871.48,1,1,1,28277.69,1
7935,15607934,Clark,584,France,Female,34,4,40173.95,1,1,1,102910.45,0
7936,15607935,Martin,680,France,Female,41,7,49286.62,2,1,1,66665.24,0
7937,15607936,Lewis,850,Germany,Female,66,6,109389.18,1,1,1,89783.02,1
7938,15607937,Williams,587,Germany,Male,61,3,0.0,2,0,1,19242.5,0
7939,15607938,Taylor,627,France,Female,53,7,168949.45,2,1,1,148048.8,0
7940,15607939,Davis,577,France,Female,49,10,155847.12,1,1,0,128230.87,0
7941,15607940,Jackson,592,France,Female,40,7,140817.23,2,1,0,106158.32,0
7942,15607941,Miller,611,Germany,Male,48,3,0.0,2,1,1,36114.85,0
7943,15607942,Thomas,544,Spain,Female,38,10,276657.12,2,1,0,34572.86,0
7944,15607943,Brown,624,France,Female,61,1,42006.53,2,1,1,40268.88,1
7945,15607944,Anderson,655,France,Male,65,2,61501.52,2,1,1,157555.49,0
7946,15607945,Johnson,611,France,Male,62,4,0.0,2,0,1,72085.49,0
7947,15607946,Lopez,429,Germany,Male,67,0,103469.28,1,1,0,75000.42,1
7948,15607947,Thompson,635,Germany,Female,55,4,0.0,2,1,1,71065.58,1
7949,15607948,Lewis,645,Spain,Male,66,3,114645.22,1,1,0,25529.72,1
7950,15607949,Ramirez,832,France,Male,31,4,197918.44,1,0,1,170235.41,0
7951,15607950,Davis,652,Spain,Female,52,0,155497.58,2,1,1,113793.63,0
7952,15607951,Thompson,739,France,Male,61,9,0.0,1,0,0,198970.72,0
7953,15607952,Martinez,609,Germany,Male,46,6,0.0,2,0,0,103471.11,0
7954,15607953,Gonzalez,774,France,Male,51,9,63322.91,4,1,1,137847.74,1
7955,15607954,Johnson,559,Spain,Female,51,8,0.0,2,1,1,161978.81,0
7956,15607955,Jackson,698,Germany,Female,54,4,27632.83,1,1,1,163351.79,0
7957,15607956,Johnson,730,Germany,Male,43,2,197289.88,1,1,0,87673.16,1
7958,15607957,Martinez,716,Spain,Female,51,8,118522.6,2,1,1,76089.1,0
7959,15607958,Anderson,850,France,Male,65,5,0.0,2,1,0,29561.34,0
7960,15607959,Clark,593,France,Female,40,5,80955.16,2,1,0,153882.69,1
7961,15607960,Sanchez,785,Spain,Male,44,9,0.0,1,1,1,125192.67,0
7962,15607961,Harris,760,France,Male,53,9,95827.71,1,1,0,34109.05,0
7963,15607962,Thomas,654,France,Male,61,2,68046.99,1,1,0,99340.61,1
7964,15607963,Brown,826,France,Male,40,0,0.0,2,1,0,113964.48,0
7965,15607964,Perez,635,Germany,Male,46,3,176755.05,2,1,0,173025.79,1
7966,15607965,Sanchez,652,France,Female,76,3,212643.23,2,1,0,17216.49,1
7967,15607966,Moore,649,France,Female,54,2,0.0,2,1,0,32367.78,0
7968,15607967,White,527,France,Male,60,10,78027.36,1,1,1,106776.17,0
7969,15607968,Lopez,723,France,Male,67,4,95766.5,2,1,1,9165.02,0
7970,15607969,Davis,708,Spain,Male,54,8,87168.01,1,0,1,76712.46,0
7971,15607970,Harris,639,Spain,Male,40,8,68732.16,2,0,1,3161.48,0
7972,15607971,Martinez,819,Germany,Female,50,7,0.0,1,1,1,51509.51,1
7973,15607972,Anderson,608,France,Male,61,9,114498.53,2,1,0,32282.86,0
7974,15607973,Thomas,483,Spain,Female,62,5,0.0,1,0,1,57195.67,0
7975,15607974,Sanchez,832,Germany,Male,47,3,0.0,1,1,1,153434.23,0
7976,15607975,Jackson,747,France,Male,46,1,110798.44,1,1,1,69469.09,0
7977,15607976,White,710,Spain,Male,46,9,0.0,1,1,1,178536.42,0
7978,15607977,White,617,Spain,Male,63,2,0.0,2,0,1,55386.91,0
7979,15607978,Taylor,682,Germany,Male,47,8,0.0,1,1,0,25677.06,1
7980,15607979,Rodriguez,529,Germany,Female,35,0,140268.0,1,1,0,12017.93,0
7981,15607980,Clark,628,France,Male,49,6,0.0,3,1,1,198414.4,1
7982,15607981,Ramirez,563,France,Male,61,9,152116.39,2,0,1,19215.14,0
7983,15607982,Lee,675,Germany,Female,66,5,124903.0,2,1,0,72305.36,1
7984,15607983,Garcia,738,France,Male,46,1,145477.97,1,1,0,169417.71,0
7985,15607984,Williams,549,France,Female,52,4,0.0,1,1,0,45356.4,0
7986,15607985,Miller,719,Spain,Male,52,1,0.0,1,0,1,12972.94,0
7987,15607986,Jackson,669,Spain,Male,50,8,0.0,2,1,1,108332.25,0
7988,15607987,Rodriguez,715,France,Female,50,4,0.0,2,0,1,7000.1,0
7989,15607988,Garcia,626,Spain,Female,35,5,216580.87,2,1,1,143919.67,0
7990,15607989,Brown,717,Spain,Male,59,3,20132.76,1,1,0,120069.19,0
7991,15607990,Sanchez,583,Germany,Male,66,0,106003.38,1,1,1,46351.21,1
7992,15607991,Rodriguez,488,France,Female,51,2,0.0,2,1,1,98258.71,0
7993,15607992,Lee,510,France,Male,42,4,140641.2,1,1,1,1343.31,0
7994,15607993,Johnson,601,France,Female,57,2,26827.54,2,1,0,108409.09,0
7995,15607994,Anderson,495,France,Female,81,7,0.0,1,1,0,154991.78,1
7996,15607995,Brown,798,France,Female,57,1,8256.28,2,1,0,11676.04,0
7997,15607996,Lewis,642,France,Female,55,1,0.0,1,0,0,45107.04,1
7998,15607997,Taylor,738,France,Female,43,0,182678.87,2,1,0,124737.13,0
7999,15607998,Hernandez,725,Spain,Female,36,0,42499.34,1,1,0,9609.55,0
8000,15607999,Lewis,650,France,Female,51,3,0.0,2,1,1,163070.13,0
8001,15608000,Rodriguez,850,Germany,Female,57,7,0.0,1,0,1,64898.58,1
8002,15608001,Martinez,850,Germany,Male,72,7,163452.56,1,0,0,42212.65,0
8003,15608002,Taylor,783,France,Male,54,7,0.0,1,1,1,170355.65,0
8004,15608003,Johnson,563,Spain,Female,37,10,0.0,2,0,0,130868.51,0
8005,15608004,Davis,787,Germany,Female,43,0,128772.81,2,0,1,179763.92,1
8006,15608005,Jackson,482,France,Male,55,0,0.0,2,1,0,78137.0,0
8007,15608006,Miller,784,Spain,Male,55,6,167349.89,2,0,0,195965.82,0
8008,15608007,Anderson,404,France,Female,62,6,55991.52,2,1,0,190999.02,1
8009,15608008,Brown,619,Germany,Female,44,9,221761.24,1,1,1,113996.24,0
8010,15608009,Robinson,766,France,Male,72,4,27270.77,2,1,0,145521.41,0
8011,15608010,Martinez,686,Spain,Female,58,7,0.0,2,1,1,74471.52,0
8012,15608011,Taylor,508,France,Female,44,5,0.0,2,1,0,11618.92,0
8013,15608012,Wilson,666,Germany,Female,50,0,122198.32,1,1,1,66001.51,1
8014,15608013,Anderson,687,France,Female,40,6,193846.97,2,0,1,51442.59,0
8015,15608014,Williams,669,Germany,Male,62,7,91005.04,1,0,1,26897.63,1
8016,15608015,Ramirez,610,Spain,Female,68,7,0.0,1,0,1,97063.19,0
8017,15608016,Lopez,732,France,Male,32,9,0.0,1,0,1,186775.3,0
8018,15608017,Martin,759,Germany,Female,79,8,0.0,2,1,1,176779.53,1
8019,15608018,Lewis,635,France,Male,52,2,64693.17,1,1,1,56365.42,0
8020,15608019,Martinez,795,Spain,Male,56,1,27369.34,1,1,1,199955.0,0
8021,15608020,White,634,France,Male,55,7,0.0,2,0,1,182086.24,0
8022,15608021,Ramirez,602,Spain,Male,67,10,0.0,2,1,0,18787.63,0
8023,15608022,Lopez,780,Spain,Female,45,3,0.0,1,1,1,48516.53,0
8024,15608023,Robinson,776,France,Female,50,1,0.0,2,1,1,65831.97,0
8025,15608024,Taylor,590,France,Female,56,1,142595.78,2,0,1,44696.98,0
8026,15608025,Moore,576,France,Female,66,1,87549.85,1,1,1,28215.14,0
8027,15608026,Brown,819,Spain,Male,71,4,0.0,1,1,0,80328.45,0
8028,15608027,Jones,640,France,Female,65,7,0.0,1,1,0,118181.87,0
8029,15608028,Hernandez,650,Germany,Female,51,8,137322.92,2,1,0,152831.14,1
8030,15608029,Jones,625,Spain,Female,60,10,0.0,1,0,1,179421.93,1
8031,15608030,Garcia,776,France,Male,53,5,0.0,2,1,1,74895.63,0
8032,15608031,Thompson,850,Germany,Female,47,7,28175.69,2,1,1,126449.74,0
8033,15608032,Williams,656,France,Female,54,5,0.0,1,1,1,95169.38,1
8034,15608033,Sanchez,850,France,Male,92,0,141920.23,2,1,1,139458.91,1
8035,15608034,Robinson,596,Spain,Female,45,10,0.0,2,1,0,146392.62,0
8036,15608035,Johnson,622,France,Female,46,8,0.0,2,1,1,3615.08,0
8037,15608036,Clark,714,France,Male,52,9,0.0,2,0,0,138689.77,0
8038,15608037,Williams,571,Spain,Female,66,6,0.0,2,1,1,9952.66,1
8039,15608038,Davis,713,France,Female,37,1,0.0,1,0,1,45331.15,0
8040,15608039,Robinson,600,Spain,Female,63,2,0.0,2,1,0,58127.74,0
8041,15608040,Johnson,501,Spain,Female,47,1,32054.75,3,1,1,120606.14,0
8042,15608041,Gonzalez,482,France,Female,62,8,118367.02,2,1,0,53141.84,0
8043,15608042,Ramirez,618,France,Male,56,7,0.0,2,1,1,95578.41,0
8044,15608043,Rodriguez,690,Germany,Male,49,4,89648.01,1,1,1,119697.31,1
8045,15608044,Smith,519,France,Female,40,3,0.0,1,1,1,192859.86,0
8046,15608045,Lee,667,France,Female,66,6,30351.24,2,1,0,129296.35,1
8047,15608046,Martinez,667,Germany,Female,29,8,0.0,1,1,0,142983.72,0
8048,15608047,Miller,633,France,Male,52,7,178955.78,2,0,0,69150.0,0
8049,15608048,Thompson,561,Spain,Male,49,7,0.0,1,1,1,86552.74,0
8050,15608049,Harris,673,France,Female,45,10,0.0,2,1,0,27071.53,0
8051,15608050,Robinson,636,France,Male,58,1,45945.09,1,0,1,68254.93,0
8052,15608051,Jackson,744,France,Female,66,9,0.0,2,1,0,15313.63,1
8053,15608052,Harris,525,Spain,Female,53,8,78698.2,1,1,0,74324.41,1
8054,15608053,Johnson,660,Germany,Female,45,1,0.0,1,0,0,147070.0,1
8055,15608054,Clark,527,Spain,Male,70,7,26192.66,2,1,0,139728.93,1
8056,15608055,Moore,627,France,Female,42,4,0.0,2,1,1,113801.01,0
8057,15608056,Lewis,544,France,Female,51,10,66542.08,2,1,1,95871.69,0
8058,15608057,Rodriguez,561,France,Male,67,5,95267.0,1,1,0,164885.98,1
8059,15608058,Wilson,649,France,Male,50,9,0.0,1,1,1,197182.84,0
8060,15608059,Martinez,595,Germany,Male,39,8,0.0,2,1,0,198560.49,1
8061,15608060,Lewis,790,Germany,Male,56,7,101185.6,1,1,0,3598.74,0
8062,15608061,White,763,France,Female,70,4,106709.38,2,0,0,21801.42,0
8063,15608062,Perez,727,Spain,Female,47,5,0.0,2,0,1,72049.97,0
8064,15608063,Miller,725,France,Female,48,4,0.0,1,0,1,126852.26,0
8065,15608064,Robinson,662,Spain,Female,66,8,0.0,1,1,1,125825.11,1
8066,15608065,Davis,775,France,Female,30,10,237094.61,1,1,0,173194.58,0
8067,15608066,Jones,621,France,Male,71,4,109502.19,2,0,1,107192.76,0
8068,15608067,Martinez,850,France,Female,46,5,85505.17,2,1,1,49312.79,0
8069,15608068,Hernandez,559,France,Female,37,0,0.0,1,1,1,29613.53,0
8070,15608069,Taylor,541,Germany,Female,51,7,0.0,1,1,1,99044.86,0
8071,15608070,Brown,516,France,Female,61,7,45287.5,1,1,0,195839.11,0
8072,15608071,Martin,532,France,Female,49,7,0.0,1,1,1,119354.87,0
8073,15608072,Johnson,493,Germany,Female,41,6,0.0,1,1,0,17524.13,1
8074,15608073,Gonzalez,670,Germany,Female,66,6,219711.06,1,1,0,9344.24,1
8075,15608074,Perez,731,Spain,Male,51,5,114134.0,2,1,0,139648.18,0
8076,15608075,Thomas,653,France,Female,36,6,78840.52,1,1,1,140565.7,0
8077,15608076,Davis,517,Germany,Female,37,8,0.0,1,1,1,119732.4,0
8078,15608077,Davis,604,Germany,Male,58,4,0.0,1,1,0,141476.1,1
8079,15608078,Lee,730,France,Male,39,8,0.0,1,1,1,52222.94,0
8080,15608079,Martinez,617,France,Female,79,8,95677.47,1,1,0,92622.52,1
8081,15608080,Thompson,573,France,Male,54,3,0.0,2,1,0,110086.06,1
8082,15608081,Robinson,504,France,Male,44,8,0.0,2,1,0,18713.28,0
8083,15608082,Rodriguez,609,France,Female,44,7,0.0,1,0,1,186076.45,1
8084,15608083,Miller,582,France,Female,54,10,0.0,2,1,1,138096.79,0
8085,15608084,Taylor,641,Germany,Female,74,4,16615.3,1,1,0,174047.18,1
8086,15608085,Jackson,695,Germany,Male,46,9,51972.93,1,1,0,25121.49,0
8087,15608086,Taylor,622,Spain,Male,50,10,0.0,2,1,1,92305.58,0
8088,15608087,Martinez,667,Germany,Male,57,2,73203.56,2,1,0,166794.55,1
8089,15608088,Lewis,695,France,Male,50,8,78506.26,1,1,0,143023.84,0
8090,15608089,White,531,Spain,Male,39,2,0.0,2,0,0,115596.36,0
8091,15608090,Moore,831,Spain,Female,54,2,0.0,1,1,0,2517.25,0
8092,15608091,Wilson,578,France,Female,46,2,0.0,2,1,1,109265.63,0
8093,15608092,Ramirez,699,Germany,Male,50,0,0.0,1,1,0,66993.87,1
8094,15608093,Clark,540,Spain,Male,77,5,0.0,2,1,0,8220.99,1
8095,15608094,Robinson,660,Germany,Female,50,2,0.0,1,1,1,55647.11,0
8096,15608095,Lewis,664,Spain,Male,33,9,0.0,1,0,0,156272.91,0
8097,15608096,Moore,809,France,Male,49,2,0.0,2,1,0,196268.91,0
8098,15608097,Martinez,627,France,Female,52,8,0.0,4,1,0,82299.38,0
8099,15608098,Lopez,774,France,Male,60,6,0.0,1,0,1,19266.47,0
8100,15608099,Lopez,677,Germany,Male,55,7,31914.45,1,1,1,183224.25,1
8101,15608100,Williams,827,Spain,Male,55,0,36125.19,2,0,0,13610.2,1
8102,15608101,Lee,479,Spain,Female,56,7,213039.18,1,1,0,64113.92,1
8103,15608102,Wilson,696,France,Male,63,7,26343.07,1,1,0,32780.55,0
8104,15608103,Perez,393,France,Male,39,7,0.0,1,1,1,50430.11,0
8105,15608104,Smith,644,Spain,Male,84,5,46961.68,1,1,1,130640.44,0
8106,15608105,Martinez,748,Germany,Female,48,9,0.0,1,1,0,8730.92,0
8107,15608106,Taylor,788,France,Male,42,4,0.0,1,1,0,76307.53,0
8108,15608107,Moore,720,France,Male,58,3,31768.01,3,1,1,954.03,0
8109,15608108,Hernandez,622,Germany,Male,50,10,146490.8,2,1,1,82921.83,0
8110,15608109,Perez,702,Spain,Male,65,8,0.0,2,1,0,92639.41,0
8111,15608110,Garcia,850,France,Male,46,6,83752.63,1,0,0,166446.94,0
8112,15608111,Clark,657,France,Male,67,0,0.0,2,0,1,101350.55,0
8113,15608112,Robinson,742,Spain,Male,42,10,209212.38,1,0,1,31597.09,0
8114,15608113,Williams,608,Germany,Male,79,0,138517.52,1,0,1,120327.82,1
8115,15608114,Wilson,752,France,Male,52,0,0.0,2,1,0,50216.24,0
8116,15608115,Jackson,736,France,Male,73,3,0.0,2,0,1,102127.96,0
8117,15608116,Hernandez,591,Germany,Male,41,8,195018.79,2,1,1,53764.03,0
8118,15608117,Miller,724,France,Female,62,2,102414.34,1,1,0,49412.78,1
8119,15608118,Sanchez,729,France,Female,61,9,104939.74,1,0,0,158243.33,0
8120,15608119,Garcia,721,Germany,Female,51,0,0.0,1,1,0,101502.44,1
8121,15608120,Lewis,646,France,Female,34,0,0.0,1,1,0,155403.09,0
8122,15608121,Martinez,767,Germany,Female,62,2,0.0,1,0,1,86507.54,0
8123,15608122,Rodriguez,560,France,Female,49,10,0.0,1,1,1,60418.76,0
8124,15608123,Gonzalez,650,Germany,Female,70,6,76355.52,2,0,1,106519.84,1
8125,15608124,Brown,660,France,Male,65,7,0.0,1,1,0,165834.22,0
8126,15608125,Gonzalez,762,France,Male,70,3,0.0,2,1,0,21385.31,0
8127,15608126,Clark,557,France,Female,59,1,0.0,2,1,1,194295.58,0
8128,15608127,Martinez,673,Spain,Female,54,6,0.0,1,1,1,102663.67,0
8129,15608128,White,602,Spain,Male,74,8,0.0,1,0,1,92805.79,0
8130,15608129,Taylor,660,France,Female,92,9,101228.91,2,1,1,193951.06,0
8131,15608130,Jones,687,Spain,Male,53,5,211059.67,1,1,1,70623.31,0
8132,15608131,Garcia,527,Germany,Male,70,1,133955.35,1,0,1,81710.91,0
8133,15608132,Jackson,771,Spain,Male,45,8,71342.86,2,0,1,26968.56,0
8134,15608133,White,691,France,Male,42,6,186127.9,1,1,1,177323.3,1
8135,15608134,Martinez,567,Germany,Male,46,8,0.0,1,0,1,196051.05,0
8136,15608135,Moore,617,France,Female,45,10,133825.71,1,1,1,31530.0,0
8137,15608136,Lopez,793,France,Female,62,1,149744.49,1,1,0,189838.95,0
8138,15608137,Anderson,689,Spain,Female,47,9,0.0,4,1,0,1654.21,1
8139,15608138,Thompson,557,Germany,Male,42,3,96447.72,1,1,1,147381.98,0
8140,15608139,Harris,574,France,Female,42,5,0.0,1,1,1,129743.32,0
8141,15608140,Perez,709,France,Male,59,9,132789.37,2,1,1,12436.92,0
8142,15608141,Lewis,721,Germany,Male,62,6,83603.05,2,1,1,8108.32,0
8143,15608142,Moore,684,Germany,Female,60,2,65458.32,1,0,1,11543.71,1
8144,15608143,Lopez,622,France,Male,62,9,11799.82,1,1,1,167931.69,1
8145,15608144,Perez,727,Spain,Male,49,10,148928.58,1,1,1,107860.75,0
8146,15608145,Jackson,620,France,Male,83,10,0.0,2,0,1,156898.98,0
8147,15608146,Ramirez,567,France,Female,49,4,0.0,1,1,1,163056.37,0
8148,15608147,Sanchez,802,Spain,Male,47,10,0.0,1,1,1,137257.09,0
8149,15608148,Harris,696,France,Female,62,3,99114.59,1,1,0,189931.62,1
8150,15608149,Ramirez,574,France,Female,49,4,75823.44,1,1,0,6865.0,1
8151,15608150,Clark,662,Germany,Female,47,5,0.0,2,1,0,49609.1,1
8152,15608151,Garcia,652,Spain,Female,50,5,95430.83,2,0,0,90958.84,0
8153,15608152,Anderson,616,France,Male,55,6,10771.56,2,0,0,155951.78,0
8154,15608153,Williams,672,Spain,Male,67,5,41287.62,2,1,1,71875.06,0
8155,15608154,Ramirez,560,Spain,Male,37,5,0.0,1,0,0,80607.56,0
8156,15608155,Miller,733,France,Male,67,3,184618.42,1,1,0,137564.96,1
8157,15608156,Thompson,649,Germany,Female,39,1,0.0,2,1,1,64529.37,0
8158,15608157,Wilson,495,France,Male,40,9,95928.39,2,1,0,191937.38,0
8159,15608158,Clark,628,France,Male,56,6,115462.94,2,0,0,68850.73,1
8160,15608159,Gonzalez,590,Spain,Female,37,6,0.0,2,1,1,111482.3,0
8161,15608160,Jackson,362,Spain,Female,46,10,0.0,1,1,1,6324.07,0
8162,15608161,Brown,635,France,Female,65,2,81076.92,2,1,0,70058.74,1
8163,15608162,Clark,749,France,Female,62,4,65508.74,1,1,1,10830.64,0
8164,15608163,White,639,France,Female,67,5,54446.61,2,1,0,174416.59,0
8165,15608164,Miller,717,France,Female,46,9,42803.65,2,1,1,164448.46,1
8166,15608165,Williams,650,France,Male,49,8,0.0,1,1,0,52063.79,0
8167,15608166,Brown,606,France,Female,39,2,0.0,1,1,1,199150.93,0
8168,15608167,Jones,579,Germany,Female,50,2,0.0,1,1,1,99633.89,1
8169,15608168,Anderson,526,France,Male,39,4,0.0,2,1,1,38776.2,0
8170,15608169,Hernandez,738,France,Male,39,1,0.0,1,1,0,57029.73,0
8171,15608170,Thomas,720,Spain,Female,92,2,108437.14,2,0,1,62413.18,1
8172,15608171,Lee,623,Spain,Female,58,5,0.0,2,1,0,30899.97,0
8173,15608172,Davis,455,France,Male,55,2,68170.51,1,1,1,106627.96,1
8174,15608173,Thomas,695,France,Male,45,0,0.0,1,1,1,42213.46,0
8175,15608174,Clark,563,Germany,Female,44,6,0.0,2,1,0,17043.11,0
8176,15608175,Rodriguez,663,France,Female,48,6,0.0,1,1,1,199655.13,0
8177,15608176,Martinez,502,France,Male,56,1,116976.69,2,1,1,148031.66,0
8178,15608177,Jones,658,Germany,Male,42,4,0.0,2,1,1,179978.12,1
8179,15608178,Martinez,637,France,Female,39,8,14714.46,1,0,0,9664.19,0
8180,15608179,Ramirez,418,France,Male,30,2,0.0,1,1,1,66937.26,0
8181,15608180,Miller,805,France,Female,58,7,0.0,1,1,0,52088.19,1
8182,15608181,Martinez,618,France,Male,51,3,0.0,1,1,0,177271.15,0
8183,15608182,Jones,625,France,Male,48,2,0.0,2,1,0,187149.98,0
8184,15608183,Perez,701,Spain,Male,42,1,0.0,2,1,1,86068.33,0
8185,15608184,White,645,France,Male,48,8,153644.86,1,1,1,93607.32,0
8186,15608185,Sanchez,684,France,Male,70,10,0.0,1,1,1,196963.6,0
8187,15608186,White,540,France,Male,44,4,0.0,1,0,0,88807.86,0
8188,15608187,Taylor,636,Spain,Female,60,8,0.0,2,1,1,93149.57,0
8189,15608188,Rodriguez,466,Germany,Male,62,7,51104.85,1,1,0,165714.77,1
8190,15608189,Martin,627,France,Female,41,2,0.0,2,0,0,163006.73,1
8191,15608190,Hernandez,788,Spain,Male,42,3,0.0,1,1,1,28116.13,0
8192,15608191,Gonzalez,505,France,Female,51,5,0.0,2,1,0,141961.73,0
8193,15608192,Miller,616,France,Male,82,10,93617.1,2,1,0,127487.13,0
8194,15608193,Martinez,446,France,Male,65,9,44503.16,1,0,0,152358.43,1
8195,15608194,Anderson,650,France,Female,52,4,0.0,1,0,0,109220.94,1
8196,15608195,Harris,694,France,Female,66,9,0.0,1,0,1,197249.3,0
8197,15608196,Johnson,686,Germany,Female,33,9,0.0,2,0,0,128882.23,0
8198,15608197,Lewis,592,France,Female,51,2,94166.89,1,0,1,77691.57,0
8199,15608198,Thompson,444,Germany,Female,33,4,170849.82,2,1,0,151251.08,1
8200,15608199,Davis,530,France,Male,54,4,89811.51,2,0,1,2877.78,1
8201,15608200,Miller,770,France,Female,61,8,0.0,1,0,1,65250.45,0
8202,15608201,Martin,734,France,Female,46,3,0.0,2,0,1,96332.24,0
8203,15608202,Johnson,641,Spain,Female,46,7,127114.27,2,1,0,90025.78,0
8204,15608203,Jackson,665,France,Female,52,3,0.0,1,1,0,33187.73,0
8205,15608204,Anderson,551,Germany,Male,47,9,127734.36,2,1,1,48273.23,1
8206,15608205,Jones,773,France,Male,49,1,0.0,1,0,1,189167.56,0
8207,15608206,Hernandez,580,France,Female,67,2,0.0,2,0,0,178846.5,1
8208,15608207,Davis,691,France,Female,62,3,116768.37,1,0,1,31049.84,0
8209,15608208,Lee,522,France,Female,57,7,242862.63,2,1,0,76778.4,0
8210,15608209,Miller,632,France,Female,38,8,0.0,2,1,1,37276.83,0
8211,15608210,Robinson,769,France,Male,59,5,0.0,1,0,0,152470.63,0
8212,15608211,Lewis,559,Spain,Male,51,7,48189.72,1,1,1,47578.15,0
8213,15608212,Miller,721,France,Male,28,9,69837.0,2,0,0,16402.39,0
8214,15608213,Martinez,546,Germany,Female,47,4,0.0,1,0,1,174200.57,0
8215,15608214,Smith,563,France,Female,49,4,154089.68,1,1,0,147101.49,1
8216,15608215,Moore,649,Germany,Male,71,7,113573.78,1,1,0,156322.53,1
8217,15608216,Anderson,743,Germany,Female,64,3,64165.86,3,1,0,155251.52,1
8218,15608217,Davis,621,France,Male,49,2,65044.29,2,0,0,100944.77,0
8219,15608218,White,709,France,Male,75,9,100145.26,2,1,0,139359.07,1
8220,15608219,Moore,759,Germany,Female,63,1,96643.99,1,1,0,132876.83,1
8221,15608220,Robinson,575,Spain,Male,44,7,36907.67,2,1,0,193694.44,0
8222,15608221,Wilson,503,France,Female,44,4,0.0,1,1,0,3203.66,0
8223,15608222,Garcia,615,France,Female,54,5,0.0,2,1,0,121246.04,0
8224,15608223,Lee,772,Spain,Female,42,8,0.0,1,1,0,12779.54,1
8225,15608224,Brown,571,France,Male,77,2,0.0,2,1,0,170378.41,1
8226,15608225,Miller,747,Germany,Male,54,3,171442.18,2,0,1,43693.69,0
8227,15608226,Harris,624,France,Female,43,1,115730.19,2,1,0,58297.79,0
8228,15608227,Jones,818,France,Female,72,5,58441.23,3,1,1,33811.3,1
8229,15608228,Johnson,850,Germany,Female,33,8,217616.9,1,1,0,116759.22,0
8230,15608229,Clark,749,Germany,Male,54,1,0.0,1,1,0,169849.5,1
8231,15608230,White,491,France,Male,51,4,0.0,2,0,1,69997.05,0
8232,15608231,Wilson,419,France,Female,39,9,150546.77,1,1,1,7795.0,1
8233,15608232,Lewis,655,Spain,Female,74,0,131732.08,2,1,0,69824.38,1
8234,15608233,Anderson,737,Germany,Male,47,3,42448.88,2,1,0,177204.42,0
8235,15608234,Robinson,698,France,Male,45,7,0.0,1,1,1,124920.58,0
8236,15608235,Lewis,580,Germany,Female,62,2,112205.26,1,0,1,105163.61,0
8237,15608236,Gonzalez,507,Germany,Male,54,3,134452.36,1,0,1,28984.27,0
8238,15608237,Garcia,739,Spain,Male,43,1,126517.71,2,1,1,112480.84,0
8239,15608238,Wilson,828,Germany,Male,47,8,65244.97,1,1,0,66342.72,1
8240,15608239,Anderson,585,France,Male,71,4,0.0,1,0,0,169137.85,1
8241,15608240,Anderson,729,Germany,Female,50,2,63717.72,1,0,0,90752.43,1
8242,15608241,Martinez,850,Germany,Male,82,10,98566.49,1,1,1,93778.32,0
8243,15608242,Hernandez,631,France,Male,42,10,101286.74,2,1,0,171020.17,0
8244,15608243,Thomas,633,France,Male,48,9,0.0,2,1,1,117035.42,0
8245,15608244,White,703,France,Male,45,6,0.0,1,1,1,16238.48,0
8246,15608245,Perez,622,Germany,Female,61,10,48886.64,2,1,1,28824.55,0
8247,15608246,Anderson,778,France,Male,83,0,0.0,1,0,1,167653.53,0
8248,15608247,Jackson,611,Germany,Female,53,8,0.0,2,0,0,141742.76,1
8249,15608248,Thomas,647,Spain,Male,55,6,70517.24,2,0,1,120455.29,0
8250,15608249,Taylor,511,Spain,Male,48,0,0.0,2,1,1,186126.2,0
8251,15608250,Moore,627,Spain,Male,38,3,0.0,1,1,1,154801.34,0
8252,15608251,Jones,553,Spain,Male,50,6,0.0,3,1,1,155512.16,1
8253,15608252,Thomas,683,France,Female,58,3,263619.21,2,1,0,173636.54,1
8254,15608253,Lee,490,Germany,Male,46,6,0.0,2,0,1,117574.93,0
8255,15608254,Jones,744,France,Female,39,2,100935.63,2,0,0,150451.38,0
8256,15608255,Hernandez,566,Spain,Male,31,3,0.0,2,1,1,9588.54,0
8257,15608256,Martinez,821,France,Male,75,2,0.0,2,1,1,138645.7,0
8258,15608257,Lewis,781,Spain,Male,47,3,0.0,1,1,1,174001.79,0
8259,15608258,Johnson,701,Germany,Female,57,9,72816.12,1,1,0,186590.51,1
8260,15608259,White,502,Spain,Male,66,2,0.0,1,1,0,27388.41,0
8261,15608260,Lee,589,France,Male,70,9,67039.83,2,1,1,199756.26,0
8262,15608261,Gonzalez,563,France,Male,46,9,143412.79,1,1,0,127194.01,1
8263,15608262,Johnson,575,Spain,Male,57,4,155996.6,1,1,1,54296.97,1
8264,15608263,Anderson,801,France,Female,58,3,55403.91,1,1,1,57003.89,0
8265,15608264,Williams,635,Spain,Female,64,2,0.0,2,1,1,144449.04,0
8266,15608265,Taylor,586,France,Female,58,4,143173.34,1,1,1,57848.87,0
8267,15608266,Johnson,578,Germany,Female,55,9,0.0,1,1,1,83383.58,0
8268,15608267,Clark,598,France,Male,42,8,0.0,1,1,1,171751.47,0
8269,15608268,Hernandez,701,Germany,Male,61,10,0.0,1,1,1,62006.03,0
8270,15608269,Thompson,493,Germany,Female,52,0,0.0,1,0,1,184865.0,0
8271,15608270,Anderson,659,France,Male,72,3,95052.54,2,0,1,131682.24,0
8272,15608271,Smith,690,France,Male,61,6,42143.29,2,1,1,33044.15,0
8273,15608272,Robinson,483,France,Female,35,3,73993.29,1,0,1,49318.68,1
8274,15608273,Johnson,513,Germany,Female,42,7,0.0,1,1,1,75586.05,0
8275,15608274,Hernandez,645,Germany,Female,48,6,14911.05,2,1,1,180513.98,0
8276,15608275,Thompson,788,Germany,Female,51,4,0.0,1,1,0,113045.29,0
8277,15608276,Anderson,765,Germany,Male,86,9,139924.73,1,0,1,9087.17,1
8278,15608277,Lewis,591,France,Male,62,3,0.0,1,0,1,135235.0,0
8279,15608278,Moore,785,France,Male,45,7,0.0,2,1,0,39843.95,0
8280,15608279,Moore,619,France,Female,63,0,68219.58,1,1,1,26269.36,0
8281,15608280,Davis,618,France,Female,55,1,69018.42,1,0,1,72420.07,0
8282,15608281,Clark,659,Spain,Male,63,4,104252.8,1,1,0,163497.55,1
8283,15608282,Martin,730,Spain,Male,49,9,117457.28,2,1,1,198086.64,0
8284,15608283,Harris,591,France,Male,88,6,0.0,2,1,0,190042.41,1
8285,15608284,Williams,611,Germany,Female,75,8,78031.29,2,1,0,20495.42,1
8286,15608285,Thomas,530,Spain,Female,60,2,0.0,1,0,0,96108.95,0
8287,15608286,Anderson,683,France,Male,47,4,0.0,1,1,0,70090.46,1
8288,15608287,Garcia,739,France,Female,63,10,64528.21,2,1,1,26693.45,0
8289,15608288,Ramirez,745,France,Female,38,1,42622.05,2,0,1,37197.25,0
8290,15608289,Harris,518,Germany,Male,76,5,130697.8,1,1,0,107315.61,1
8291,15608290,Perez,613,Spain,Female,72,5,235186.09,4,1,1,48465.59,1
8292,15608291,Harris,769,Germany,Male,58,3,120931.52,2,1,1,49760.49,1
8293,15608292,Anderson,672,France,Male,42,1,168126.74,2,0,0,122393.81,0
8294,15608293,Ramirez,653,France,Male,49,7,142245.86,2,1,1,32696.19,0
8295,15608294,Ramirez,651,Spain,Female,33,7,0.0,2,1,1,78295.2,0
8296,15608295,Lee,701,Spain,Female,33,0,97927.23,2,0,0,45260.43,0
8297,15608296,Thomas,677,Germany,Male,50,1,25921.21,1,1,0,80057.7,1
8298,15608297,Ramirez,594,Germany,Female,42,3,0.0,1,1,1,55969.38,0
8299,15608298,Taylor,734,France,Male,35,0,0.0,2,1,1,127345.81,0
8300,15608299,Davis,534,Spain,Female,47,5,188802.27,2,1,0,49002.0,0
8301,15608300,Lewis,776,Spain,Female,48,10,0.0,2,1,1,46351.12,0
8302,15608301,Brown,563,France,Male,40,1,0.0,2,1,1,20336.11,0
8303,15608302,Moore,702,Germany,Male,56,2,0.0,1,0,0,24104.59,0
8304,15608303,Johnson,634,France,Female,65,10,73406.13,4,1,0,164428.73,1
8305,15608304,White,604,France,Male,57,8,108230.27,1,1,0,148480.02,0
8306,15608305,Miller,780,France,Female,51,6,0.0,1,0,0,26229.2,1
8307,15608306,Perez,721,France,Male,52,3,118998.97,1,0,1,148042.28,0
8308,15608307,Thompson,644,France,Female,49,9,0.0,2,0,1,90909.57,0
8309,15608308,Thompson,817,France,Male,47,0,131813.04,1,0,0,65216.38,0
8310,15608309,Martin,744,Germany,Male,57,3,77356.7,2,0,0,97305.97,0
8311,15608310,Hernandez,572,France,Male,57,9,156996.87,2,1,0,38554.33,1
8312,15608311,Ramirez,433,France,Female,53,5,0.0,2,1,0,42285.37,1
8313,15608312,Ramirez,660,France,Male,48,7,0.0,1,1,0,104774.45,0
8314,15608313,Jones,782,Germany,Male,42,10,87673.21,1,0,0,145006.52,1
8315,15608314,Clark,708,France,Female,37,8,45455.78,1,1,0,157920.53,0
8316,15608315,Clark,801,France,Female,42,3,23146.17,1,1,1,190441.24,0
8317,15608316,Johnson,592,Spain,Male,47,5,0.0,1,0,1,63068.29,0
8318,15608317,Williams,638,Germany,Female,48,1,0.0,2,1,0,80426.15,1
8319,15608318,Perez,641,Spain,Female,92,1,0.0,2,0,1,162163.12,1
8320,15608319,Williams,673,France,Male,64,5,35199.22,2,1,0,87928.12,0
8321,15608320,Ramirez,723,France,Male,57,8,0.0,1,1,0,173874.44,0
8322,15608321,Taylor,806,Germany,Female,60,2,175355.94,1,1,1,86063.65,0
8323,15608322,Hernandez,826,France,Female,87,3,147516.38,1,0,1,36804.63,0
8324,15608323,Miller,809,France,Male,45,10,119180.34,2,1,1,31606.23,0
8325,15608324,Williams,714,France,Male,77,8,84711.69,1,0,0,157670.67,0
8326,15608325,Gonzalez,617,Spain,Male,31,8,0.0,1,1,0,108148.89,0
8327,15608326,Harris,671,France,Female,50,10,268086.0,2,1,0,118881.41,0
8328,15608327,Gonzalez,712,Spain,Male,41,4,64325.92,2,1,0,117525.11,0
8329,15608328,Robinson,662,Spain,Male,36,8,0.0,1,1,0,107824.43,0
8330,15608329,Lee,562,France,Female,72,4,0.0,2,1,0,5779.29,0
8331,15608330,Lopez,605,Germany,Female,50,4,199502.64,1,1,0,77420.04,1
8332,15608331,Taylor,733,Germany,Male,48,6,0.0,1,1,0,112383.58,1
8333,15608332,Thomas,626,Spain,Male,50,5,0.0,2,0,0,181845.68,0
8334,15608333,Martin,652,France,Male,54,9,0.0,2,1,0,53684.66,0
8335,15608334,Johnson,642,Spain,Male,43,10,0.0,2,1,1,27760.39,0
8336,15608335,Harris,564,France,Female,36,6,98277.06,1,1,1,108749.92,0
8337,15608336,Martinez,633,Spain,Female,52,9,0.0,1,1,1,61819.59,0
8338,15608337,Jackson,606,France,Male,54,1,123978.38,1,1,1,137368.02,0
8339,15608338,Clark,583,France,Male,73,8,0.0,1,1,0,116714.81,0
8340,15608339,Taylor,548,Spain,Male,51,5,50510.6,1,1,1,119828.54,0
8341,15608340,Jones,640,Spain,Female,53,8,95066.52,4,1,1,114395.44,1
8342,15608341,Hernandez,709,Germany,Male,42,0,54785.63,2,1,0,194552.58,1
8343,15608342,Anderson,757,France,Female,42,1,0.0,1,1,1,123614.75,0
8344,15608343,Moore,516,France,Female,57,6,111284.62,1,1,0,105224.68,0
8345,15608344,Taylor,804,Spain,Male,62,1,59159.59,2,1,0,5012.97,1
8346,15608345,Martinez,678,Spain,Female,67,5,0.0,1,1,0,24266.88,1
8347,15608346,Harris,541,Spain,Female,56,1,30688.36,1,1,1,172148.75,0
8348,15608347,Garcia,611,France,Female,43,9,43984.71,2,1,0,191222.02,0
8349,15608348,Rodriguez,469,France,Female,37,4,59755.79,1,0,1,7481.8,0
8350,15608349,Hernandez,494,Germany,Male,41,5,0.0,1,1,1,21709.82,0
8351,15608350,Martin,815,Spain,Male,56,6,0.0,2,0,1,172782.34,0
8352,15608351,Anderson,582,France,Female,38,0,44723.32,2,1,1,42652.91,0
8353,15608352,Brown,701,Spain,Female,41,1,73411.43,2,1,0,12504.24,0
8354,15608353,Brown,639,Germany,Female,44,1,0.0,2,0,1,172576.78,1
8355,15608354,Martin,651,France,Male,59,0,0.0,1,1,0,155117.16,1
8356,15608355,Lopez,685,France,Female,70,2,137862.27,1,1,1,124888.63,1
8357,15608356,Hernandez,449,France,Male,53,5,17933.73,2,1,1,17513.53,0
8358,15608357,Moore,776,Germany,Male,55,10,159989.19,1,1,0,126257.15,1
8359,15608358,Jones,640,France,Male,51,8,0.0,2,0,1,40389.23,0
8360,15608359,Smith,601,France,Male,50,2,154080.17,2,1,0,157430.59,0
8361,15608360,Moore,694,Spain,Male,58,2,123005.4,2,0,1,133645.57,0
8362,15608361,Lee,580,France,Female,50,1,0.0,2,0,0,144081.34,0
8363,15608362,Harris,669,France,Male,76,1,136301.0,4,0,0,88074.14,1
8364,15608363,Williams,634,France,Male,54,6,95597.77,2,1,0,76268.5,0
8365,15608364,Thompson,718,Germany,Male,56,3,94888.33,1,1,0,56561.39,0
8366,15608365,Gonzalez,629,Spain,Male,52,5,0.0,1,1,1,189457.66,0
8367,15608366,Lopez,551,France,Female,63,7,99063.3,2,1,1,22126.63,0
8368,15608367,Taylor,684,Spain,Male,44,4,0.0,2,1,0,83214.93,0
8369,15608368,Rodriguez,624,Germany,Male,42,2,0.0,2,1,0,158608.59,0
8370,15608369,Ramirez,475,France,Female,61,1,129425.87,2,1,1,120919.56,1
8371,15608370,Anderson,668,France,Female,54,5,0.0,1,1,1,182789.02,0
8372,15608371,Davis,598,France,Female,61,10,0.0,2,0,1,150386.66,0
8373,15608372,Martinez,683,France,Female,48,7,121710.76,2,0,0,102467.97,0
8374,15608373,Jackson,567,Germany,Female,53,10,0.0,1,1,1,164869.3,1
8375,15608374,Lopez,534,Germany,Male,47,9,129516.84,2,1,1,182344.41,0
8376,15608375,Brown,763,France,Female,51,3,0.0,1,1,1,124207.37,0
8377,15608376,Taylor,730,France,Female,37,1,0.0,1,0,0,45644.27,0
8378,15608377,Smith,649,France,Female,33,2,0.0,2,1,1,143570.31,0
8379,15608378,Brown,692,Germany,Female,38,2,101262.05,3,1,1,16255.21,1
8380,15608379,Moore,727,France,Female,62,8,105097.63,2,1,0,104136.11,1
8381,15608380,Robinson,649,Germany,Male,62,9,88708.04,2,1,1,17405.85,0
8382,15608381,Ramirez,533,France,Male,77,3,44043.99,1,0,1,7391.1,0
8383,15608382,Wilson,678,Germany,Female,61,5,38459.45,1,1,0,54912.32,1
8384,15608383,Moore,746,Spain,Male,48,8,84633.11,2,1,1,161253.7,0
8385,15608384,Jackson,706,France,Male,51,9,67270.46,2,1,1,136614.27,0
8386,15608385,Wilson,655,France,Female,33,7,0.0,2,1,1,15989.22,0
8387,15608386,Jackson,704,Spain,Male,48,8,107671.4,1,1,0,73473.01,0
8388,15608387,Brown,628,France,Male,53,5,94190.81,2,1,1,152359.97,0
8389,15608388,Smith,750,Germany,Female,65,1,159115.38,1,1,0,68147.7,0
8390,15608389,Clark,779,France,Female,52,4,133973.66,2,0,1,189673.02,0
8391,15608390,White,525,Germany,Male,40,9,103013.71,4,1,0,197544.35,1
8392,15608391,Martin,757,France,Female,64,2,37670.17,2,0,0,4659.05,1
8393,15608392,Perez,850,Spain,Male,46,2,0.0,1,0,0,90899.45,0
8394,15608393,Hernandez,700,Germany,Male,43,9,0.0,1,1,1,104639.15,1
8395,15608394,Jackson,744,Spain,Male,51,0,69463.73,1,1,0,185442.55,0
8396,15608395,Miller,587,Germany,Female,46,10,113396.3,1,1,1,79019.39,0
8397,15608396,Clark,601,Germany,Male,53,3,22300.69,1,1,1,15461.52,0
8398,15608397,Lewis,629,France,Male,60,6,0.0,1,1,0,72071.82,0
8399,15608398,Ramirez,611,Spain,Female,48,2,141243.71,2,1,1,99463.06,0
8400,15608399,Johnson,524,Spain,Male,48,6,71018.99,1,1,1,38945.58,0
8401,15608400,Ramirez,633,France,Female,60,5,0.0,1,0,1,79630.63,0
8402,15608401,Williams,730,Spain,Female,60,0,112915.42,1,1,1,11654.18,0
8403,15608402,Hernandez,525,Germany,Female,55,4,54557.97,2,1,1,189066.0,1
8404,15608403,Martin,667,Germany,Female,50,10,0.0,2,0,0,122961.16,0
8405,15608404,Gonzalez,664,France,Male,68,5,0.0,2,1,1,186031.38,0
8406,15608405,Williams,621,France,Male,45,10,91857.89,2,1,1,152196.23,1
8407,15608406,Smith,697,France,Female,60,8,152790.2,2,0,0,99314.97,0
8408,15608407,Perez,688,France,Female,44,9,0.0,1,1,1,57133.12,0
8409,15608408,Jackson,614,Germany,Male,53,5,0.0,2,0,1,117590.15,0
8410,15608409,Smith,751,France,Female,39,10,0.0,1,0,0,93782.18,0
8411,15608410,Davis,703,France,Male,53,7,111377.74,1,0,0,1557.05,0
8412,15608411,Taylor,801,Spain,Female,69,1,135968.65,1,1,1,127367.74,0
8413,15608412,Brown,643,France,Female,63,0,48468.99,2,1,0,169369.58,1
8414,15608413,Lee,619,France,Female,35,0,111214.11,1,0,0,178858.84,0
8415,15608414,Taylor,629,France,Female,68,6,0.0,2,1,0,142247.75,1
8416,15608415,Jones,763,France,Female,46,7,0.0,1,1,1,91574.4,0
8417,15608416,Harris,635,Spain,Male,58,7,72639.4,1,1,1,82977.09,0
8418,15608417,Williams,641,Germany,Female,52,2,164868.17,2,1,0,88101.14,1
8419,15608418,Jackson,838,Spain,Female,45,4,140031.08,2,1,0,172999.53,0
8420,15608419,Lee,520,France,Female,56,6,0.0,2,1,0,103888.01,0
8421,15608420,Rodriguez,684,Germany,Female,46,8,164554.29,1,1,1,14812.17,1
8422,15608421,Jones,644,France,Male,61,4,183739.33,1,1,1,93482.57,0
8423,15608422,Harris,625,France,Female,46,3,93797.44,2,0,1,161050.1,0
8424,15608423,Jackson,558,France,Female,44,3,0.0,2,1,1,49721.74,0
8425,15608424,Lewis,586,France,Male,61,5,0.0,1,0,0,143056.73,0
8426,15608425,Davis,610,France,Male,85,8,197004.92,1,1,1,47617.37,0
8427,15608426,Rodriguez,697,France,Female,65,0,0.0,1,0,1,131775.46,0
8428,15608427,White,731,Spain,Male,63,0,101292.06,1,1,1,102512.73,0
8429,15608428,Rodriguez,479,France,Male,52,0,60932.48,2,1,0,95807.19,0
8430,15608429,Martin,534,France,Male,60,3,186299.4,1,1,1,137655.51,0
8431,15608430,Garcia,702,France,Female,48,3,124944.6,2,1,1,96085.86,0
8432,15608431,White,710,Germany,Female,72,10,0.0,2,1,0,137092.85,1
8433,15608432,Smith,509,France,Male,36,7,152845.66,2,1,1,188816.87,0
8434,15608433,Harris,733,Spain,Female,51,4,84821.93,1,1,1,59640.09,0
8435,15608434,Martinez,648,Spain,Female,49,9,144155.49,1,1,1,5487.11,0
8436,15608435,Lee,721,France,Male,52,3,0.0,2,1,1,107628.37,0
8437,15608436,Lewis,568,France,Male,45,7,0.0,1,1,1,56215.3,0
8438,15608437,Davis,516,France,Female,54,6,58099.7,2,1,1,105587.48,0
8439,15608438,Williams,620,Germany,Male,45,5,0.0,1,0,0,124521.22,0
8440,15608439,Anderson,624,France,Female,47,1,0.0,2,1,1,114528.12,0
8441,15608440,Davis,619,France,Male,58,4,107443.44,1,0,0,128459.7,0
8442,15608441,Sanchez,612,France,Male,92,1,89100.83,2,0,1,77534.81,0
8443,15608442,Anderson,812,Germany,Female,47,5,52112.27,1,1,0,103517.64,1
8444,15608443,Thomas,486,France,Male,56,8,70463.04,1,1,1,94012.31,0
8445,15608444,Davis,568,France,Female,67,8,0.0,1,0,1,47169.39,1
8446,15608445,Smith,609,Germany,Male,57,5,0.0,1,1,1,97589.76,1
8447,15608446,Sanchez,652,Germany,Male,50,3,0.0,2,1,1,173753.68,0
8448,15608447,Taylor,718,Spain,Male,50,9,66265.06,1,0,0,65051.12,0
8449,15608448,Jackson,733,France,Male,69,8,111454.37,2,1,0,127296.16,1
8450,15608449,Clark,753,Spain,Male,34,4,0.0,1,1,0,22594.21,0
8451,15608450,Garcia,696,Germany,Male,54,7,0.0,2,0,1,8649.54,0
8452,15608451,Wilson,483,France,Female,48,8,0.0,1,1,0,196550.08,0
8453,15608452,White,490,Germany,Female,37,4,87454.23,1,0,1,59317.01,1
8454,15608453,Wilson,760,France,Male,53,5,85948.64,1,1,1,165030.03,0
8455,15608454,Hernandez,753,Spain,Female,46,3,93285.99,1,1,0,181609.72,0
8456,15608455,Rodriguez,711,France,Male,41,0,0.0,1,0,1,75155.96,0
8457,15608456,Hernandez,571,Germany,Male,71,0,0.0,1,1,1,2094.5,1
8458,15608457,Williams,619,France,Female,43,4,54222.09,2,1,0,64870.89,0
8459,15608458,Clark,611,Spain,Male,41,2,121712.7,4,1,0,172237.9,1
8460,15608459,White,551,France,Male,38,6,0.0,2,1,1,173866.21,0
8461,15608460,Rodriguez,674,Spain,Male,56,3,71271.0,2,1,0,183724.32,0
8462,15608461,Harris,850,Spain,Female,57,3,170990.24,2,0,1,162619.85,0
8463,15608462,Thomas,602,France,Female,85,3,104165.47,2,1,0,34244.94,1
8464,15608463,Miller,774,Spain,Male,49,5,0.0,2,1,0,94348.11,0
8465,15608464,White,565,Spain,Male,47,8,71138.5,2,0,1,87023.41,0
8466,15608465,Martinez,502,France,Female,40,8,88644.71,2,1,0,100013.2,0
8467,15608466,Ramirez,744,France,Female,58,10,24415.14,1,1,1,117987.14,0
8468,15608467,Davis,628,Germany,Male,38,4,0.0,2,1,0,74818.11,0
8469,15608468,Wilson,772,France,Male,45,10,29328.8,1,1,1,136094.04,0
8470,15608469,Hernandez,791,France,Male,55,7,157775.85,2,1,1,6487.85,0
8471,15608470,Martin,623,France,Male,46,3,6249.4,1,0,0,145322.96,0
8472,15608471,Wilson,778,France,Female,46,7,0.0,2,1,0,106720.64,0
8473,15608472,Robinson,565,France,Male,44,9,111529.32,1,1,0,30994.22,0
8474,15608473,Hernandez,564,France,Male,72,8,18317.67,2,1,0,117185.77,0
8475,15608474,Martinez,752,Spain,Female,45,7,105829.6,2,1,1,12854.04,0
8476,15608475,White,501,Germany,Female,58,7,0.0,2,0,0,130498.43,0
8477,15608476,Martin,649,France,Female,44,8,94859.44,1,0,1,112659.91,0
8478,15608477,Martinez,769,Germany,Male,47,9,135996.64,1,1,0,197563.87,1
8479,15608478,Thomas,776,Germany,Female,52,7,0.0,2,1,0,32692.3,1
8480,15608479,Wilson,608,Spain,Female,70,3,153257.28,1,1,0,178434.7,1
8481,15608480,Moore,746,France,Male,33,4,96055.38,1,1,1,85347.46,0
8482,15608481,Smith,542,France,Female,68,9,104501.7,2,1,1,20898.27,0
8483,15608482,Perez,585,Spain,Female,43,5,115999.96,1,1,0,153325.93,0
8484,15608483,Ramirez,672,Spain,Female,54,4,16701.46,2,1,1,195288.86,0
8485,15608484,Smith,686,Germany,Male,51,8,71044.3,1,0,1,155236.42,1
8486,15608485,Rodriguez,549,Spain,Male,40,1,0.0,1,1,1,125680.36,0
8487,15608486,Hernandez,828,France,Male,46,5,66325.73,2,0,0,16091.43,0
8488,15608487,Garcia,469,Germany,Male,51,9,17914.36,4,1,0,83457.02,1
8489,15608488,Wilson,655,France,Female,39,1,0.0,2,1,1,12136.48,1
8490,15608489,Williams,668,France,Male,64,10,65675.54,2,1,0,74315.91,0
8491,15608490,Thomas,482,Spain,Female,52,7,0.0,2,1,1,102514.71,0
8492,15608491,Davis,777,France,Male,46,7,101502.2,1,1,0,137286.44,0
8493,15608492,Wilson,578,France,Male,48,4,0.0,1,1,0,56875.8,0
8494,15608493,Brown,659,Spain,Female,64,9,139545.46,1,1,1,184701.78,0
8495,15608494,Thompson,681,France,Male,68,7,0.0,1,1,0,99675.32,0
8496,15608495,Lopez,510,Spain,Female,43,4,7864.84,1,1,1,93691.65,0
8497,15608496,Garcia,547,Spain,Female,40,3,64017.24,2,1,1,24462.08,0
8498,15608497,Thompson,800,Germany,Male,60,8,214937.9,2,1,1,123105.4,0
8499,15608498,Sanchez,643,France,Male,41,7,126471.35,1,0,1,72668.64,0
8500,15608499,Robinson,391,France,Male,36,3,170651.41,2,0,1,186856.45,0
8501,15608500,Jones,621,France,Female,57,1,6527.46,1,1,0,176863.49,1
8502,15608501,Thomas,646,France,Male,42,1,0.0,2,1,1,82980.69,0
8503,15608502,Jackson,671,France,Female,42,1,178016.89,2,0,0,160143.15,0
8504,15608503,Wilson,458,Spain,Male,37,10,0.0,2,1,0,104210.18,0
8505,15608504,Brown,647,France,Female,78,9,158609.73,1,1,1,96474.9,0
8506,15608505,Lopez,570,Germany,Female,68,7,0.0,1,1,1,141010.31,1
8507,15608506,Miller,671,France,Female,49,5,0.0,1,1,0,160274.11,0
8508,15608507,Brown,698,Germany,Male,54,0,0.0,1,1,0,127115.28,1
8509,15608508,Brown,688,Spain,Male,54,9,80046.47,2,1,1,169855.72,0
8510,15608509,Davis,784,France,Male,79,3,0.0,1,1,1,35643.53,0
8511,15608510,Brown,850,France,Female,56,2,0.0,3,0,1,77273.84,1
8512,15608511,White,541,Germany,Male,63,9,0.0,1,0,1,71112.41,0
8513,15608512,Martinez,613,Germany,Female,71,10,19436.2,2,0,0,159586.66,1
8514,15608513,Lee,721,Germany,Female,43,6,143854.66,1,1,1,77705.72,0
8515,15608514,Smith,637,France,Female,44,9,24121.13,1,0,1,43091.84,0
8516,15608515,Lee,388,France,Male,68,4,212246.22,1,1,0,185615.08,1
8517,15608516,Smith,631,Spain,Female,48,0,71965.72,1,0,1,59659.97,0
8518,15608517,Brown,768,Spain,Male,42,5,0.0,2,1,0,179774.15,0
8519,15608518,Johnson,516,France,Male,53,3,0.0,1,1,1,136541.92,0
8520,15608519,Hernandez,671,Spain,Male,67,9,0.0,2,1,1,130428.84,0
8521,15608520,Brown,466,France,Male,81,5,0.0,1,1,0,60497.59,1
8522,15608521,Jones,733,France,Male,74,6,0.0,2,0,0,176991.33,0
8523,15608522,Rodriguez,673,France,Male,32,8,0.0,1,1,0,156875.87,0
8524,15608523,Ramirez,595,France,Female,48,0,0.0,1,1,1,26384.24,0
8525,15608524,Hernandez,609,Germany,Male,40,5,70391.53,2,1,1,185483.96,1
8526,15608525,Wilson,506,France,Female,43,10,0.0,4,0,0,80231.39,1
8527,15608526,Martin,746,France,Male,54,7,114337.48,2,1,0,161700.25,1
8528,15608527,Gonzalez,573,Spain,Male,54,3,0.0,1,1,1,44161.76,0
8529,15608528,Johnson,698,Germany,Male,32,9,0.0,1,1,0,14898.25,1
8530,15608529,Gonzalez,557,Germany,Female,43,8,10909.59,1,0,0,168700.25,0
8531,15608530,Williams,850,Spain,Male,76,3,0.0,2,0,0,146960.81,0
8532,15608531,Smith,799,France,Male,38,3,88199.97,2,0,1,16950.99,0
8533,15608532,Rodriguez,849,Germany,Male,67,8,93338.02,1,1,0,22500.21,1
8534,15608533,Jackson,850,Spain,Male,46,3,0.0,1,1,1,95405.5,0
8535,15608534,Thompson,589,Germany,Female,52,8,12764.42,2,1,0,86261.32,1
8536,15608535,Martinez,565,France,Male,69,0,0.0,2,1,1,84110.43,1
8537,15608536,Perez,844,France,Male,49,7,139041.49,3,1,0,186368.18,1
8538,15608537,Perez,636,Spain,Female,77,1,0.0,1,1,0,88085.03,0
8539,15608538,Smith,729,France,Male,38,7,157107.42,1,1,0,56214.03,0
8540,15608539,Lopez,590,Spain,Female,64,4,0.0,3,1,1,119425.05,1
8541,15608540,Robinson,591,Germany,Female,62,0,26163.15,1,1,0,179035.0,1
8542,15608541,Martin,729,Germany,Female,75,0,0.0,1,1,1,151846.88,0
8543,15608542,Smith,460,Spain,Male,59,5,77832.4,1,1,0,198072.98,1
8544,15608543,Hernandez,725,Germany,Female,50,0,149550.26,2,1,1,70487.64,0
8545,15608544,Garcia,700,France,Male,43,1,61888.5,1,1,1,26159.34,0
8546,15608545,Hernandez,599,Germany,Female,48,10,0.0,2,1,1,189493.11,1
8547,15608546,Jones,652,Spain,Male,37,2,84902.96,2,1,0,168072.61,0
8548,15608547,Martin,667,France,Male,63,10,149716.24,1,1,1,79630.81,0
8549,15608548,Harris,672,France,Female,51,10,15143.74,1,1,1,63468.23,0
8550,15608549,White,716,France,Male,50,1,112712.0,1,1,1,140747.51,0
8551,15608550,Brown,571,Spain,Female,47,8,10453.26,3,0,1,81618.32,1
8552,15608551,Martinez,850,France,Female,61,9,0.0,2,1,1,50949.6,0
8553,15608552,Hernandez,630,Germany,Male,50,5,63333.68,1,0,1,3398.79,1
8554,15608553,Sanchez,637,France,Male,53,8,0.0,2,1,0,124778.54,0
8555,15608554,Taylor,836,France,Male,52,4,213690.08,3,1,1,143588.37,0
8556,15608555,Wilson,474,Germany,Female,59,3,34074.19,1,1,1,183643.71,1
8557,15608556,Perez,835,France,Male,58,1,81194.96,2,1,1,38930.68,0
8558,15608557,Clark,658,Germany,Female,69,3,61667.87,2,0,0,157255.13,1
8559,15608558,Clark,599,Spain,Female,67,7,101655.31,1,1,1,7782.61,1
8560,15608559,Martinez,542,Spain,Female,47,1,0.0,1,1,1,40571.17,0
8561,15608560,Lopez,528,France,Female,80,7,0.0,1,0,0,185491.02,1
8562,15608561,Lopez,617,Spain,Female,58,1,141098.54,1,1,1,53679.33,0
8563,15608562,Lewis,676,Germany,Male,85,0,19345.8,1,1,1,116785.0,0
8564,15608563,Robinson,709,Spain,Male,56,3,0.0,1,1,1,116719.59,0
8565,15608564,Thomas,675,France,Male,48,6,41992.84,2,1,0,67841.26,0
8566,15608565,Moore,601,Germany,Female,46,1,36215.36,1,1,0,101655.35,0
8567,15608566,Lopez,778,Spain,Female,36,10,35584.22,1,1,1,65683.7,0
8568,15608567,Sanchez,850,Spain,Female,55,2,0.0,2,1,1,116415.73,0
8569,15608568,Harris,793,France,Female,55,5,66726.53,2,1,1,37880.24,0
8570,15608569,Wilson,615,France,Male,52,1,0.0,1,1,0,193086.0,0
8571,15608570,White,698,France,Male,57,8,127804.46,2,1,0,105102.52,0
8572,15608571,Davis,704,France,Male,39,5,0.0,2,0,0,84716.04,0
8573,15608572,Sanchez,803,France,Male,51,5,0.0,1,0,1,32641.17,0
8574,15608573,Wilson,617,France,Female,41,7,87686.95,1,0,1,113723.16,0
8575,15608574,Perez,557,Spain,Male,57,0,0.0,2,1,0,25946.88,1
8576,15608575,Brown,758,France,Female,54,9,49591.7,1,1,0,140258.84,0
8577,15608576,Rodriguez,689,Germany,Female,67,2,237224.16,1,0,0,126866.14,1
8578,15608577,Taylor,543,France,Male,48,1,70905.37,2,0,1,109586.45,0
8579,15608578,Anderson,717,France,Male,67,0,55011.16,1,1,0,79671.85,1
8580,15608579,Brown,826,France,Male,51,10,0.0,2,0,1,91854.59,0
8581,15608580,Ramirez,583,France,Male,61,10,171548.44,1,1,0,105509.05,0
8582,15608581,Wilson,564,Spain,Female,44,5,0.0,2,1,0,44359.66,0
8583,15608582,Hernandez,652,Spain,Male,52,3,0.0,2,0,1,61818.92,0
8584,15608583,Jones,715,France,Female,51,5,0.0,2,1,1,170328.88,0
8585,15608584,Miller,642,France,Female,68,7,0.0,1,0,0,13527.46,1
8586,15608585,Lopez,758,France,Male,51,6,0.0,1,1,1,159192.51,0
8587,15608586,Gonzalez,675,Spain,Female,51,2,0.0,2,0,0,75290.46,0
8588,15608587,Clark,747,Spain,Female,83,2,46636.33,2,1,0,79971.25,1
8589,15608588,Martin,580,Germany,Female,63,5,0.0,1,1,0,74953.19,1
8590,15608589,Moore,532,Germany,Male,49,0,85181.99,1,0,1,120015.47,0
8591,15608590,Lewis,617,Spain,Male,59,2,0.0,1,1,0,91659.41,1
8592,15608591,Miller,520,France,Male,65,7,110217.78,1,0,1,86954.21,1
8593,15608592,Ramirez,689,France,Male,53,2,109184.99,2,1,1,24068.38,0
8594,15608593,Thomas,456,Spain,Female,62,0,0.0,2,0,1,188464.28,1
8595,15608594,Martinez,606,Germany,Female,52,9,79378.99,1,1,1,157170.52,1
8596,15608595,Taylor,622,Germany,Female,68,8,0.0,2,1,1,96157.89,0
8597,15608596,Miller,549,Germany,Male,35,1,172881.61,1,0,0,31761.39,0
8598,15608597,Davis,620,France,Male,43,6,0.0,2,0,1,186905.57,0
8599,15608598,Anderson,650,Germany,Female,48,7,86571.46,2,1,1,35582.51,0
8600,15608599,Perez,771,Germany,Male,62,2,107917.84,1,0,0,30853.68,1
8601,15608600,Johnson,550,France,Male,57,6,110573.32,2,0,1,36785.62,0
8602,15608601,Thomas,684,Germany,Female,44,9,114719.82,2,1,1,18390.01,0
8603,15608602,Lee,703,Spain,Male,54,3,163088.14,2,0,0,33016.64,0
8604,15608603,Martinez,647,France,Female,36,1,84074.95,2,1,0,128651.74,0
8605,15608604,White,602,France,Male,38,3,0.0,2,1,0,42046.35,0
8606,15608605,Davis,540,France,Female,37,7,102657.85,1,0,1,89018.5,0
8607,15608606,Martinez,832,Germany,Female,41,1,0.0,1,0,1,109532.82,0
8608,15608607,Gonzalez,656,France,Male,62,5,50399.21,1,1,0,137217.42,0
8609,15608608,Martin,619,Germany,Female,57,9,0.0,4,1,0,34764.99,1
8610,15608609,Williams,850,Spain,Male,49,2,64067.0,2,1,0,103644.86,0
8611,15608610,Harris,671,France,Female,62,2,113858.34,1,1,1,192853.01,1
8612,15608611,Thompson,850,Spain,Male,69,5,60191.47,2,0,0,89458.04,0
8613,15608612,Robinson,514,Spain,Female,41,2,0.0,2,1,1,124367.27,0
8614,15608613,Martinez,627,France,Male,67,1,0.0,2,1,0,196954.83,0
8615,15608614,Lee,518,France,Female,44,1,0.0,1,1,1,89224.78,0
8616,15608615,Lopez,638,Spain,Female,46,2,23901.21,2,1,0,93794.52,0
8617,15608616,Martin,637,Spain,Male,78,1,85440.39,1,0,0,148215.03,1
8618,15608617,Harris,606,France,Female,54,5,139397.93,1,1,1,72129.5,0
8619,15608618,Taylor,655,France,Male,47,3,79072.21,1,1,0,35088.64,1
8620,15608619,Davis,610,France,Male,60,0,43787.87,1,1,0,21183.98,0
8621,15608620,Lopez,639,Spain,Female,64,2,0.0,1,1,1,148889.1,0
8622,15608621,Davis,577,France,Female,54,9,0.0,1,1,1,98602.29,0
8623,15608622,Hernandez,788,Germany,Male,47,10,54838.44,2,0,1,64194.89,0
8624,15608623,Wilson,543,Spain,Male,56,2,120505.01,1,1,1,23997.23,0
8625,15608624,Anderson,670,France,Female,60,3,0.0,3,1,0,187761.63,1
8626,15608625,Brown,535,Germany,Female,51,5,0.0,1,0,0,23469.64,0
8627,15608626,Robinson,569,France,Male,77,0,18664.36,1,1,0,197453.53,1
8628,15608627,Martin,580,Spain,Male,56,1,83704.05,2,1,1,122277.22,0
8629,15608628,Smith,637,France,Female,63,9,0.0,1,1,1,165247.6,0
8630,15608629,White,666,Germany,Female,64,2,0.0,2,1,0,78478.22,1
8631,15608630,Moore,543,Germany,Female,38,4,44772.23,1,1,1,40663.42,0
8632,15608631,Thomas,610,France,Male,60,10,66509.63,1,1,0,33661.05,0
8633,15608632,Rodriguez,554,France,Female,61,6,164783.83,2,1,0,158628.23,0
8634,15608633,Lopez,550,France,Female,47,0,0.0,2,1,1,69408.2,0
8635,15608634,Harris,758,France,Male,45,1,0.0,2,1,1,61489.5,0
8636,15608635,Williams,516,Spain,Female,38,3,120635.84,1,1,0,108980.32,0
8637,15608636,Robinson,657,Spain,Female,71,9,124789.09,1,1,1,114940.82,1
8638,15608637,Jackson,813,France,Male,44,0,0.0,2,1,1,46550.31,0
8639,15608638,Lopez,765,Germany,Female,39,10,0.0,1,0,1,177124.24,1
8640,15608639,Jackson,690,Germany,Female,49,0,0.0,2,1,1,186776.37,0
8641,15608640,Perez,648,Spain,Female,42,10,57103.2,1,1,1,46760.01,0
8642,15608641,White,720,France,Female,39,8,120806.4,2,1,1,130752.31,0
8643,15608642,Williams,685,France,Male,87,5,0.0,1,1,1,79240.64,1
8644,15608643,Jackson,786,France,Male,42,1,32266.52,2,1,1,38383.81,0
8645,15608644,Robinson,637,Germany,Female,44,9,0.0,1,1,0,82485.5,0
8646,15608645,Johnson,746,France,Male,54,6,0.0,1,0,1,145691.55,0
8647,15608646,Martin,618,France,Male,38,9,117686.35,1,1,1,104183.3,0
8648,15608647,Jackson,831,France,Male,51,5,0.0,1,1,1,85117.46,0
8649,15608648,Lewis,634,Germany,Male,60,10,0.0,2,1,0,80726.77,1
8650,15608649,Harris,494,France,Female,55,5,34190.35,2,0,1,88586.87,0
8651,15608650,Williams,657,France,Male,58,7,0.0,1,1,1,68967.2,0
8652,15608651,Hernandez,723,France,Male,51,9,0.0,2,1,1,11859.05,0
8653,15608652,Clark,806,France,Female,47,2,7949.82,2,0,1,175285.54,0
8654,15608653,Lopez,554,Germany,Female,58,9,91356.03,2,1,1,191199.23,0
8655,15608654,Williams,482,France,Female,57,1,88893.21,1,1,1,144390.74,1
8656,15608655,Rodriguez,697,France,Female,41,8,0.0,1,1,0,43910.83,1
8657,15608656,Robinson,694,Germany,Female,54,4,48333.65,1,1,1,133690.44,0
8658,15608657,Jones,514,France,Female,52,5,0.0,1,0,0,174260.9,0
8659,15608658,Clark,618,France,Female,60,10,132440.6,1,1,0,140280.78,0
8660,15608659,Rodriguez,622,Spain,Female,56,6,0.0,2,1,0,151830.45,0
8661,15608660,Johnson,729,France,Male,26,1,130513.9,2,1,0,62370.03,1
8662,15608661,Robinson,610,France,Female,69,10,0.0,1,1,1,157733.64,0
8663,15608662,Martinez,608,France,Male,64,5,125148.29,1,1,0,35862.32,0
8664,15608663,Robinson,661,France,Male,66,0,0.0,2,0,0,140521.74,0
8665,15608664,Smith,517,Germany,Male,61,8,47980.5,2,0,1,45701.58,0
8666,15608665,Jones,832,Germany,Male,65,5,0.0,2,1,0,122027.6,0
8667,15608666,Davis,739,Germany,Female,48,10,100945.23,2,1,0,78977.94,0
8668,15608667,Jones,582,France,Female,64,6,88217.87,1,1,1,118130.95,1
8669,15608668,Anderson,542,France,Female,52,4,57506.75,2,0,0,55024.51,1
8670,15608669,Sanchez,550,Spain,Female,39,1,0.0,4,1,0,193394.19,1
8671,15608670,Rodriguez,706,Spain,Male,63,3,138832.55,2,0,1,166039.67,0
8672,15608671,Thomas,553,France,Female,55,4,155190.62,1,1,1,148684.19,0
8673,15608672,Ramirez,626,France,Male,72,10,236333.32,2,1,1,111975.45,0
8674,15608673,Davis,487,France,Female,54,9,203796.7,2,1,0,162244.76,0
8675,15608674,Martinez,701,France,Male,44,1,65798.28,1,1,0,140657.44,0
8676,15608675,Sanchez,705,France,Male,46,8,83790.86,2,1,1,65841.97,0
8677,15608676,Ramirez,632,France,Female,50,1,42469.6,2,0,1,32675.53,0
8678,15608677,White,668,Germany,Female,56,1,0.0,1,1,0,90751.67,0
8679,15608678,Thompson,726,Germany,Female,66,1,74799.26,1,1,0,133400.6,1
8680,15608679,Gonzalez,666,France,Female,55,1,81377.44,1,1,1,83382.51,0
8681,15608680,Clark,724,France,Male,41,4,0.0,1,0,0,158598.89,0
8682,15608681,Wilson,537,Spain,Female,56,6,91297.57,1,1,1,57729.02,0
8683,15608682,Robinson,686,France,Female,68,0,18984.62,2,0,0,77474.43,1
8684,15608683,Williams,668,Germany,Male,54,8,189825.63,1,1,0,185820.17,1
8685,15608684,Robinson,765,France,Male,58,10,211056.42,1,1,1,49216.5,0
8686,15608685,Davis,652,Germany,Male,51,5,58943.47,1,1,1,33279.78,1
8687,15608686,Perez,640,France,Female,51,0,0.0,2,1,0,33013.41,0
8688,15608687,Williams,596,France,Male,66,0,67939.2,2,1,1,37837.14,0
8689,15608688,Lopez,793,France,Male,62,8,182766.14,1,0,1,7026.87,0
8690,15608689,Sanchez,423,France,Male,89,8,0.0,3,1,1,85742.37,1
8691,15608690,Jackson,699,France,Female,47,0,40661.21,1,1,1,108757.1,0
8692,15608691,Johnson,648,Germany,Female,45,0,0.0,2,0,0,139392.59,0
8693,15608692,Robinson,632,France,Female,39,4,0.0,1,1,0,12069.24,0
8694,15608693,Gonzalez,618,France,Male,50,4,201425.84,1,1,0,107560.52,0
8695,15608694,Wilson,644,Germany,Male,52,6,0.0,1,1,0,157926.0,1
8696,15608695,Williams,695,Germany,Male,45,3,185406.23,1,1,0,114895.59,1
8697,15608696,Davis,573,Spain,Female,58,9,94855.91,1,0,0,50869.52,0
8698,15608697,Brown,662,Germany,Male,62,0,0.0,1,1,1,130418.0,0
8699,15608698,Jackson,683,France,Male,57,5,98975.43,2,1,1,71703.23,0
8700,15608699,Anderson,558,Germany,Female,42,9,0.0,2,1,0,121936.83,1
8701,15608700,Miller,698,Spain,Male,45,2,0.0,2,1,0,191708.35,0
8702,15608701,Perez,684,Spain,Female,53,6,71929.86,1,1,1,52129.15,0
8703,15608702,Miller,573,France,Male,67,0,70241.59,2,1,0,138064.37,1
8704,15608703,Brown,535,France,Female,51,3,26271.03,1,1,0,111141.13,1
8705,15608704,Brown,572,France,Male,34,9,0.0,1,1,0,78184.18,0
8706,15608705,Jackson,662,Germany,Male,50,8,28573.99,2,1,0,587.28,1
8707,15608706,Robinson,642,Germany,Male,53,9,201841.04,4,0,0,179086.08,1
8708,15608707,Rodriguez,783,Germany,Female,74,5,90130.48,2,1,0,169129.17,0
8709,15608708,Taylor,614,France,Female,34,1,0.0,1,1,1,188337.34,0
8710,15608709,Moore,564,Germany,Male,63,5,2715.21,1,1,0,129982.4,1
8711,15608710,Hernandez,713,Spain,Female,39,8,90434.18,1,0,1,106404.0,0
8712,15608711,Brown,555,France,Female,48,10,0.0,1,1,1,30516.04,0
8713,15608712,Jackson,574,Germany,Female,57,0,182468.85,2,1,0,92369.58,1
8714,15608713,Brown,575,France,Female,65,4,93634.62,1,1,0,83505.02,1
8715,15608714,Thompson,362,Spain,Male,46,7,0.0,2,1,0,50323.21,0
8716,15608715,Ramirez,704,Spain,Female,48,6,59104.7,1,1,1,165513.35,0
8717,15608716,Jackson,740,Germany,Male,51,9,0.0,2,0,1,133062.25,0
8718,15608717,Jones,738,Germany,Male,35,1,0.0,1,1,0,145919.44,0
8719,15608718,Brown,831,Spain,Male,45,7,121128.67,1,0,0,139794.61,0
8720,15608719,Taylor,794,France,Female,72,8,0.0,1,1,1,20606.56,0
8721,15608720,Rodriguez,617,France,Female,55,9,0.0,1,1,0,150142.25,0
8722,15608721,Perez,756,Spain,Female,61,7,0.0,2,1,1,169402.76,0
8723,15608722,Sanchez,640,France,Female,51,5,0.0,2,1,0,93452.34,0
8724,15608723,Johnson,609,France,Female,34,8,105481.02,1,1,1,165312.5,0
8725,15608724,Jackson,577,Spain,Male,51,7,140819.28,2,0,0,79606.97,0
8726,15608725,Martin,624,Germany,Male,66,3,0.0,2,0,1,148223.98,0
8727,15608726,Rodriguez,681,France,Male,36,5,0.0,1,1,1,135953.17,0
8728,15608727,Hernandez,801,France,Male,52,4,146148.65,1,1,1,177721.6,0
8729,15608728,Anderson,719,France,Male,59,9,187683.25,2,0,1,104800.89,0
8730,15608729,Jones,575,France,Male,49,8,200685.43,1,1,1,35686.65,0
8731,15608730,Ramirez,549,France,Female,46,10,0.0,1,1,1,57216.81,0
8732,15608731,Martin,704,Germany,Female,55,3,101566.84,1,1,1,93648.69,1
8733,15608732,Williams,736,France,Female,44,0,146378.75,2,0,1,93009.9,0
8734,15608733,Jones,767,France,Female,38,10,25062.13,1,0,0,130326.99,0
8735,15608734,Harris,624,France,Male,49,8,102716.48,1,0,0,4943.31,0
8736,15608735,Jackson,695,Spain,Female,76,10,0.0,1,1,1,96667.36,0
8737,15608736,Jones,732,France,Male,59,8,141573.36,2,1,1,115747.04,0
8738,15608737,Brown,520,France,Male,47,6,0.0,2,0,1,128164.26,0
8739,15608738,Lopez,676,France,Female,59,4,87513.19,2,0,0,146228.87,0
8740,15608739,Ramirez,736,Germany,Male,68,10,0.0,1,1,1,136770.31,0
8741,15608740,Jones,698,Germany,Male,45,6,0.0,1,1,1,149984.13,0
8742,15608741,Miller,642,France,Male,59,8,57068.98,1,1,0,170769.24,1
8743,15608742,Lopez,850,France,Female,48,2,169559.59,1,0,0,17005.35,0
8744,15608743,Perez,835,France,Female,70,4,0.0,2,1,0,88319.25,1
8745,15608744,Anderson,650,Germany,Male,47,2,0.0,2,1,0,38623.81,0
8746,15608745,Lee,631,Germany,Female,48,7,0.0,2,0,0,1435.16,1
8747,15608746,Martin,717,France,Male,58,10,0.0,2,1,1,71735.28,0
8748,15608747,Martinez,644,France,Male,44,0,0.0,2,1,1,199344.0,0
8749,15608748,Taylor,772,France,Male,43,3,0.0,1,0,1,53340.33,0
8750,15608749,Brown,528,France,Female,69,6,0.0,1,1,1,92915.25,1
8751,15608750,Taylor,626,Germany,Male,66,8,185821.33,2,1,1,180373.01,0
8752,15608751,Perez,715,France,Female,62,9,0.0,1,0,0,36002.49,1
8753,15608752,Jackson,746,France,Male,46,10,0.0,2,0,1,29917.94,0
8754,15608753,Miller,507,France,Male,82,1,195417.54,2,1,0,66836.7,0
8755,15608754,Jones,558,Spain,Female,53,8,167798.59,1,0,1,129831.09,0
8756,15608755,Davis,489,Spain,Male,54,5,160135.76,2,1,1,120622.85,0
8757,15608756,Garcia,566,France,Male,75,6,274758.31,1,0,1,57821.04,0
8758,15608757,Martin,527,France,Male,52,3,0.0,2,1,0,180932.95,0
8759,15608758,White,701,France,Female,45,4,0.0,1,1,1,18651.08,0
8760,15608759,Johnson,671,France,Female,60,0,0.0,1,1,1,175518.64,0
8761,15608760,Lee,635,France,Male,55,3,104870.75,2,1,1,34671.79,0
8762,15608761,Sanchez,652,Germany,Male,62,7,49701.82,2,0,1,105379.0,1
8763,15608762,Jones,764,Germany,Male,72,5,87279.8,1,1,0,122143.55,1
8764,15608763,Johnson,549,Spain,Male,73,6,0.0,2,1,0,187111.82,1
8765,15608764,Martinez,464,France,Female,47,0,0.0,2,1,0,57631.56,0
8766,15608765,Johnson,718,Spain,Female,49,6,76539.64,1,1,0,183439.68,0
8767,15608766,Gonzalez,612,Spain,Female,33,5,0.0,1,1,0,193588.53,0
8768,15608767,Perez,552,France,Male,45,3,0.0,1,0,0,191896.1,0
8769,15608768,Anderson,703,France,Female,52,1,89448.37,2,0,0,102818.1,1
8770,15608769,Lopez,461,France,Female,70,1,50796.31,1,0,1,31886.72,0
8771,15608770,Wilson,567,France,Female,51,6,0.0,1,0,0,105246.39,0
8772,15608771,Gonzalez,420,France,Female,65,2,141702.08,2,1,0,162717.49,1
8773,15608772,Davis,674,Germany,Female,46,1,39336.74,2,0,1,72233.27,0
8774,15608773,Williams,801,France,Female,42,9,24385.48,2,1,1,154161.78,0
8775,15608774,Martinez,594,Spain,Male,53,2,238160.06,1,1,0,116467.71,0
8776,15608775,Moore,574,France,Female,56,9,0.0,1,1,1,107539.83,0
8777,15608776,Perez,821,Spain,Male,45,1,0.0,1,1,0,78078.32,0
8778,15608777,Jones,710,France,Female,40,10,60467.43,2,0,1,136766.41,0
8779,15608778,Ramirez,850,Spain,Female,47,2,143773.35,2,1,1,74000.31,0
8780,15608779,Lopez,665,France,Female,60,4,96711.0,1,1,1,90296.99,0
8781,15608780,Taylor,671,France,Male,52,9,24254.94,1,1,1,22711.92,0
8782,15608781,Garcia,788,Spain,Male,43,9,0.0,1,1,1,153134.09,0
8783,15608782,Davis,635,France,Male,44,9,0.0,1,0,0,121387.22,0
8784,15608783,Garcia,673,Germany,Female,62,4,0.0,1,1,0,145639.65,1
8785,15608784,Hernandez,417,Germany,Female,50,6,888.92,2,1,0,191971.85,1
8786,15608785,Brown,816,France,Female,38,9,131351.59,1,1,0,51085.56,0
8787,15608786,Perez,687,France,Male,68,10,193318.25,2,1,1,143307.77,0
8788,15608787,Lewis,639,Germany,Female,39,2,0.0,1,1,1,65925.14,0
8789,15608788,Miller,737,France,Female,65,10,186199.16,2,1,0,40419.97,0
8790,15608789,Rodriguez,536,Germany,Male,46,2,72936.33,2,1,0,107590.75,0
8791,15608790,Miller,597,Spain,Female,42,6,102988.6,2,1,1,192444.23,0
8792,15608791,White,703,France,Female,54,5,0.0,1,1,1,190845.86,0
8793,15608792,Gonzalez,654,France,Female,50,5,133754.47,1,1,1,181651.73,0
8794,15608793,White,692,Germany,Female,47,3,39213.83,1,1,1,99068.19,1
8795,15608794,Thomas,673,France,Male,55,10,75668.38,2,0,0,129165.32,1
8796,15608795,Johnson,710,France,Female,40,3,155412.89,2,1,0,13654.34,0
8797,15608796,Lee,523,France,Female,53,1,0.0,1,0,0,32950.79,1
8798,15608797,Rodriguez,772,Germany,Female,54,10,10500.44,2,1,1,53940.09,1
8799,15608798,Johnson,603,France,Female,46,5,181994.42,2,1,1,49778.83,0
8800,15608799,Rodriguez,655,France,Female,29,9,75114.53,1,1,1,178245.07,0
8801,15608800,Martin,592,Spain,Male,50,10,0.0,2,1,0,101820.0,0
8802,15608801,Moore,622,France,Female,50,2,138454.63,1,1,0,85675.99,0
8803,15608802,Martinez,671,France,Male,49,5,0.0,1,0,1,17929.1,0
8804,15608803,Thompson,720,Spain,Male,36,2,0.0,1,0,0,155688.12,0
8805,15608804,Lee,736,Germany,Male,54,2,0.0,2,1,1,727.24,1
8806,15608805,Robinson,691,Spain,Female,64,0,36156.13,1,1,0,169213.62,0
8807,15608806,Williams,592,France,Female,49,4,115618.31,2,1,0,36224.35,0
8808,15608807,Wilson,685,Spain,Male,40,1,138215.11,1,0,1,99834.52,0
8809,15608808,Garcia,673,France,Male,57,9,97764.89,2,1,0,70667.59,0
8810,15608809,Thomas,655,France,Female,72,1,101718.74,2,1,1,186358.94,0
8811,15608810,Jackson,701,France,Female,43,8,112549.83,2,1,1,193280.7,0
8812,15608811,Lopez,527,France,Female,43,1,0.0,2,1,1,162361.74,0
8813,15608812,Lee,455,Spain,Male,68,10,55149.15,2,1,1,123471.25,0
8814,15608813,Lee,764,France,Male,50,1,0.0,2,1,1,101991.84,0
8815,15608814,Perez,637,Germany,Male,36,5,44061.78,2,1,0,46880.08,1
8816,15608815,White,689,Germany,Male,78,9,119685.65,1,1,1,118912.29,1
8817,15608816,Moore,566,Germany,Male,31,10,383.17,2,1,1,132416.81,0
8818,15608817,Anderson,771,France,Male,35,0,0.0,1,1,1,187131.63,0
8819,15608818,Brown,683,Germany,Male,41,7,0.0,2,1,0,122459.91,0
8820,15608819,Perez,632,France,Male,61,0,128841.2,2,1,0,170877.33,0
8821,15608820,Jones,677,France,Female,62,8,0.0,2,1,1,83099.72,1
8822,15608821,Gonzalez,482,Spain,Male,39,3,33929.88,4,1,1,106985.38,1
8823,15608822,Lewis,685,France,Male,43,2,24923.57,1,1,1,183361.28,0
8824,15608823,Sanchez,792,France,Female,56,6,11270.58,1,0,0,149447.59,0
8825,15608824,Harris,680,Spain,Female,72,7,75366.83,1,1,0,184484.08,1
8826,15608825,Rodriguez,667,France,Female,31,4,185342.81,1,0,1,27876.14,0
8827,15608826,White,619,Germany,Female,35,2,0.0,1,1,1,40738.19,1
8828,15608827,Martinez,753,France,Female,46,3,0.0,1,1,1,58019.21,0
8829,15608828,Jackson,768,France,Female,37,9,0.0,2,1,0,166986.3,0
8830,15608829,Clark,608,France,Female,67,5,0.0,2,1,0,78893.57,1
8831,15608830,Smith,684,France,Female,51,4,191164.81,2,1,1,3416.24,0
8832,15608831,Miller,672,France,Male,66,3,0.0,1,1,0,58925.22,0
8833,15608832,Lopez,688,Germany,Male,56,2,0.0,1,1,1,21202.76,1
8834,15608833,Robinson,575,Germany,Female,60,5,105031.69,1,1,0,151796.16,1
8835,15608834,Johnson,759,Spain,Male,45,6,226084.68,3,0,0,63298.12,1
8836,15608835,Anderson,704,France,Female,34,1,123871.85,1,1,0,133784.91,0
8837,15608836,Ramirez,765,Germany,Male,50,5,76974.06,1,1,1,73320.44,0
8838,15608837,White,542,Germany,Male,64,2,98839.7,2,1,1,187453.3,0
8839,15608838,Harris,548,Spain,Female,77,9,146429.24,2,0,1,51134.93,1
8840,15608839,Anderson,847,France,Male,49,7,48355.98,2,1,0,115329.22,0
8841,15608840,Ramirez,760,Germany,Female,61,1,129653.91,2,1,0,114176.73,1
8842,15608841,Clark,571,Spain,Female,44,4,183707.62,1,1,0,119100.33,1
8843,15608842,Wilson,733,France,Female,47,7,30564.21,1,1,0,43662.71,1
8844,15608843,Robinson,605,Spain,Female,51,8,121438.46,2,0,0,64915.97,1
8845,15608844,Clark,486,France,Female,73,6,173059.0,1,1,1,42002.58,1
8846,15608845,White,448,Germany,Female,60,8,0.0,1,1,1,4668.5,1
8847,15608846,Thomas,647,Spain,Female,58,8,83970.51,2,1,1,128336.12,0
8848,15608847,Johnson,799,Germany,Female,72,7,0.0,2,1,1,199178.48,1
8849,15608848,Martinez,796,France,Female,43,6,37666.93,1,1,1,138952.09,0
8850,15608849,Anderson,770,France,Female,49,5,194405.07,2,0,0,159253.02,0
8851,15608850,Wilson,729,Spain,Female,58,10,0.0,1,1,0,8996.11,1
8852,15608851,Williams,680,France,Male,46,2,174203.66,1,1,1,146105.34,0
8853,15608852,Miller,760,France,Male,48,7,0.0,1,1,0,106976.17,0
8854,15608853,Jones,456,Germany,Male,55,2,113826.54,1,1,1,55897.55,0
8855,15608854,Lewis,745,France,Male,51,10,0.0,2,0,1,119934.85,0
8856,15608855,Martinez,542,France,Female,41,8,172746.43,2,1,0,142099.25,0
8857,15608856,Taylor,562,France,Male,44,8,0.0,2,1,1,187619.14,0
8858,15608857,Harris,716,France,Female,41,9,0.0,2,1,1,39994.0,0
8859,15608858,Perez,739,Germany,Male,61,9,229173.13,1,1,0,137729.01,1
8860,15608859,Harris,591,Germany,Male,44,8,0.0,1,0,1,114399.98,0
8861,15608860,Sanchez,712,Germany,Male,58,3,79232.61,1,1,1,118390.35,0
8862,15608861,Hernandez,704,Spain,Female,54,8,80862.04,2,1,1,19407.82,0
8863,15608862,Thomas,620,Spain,Male,51,1,56249.68,2,1,1,88037.19,1
8864,15608863,Martinez,664,Germany,Male,40,0,9068.34,1,0,0,125203.09,1
8865,15608864,Smith,849,France,Female,53,7,0.0,1,1,0,41083.97,0
8866,15608865,Perez,622,Germany,Male,57,5,0.0,4,0,0,46894.93,1
8867,15608866,Martinez,626,France,Male,61,10,0.0,2,1,0,120016.55,0
8868,15608867,Thomas,664,Germany,Female,41,9,116763.87,2,1,1,138993.64,1
8869,15608868,Anderson,632,Germany,Male,49,8,129093.64,1,1,0,40461.73,0
8870,15608869,Moore,725,France,Male,65,8,0.0,2,1,0,118273.45,1
8871,15608870,Ramirez,791,Spain,Male,63,2,0.0,2,1,1,86129.02,0
8872,15608871,Martinez,626,France,Male,51,1,0.0,1,1,0,33109.87,0
8873,15608872,Hernandez,567,Germany,Female,39,6,40461.35,2,1,1,20361.99,0
8874,15608873,Brown,839,France,Male,62,4,251200.36,2,1,0,155649.0,1
8875,15608874,Moore,661,Spain,Female,52,9,36597.74,2,1,0,60228.77,0
8876,15608875,Sanchez,486,France,Female,42,5,0.0,1,0,0,26755.9,0
8877,15608876,Martin,828,France,Male,49,4,64565.92,1,1,0,128227.54,0
8878,15608877,Smith,758,France,Female,39,3,0.0,2,0,0,68862.78,0
8879,15608878,Martin,803,France,Male,62,0,14670.74,1,0,1,7640.61,0
8880,15608879,Rodriguez,787,France,Male,36,3,52310.71,1,1,1,188809.19,0
8881,15608880,Smith,850,Germany,Male,66,9,211683.86,1,1,0,134513.7,1
8882,15608881,White,550,France,Male,55,2,187391.27,1,1,0,38250.33,0
8883,15608882,Brown,573,France,Female,40,2,0.0,2,1,1,9801.43,1
8884,15608883,Clark,602,France,Male,48,4,72125.26,2,0,0,98542.54,0
8885,15608884,Rodriguez,599,Spain,Female,47,0,0.0,1,0,1,199184.93,0
8886,15608885,Sanchez,661,Germany,Female,43,10,0.0,1,1,1,74318.08,1
8887,15608886,Lee,602,Germany,Male,54,5,0.0,2,1,0,175971.61,1
8888,15608887,Harris,535,Germany,Female,73,1,0.0,2,1,1,142750.93,0
8889,15608888,Lewis,566,France,Female,44,0,202815.54,1,1,0,51460.08,0
8890,15608889,Ramirez,621,France,Male,53,10,151092.06,1,1,1,8797.8,0
8891,15608890,Garcia,759,France,Male,52,7,120240.24,2,0,1,176537.11,0
8892,15608891,Rodriguez,594,Spain,Male,54,9,62395.86,2,1,0,161703.75,0
8893,15608892,Wilson,727,Spain,Male,32,2,0.0,3,1,0,141389.93,1
8894,15608893,Jackson,523,France,Male,67,5,128888.59,1,1,1,195700.24,1
8895,15608894,Perez,350,France,Male,88,1,0.0,1,0,1,188098.95,0
8896,15608895,Gonzalez,637,France,Female,52,4,219361.46,2,0,1,38639.88,0
8897,15608896,Lewis,591,France,Female,61,8,0.0,2,1,1,105069.5,0
8898,15608897,Lewis,565,Germany,Female,57,6,27882.54,2,0,1,41478.17,0
8899,15608898,Jones,554,France,Male,41,3,0.0,2,0,1,178194.69,0
8900,15608899,Jones,582,Spain,Male,51,2,0.0,2,1,0,8363.04,0
8901,15608900,Sanchez,555,France,Male,44,8,0.0,1,1,0,140156.99,0
8902,15608901,Gonzalez,563,Spain,Male,50,3,204222.53,1,1,1,135200.43,0
8903,15608902,Lewis,519,Spain,Female,52,4,0.0,1,1,0,44167.72,0
8904,15608903,Taylor,445,Spain,Male,53,5,0.0,1,1,1,184469.38,0
8905,15608904,Martin,437,Germany,Male,44,9,0.0,2,1,0,118657.26,1
8906,15608905,Johnson,850,Germany,Male,53,4,20107.21,1,0,1,181936.54,0
8907,15608906,Sanchez,643,Germany,Female,50,8,0.0,1,1,0,93264.13,1
8908,15608907,Johnson,796,Germany,Female,66,0,36651.92,1,1,0,161938.61,1
8909,15608908,Jackson,632,Germany,Male,60,10,40597.58,1,1,1,162711.05,0
8910,15608909,Thompson,636,Spain,Male,63,5,53663.25,3,1,0,132611.34,1
8911,15608910,Lee,679,Germany,Male,64,3,1502.4,1,0,1,85371.18,1
8912,15608911,Davis,711,Spain,Female,42,3,129701.03,1,1,1,180751.44,0
8913,15608912,Martin,530,Spain,Female,59,2,46356.39,1,1,0,166539.38,0
8914,15608913,Thompson,613,France,Female,42,4,102608.78,2,0,0,46121.36,1
8915,15608914,Johnson,679,France,Female,70,7,72892.17,1,1,0,85884.72,1
8916,15608915,Brown,464,France,Male,59,3,0.0,2,1,0,28157.3,0
8917,15608916,Lopez,774,Germany,Male,41,6,149053.79,1,1,0,5158.65,1
8918,15608917,Williams,752,Spain,Female,54,7,102673.35,2,1,0,15410.61,0
8919,15608918,Rodriguez,448,France,Male,43,4,60407.55,1,0,1,19643.22,0
8920,15608919,Jackson,565,Germany,Female,47,9,39830.52,1,1,1,69595.41,0
8921,15608920,Robinson,660,Germany,Male,55,0,21351.56,2,1,1,185263.88,0
8922,15608921,Rodriguez,730,France,Male,45,7,0.0,2,1,0,117503.82,0
8923,15608922,Davis,796,Germany,Female,49,9,0.0,1,1,0,175944.15,0
8924,15608923,Harris,588,Spain,Male,64,2,0.0,1,1,1,9467.25,0
8925,15608924,Miller,850,France,Male,50,3,136412.28,1,1,0,126597.32,0
8926,15608925,Rodriguez,645,Germany,Male,42,9,69975.41,2,0,1,104178.62,0
8927,15608926,Jackson,628,Germany,Female,35,6,0.0,2,0,0,32030.2,0
8928,15608927,Davis,703,France,Male,60,8,0.0,1,1,1,43423.31,0
8929,15608928,Hernandez,679,France,Male,60,3,0.0,1,1,1,30480.88,0
8930,15608929,Davis,674,Spain,Female,54,3,0.0,1,1,1,47821.35,0
8931,15608930,Moore,841,France,Male,85,5,4883.25,1,0,1,314.48,0
8932,15608931,Perez,673,France,Female,48,8,147668.19,2,1,0,62987.77,0
8933,15608932,Garcia,555,France,Male,66,3,140163.23,2,1,1,196167.1,0
8934,15608933,Lee,569,Germany,Female,44,9,70733.17,1,1,1,125503.59,0
8935,15608934,White,791,Germany,Male,61,7,136340.03,1,1,0,107863.95,1
8936,15608935,Moore,715,Germany,Female,41,2,16269.49,3,0,1,109700.69,1
8937,15608936,Hernandez,500,France,Female,61,1,0.0,2,1,0,119989.55,0
8938,15608937,Brown,495,Spain,Female,49,3,48940.2,2,1,0,148049.66,1
8939,15608938,Anderson,652,France,Male,58,3,0.0,2,1,1,159200.94,1
8940,15608939,Garcia,709,France,Male,54,6,99951.87,1,1,1,5868.53,0
8941,15608940,Brown,584,France,Female,60,6,0.0,1,1,0,37311.02,0
8942,15608941,Moore,488,France,Male,35,8,90622.1,2,1,1,33100.3,0
8943,15608942,Sanchez,541,Spain,Male,50,9,68872.01,1,1,0,75912.12,0
8944,15608943,Rodriguez,807,Spain,Female,65,1,0.0,1,1,1,53140.63,0
8945,15608944,Perez,697,France,Male,67,3,113105.46,1,1,1,163720.88,1
8946,15608945,Harris,746,Spain,Female,57,2,117437.31,1,1,0,82163.3,1
8947,15608946,Garcia,761,Spain,Male,66,2,126874.66,2,1,1,168131.18,0
8948,15608947,Smith,589,Spain,Female,33,6,203585.05,2,1,1,142989.73,0
8949,15608948,Thompson,614,France,Female,50,9,126456.46,2,1,0,87937.36,0
8950,15608949,Rodriguez,633,Germany,Male,27,5,179128.63,1,1,0,191568.04,1
8951,15608950,Ramirez,690,France,Female,45,2,0.0,2,1,1,158039.1,0
8952,15608951,Wilson,754,Spain,Male,53,7,206814.79,1,1,1,140478.78,0
8953,15608952,Perez,829,France,Female,54,7,58473.01,1,1,1,156628.68,0
8954,15608953,Jones,728,Germany,Female,56,6,51258.55,2,1,1,83860.12,1
8955,15608954,Anderson,728,France,Male,52,8,116223.36,3,0,0,22197.13,1
8956,15608955,Anderson,834,France,Female,52,2,0.0,1,1,0,82257.19,1
8957,15608956,Williams,630,Germany,Male,61,4,81730.25,1,0,1,103115.2,1
8958,15608957,Harris,764,Spain,Female,43,5,0.0,1,0,1,21326.0,0
8959,15608958,Martinez,705,Germany,Male,54,8,0.0,1,1,1,74070.83,1
8960,15608959,Garcia,709,Spain,Female,57,3,0.0,1,1,1,185517.18,0
8961,15608960,Jackson,629,France,Female,45,4,0.0,2,0,0,26486.94,0
8962,15608961,Williams,516,Germany,Male,49,8,130836.53,2,1,1,125276.57,0
8963,15608962,Williams,683,France,Female,73,10,0.0,2,1,0,168925.76,1
8964,15608963,White,683,France,Male,54,3,0.0,2,0,0,146476.15,0
8965,15608964,Thompson,594,Germany,Male,92,1,28708.44,2,1,1,38938.11,1
8966,15608965,Sanchez,640,Germany,Male,53,8,44522.55,2,1,0,81652.6,1
8967,15608966,Perez,565,Germany,Male,62,10,0.0,1,1,1,112347.17,0
8968,15608967,Garcia,566,Germany,Male,38,2,47827.82,1,1,1,26788.14,0
8969,15608968,Wilson,603,Germany,Male,35,10,95452.88,1,1,1,52059.55,0
8970,15608969,Anderson,522,France,Male,42,5,113358.93,1,0,0,131892.19,0
8971,15608970,Thomas,593,France,Male,64,8,0.0,1,0,1,166881.99,0
8972,15608971,Davis,718,Germany,Male,49,2,45966.95,1,0,0,188300.83,1
8973,15608972,Jones,789,France,Female,38,7,120727.06,2,1,1,42055.33,0
8974,15608973,Robinson,849,France,Female,52,8,0.0,1,1,0,108918.19,0
8975,15608974,Miller,611,France,Male,63,2,0.0,1,1,0,127395.71,1
8976,15608975,Perez,765,Germany,Female,43,2,0.0,1,1,1,143565.45,0
8977,15608976,Johnson,682,France,Female,63,3,0.0,2,1,0,130772.31,0
8978,15608977,White,627,Germany,Female,39,0,0.0,2,1,0,156420.74,1
8979,15608978,Thomas,688,Germany,Male,62,1,0.0,1,0,0,80310.62,0
8980,15608979,Robinson,755,France,Male,66,0,0.0,2,1,0,103540.65,0
8981,15608980,Jones,602,Spain,Female,45,2,108138.82,2,1,0,32867.75,0
8982,15608981,Garcia,599,Germany,Female,69,5,120403.77,1,1,0,5666.63,1
8983,15608982,Gonzalez,610,Germany,Male,72,7,112620.63,2,1,0,33417.36,1
8984,15608983,Wilson,589,Germany,Male,56,4,55608.98,2,1,1,141811.91,0
8985,15608984,Perez,765,France,Female,46,7,0.0,2,1,0,55873.58,0
8986,15608985,Sanchez,576,Germany,Female,92,5,0.0,2,1,0,150014.66,1
8987,15608986,Davis,593,France,Female,44,0,0.0,2,1,0,5950.13,0
8988,15608987,Jones,679,Spain,Male,75,2,112537.33,1,1,0,63041.76,0
8989,15608988,Ramirez,672,Spain,Male,82,1,0.0,1,1,1,10392.65,0
8990,15608989,Wilson,610,Germany,Male,57,5,193314.16,1,1,1,151090.13,0
8991,15608990,Lopez,811,France,Male,41,7,93.86,1,1,0,81625.82,0
8992,15608991,Hernandez,589,France,Male,56,5,114713.58,2,1,0,36162.96,0
8993,15608992,Moore,633,France,Female,85,3,0.0,1,1,0,114832.15,1
8994,15608993,Rodriguez,465,France,Male,45,3,0.0,2,1,0,193523.87,0
8995,15608994,Lee,620,France,Female,51,8,0.0,1,0,0,9949.46,0
8996,15608995,Sanchez,522,Germany,Male,33,0,145753.67,1,1,0,121688.92,1
8997,15608996,Jackson,562,France,Male,51,1,242916.88,1,0,0,138932.69,0
8998,15608997,Jackson,462,Spain,Male,60,3,26896.84,2,0,0,168831.05,0
8999,15608998,Smith,564,France,Male,42,2,0.0,3,1,0,66256.66,0
9000,15608999,Jackson,642,Spain,Female,74,8,246142.55,1,1,1,130658.01,0
9001,15609000,Martinez,626,Spain,Male,39,4,0.0,1,0,1,16612.55,0
9002,15609001,Garcia,610,Germany,Male,46,7,0.0,1,1,1,21306.84,0
9003,15609002,Williams,618,Germany,Male,70,3,144305.36,2,0,1,143793.11,1
9004,15609003,Johnson,601,France,Male,50,10,140816.15,2,1,1,91321.45,0
9005,15609004,Lewis,646,Germany,Female,78,3,0.0,2,1,1,100767.56,0
9006,15609005,Lewis,639,France,Male,35,9,138728.12,1,1,1,174269.28,0
9007,15609006,Wilson,676,France,Female,48,10,0.0,2,1,0,29366.38,1
9008,15609007,White,630,Germany,Female,56,2,39669.01,1,1,1,37537.8,0
9009,15609008,Lee,608,France,Male,84,8,0.0,1,1,1,78364.47,1
9010,15609009,Wilson,724,Germany,Male,54,9,0.0,2,1,0,75302.35,1
9011,15609010,Lopez,707,France,Female,59,1,0.0,1,1,1,112031.52,0
9012,15609011,Wilson,646,France,Female,52,10,0.0,2,1,1,87251.39,0
9013,15609012,Hernandez,764,France,Male,51,10,0.0,2,0,1,58536.35,0
9014,15609013,Harris,657,France,Male,45,2,62799.03,1,1,1,170521.82,0
9015,15609014,Clark,634,France,Male,57,2,0.0,1,1,1,30261.04,0
9016,15609015,Smith,643,France,Male,49,10,22894.26,1,0,0,1974.15,0
9017,15609016,Martin,665,France,Male,60,10,195964.05,1,1,0,28937.95,0
9018,15609017,Anderson,561,Spain,Male,53,2,199578.08,1,1,0,95861.27,0
9019,15609018,Brown,470,France,Male,48,3,0.0,1,1,0,117252.67,0
9020,15609019,Martinez,677,Germany,Male,74,4,68819.45,1,1,0,31040.95,1
9021,15609020,Ramirez,730,France,Male,45,5,0.0,2,1,1,114743.74,0
9022,15609021,Miller,553,Spain,Female,33,4,143356.63,1,1,0,7309.38,0
9023,15609022,Lee,753,France,Female,46,8,118249.16,1,1,0,123999.93,0
9024,15609023,Johnson,491,France,Female,33,6,58836.37,2,1,1,105691.26,0
9025,15609024,Jackson,596,Germany,Male,49,6,47163.65,1,1,1,83661.87,0
9026,15609025,Davis,813,France,Female,72,6,172398.83,2,1,1,184397.52,1
9027,15609026,Moore,684,Germany,Male,73,10,0.0,1,1,0,87014.04,1
9028,15609027,Lopez,620,France,Female,47,6,126742.44,2,1,0,73903.27,1
9029,15609028,Perez,674,Spain,Male,59,1,0.0,1,1,1,44490.4,0
9030,15609029,Gonzalez,764,France,Male,62,7,91382.03,1,0,1,62603.1,0
9031,15609030,Lopez,511,France,Female,38,9,182927.68,2,1,1,43830.44,0
9032,15609031,Williams,776,Germany,Female,68,0,0.0,2,0,0,35048.44,1
9033,15609032,Perez,602,France,Female,39,5,0.0,2,1,0,83210.4,0
9034,15609033,Garcia,718,Spain,Male,48,10,0.0,1,1,0,11699.82,0
9035,15609034,Wilson,591,France,Male,41,2,53047.31,1,1,0,126407.54,0
9036,15609035,Perez,811,Germany,Male,56,5,34391.3,2,1,1,94234.52,0
9037,15609036,Lee,647,France,Female,43,5,0.0,1,1,1,39695.9,1
9038,15609037,Sanchez,522,Spain,Female,46,7,0.0,2,0,1,1334.64,0
9039,15609038,Robinson,695,Germany,Female,64,3,0.0,2,0,0,114631.29,1
9040,15609039,Brown,774,France,Male,47,2,124313.3,1,0,0,13590.42,0
9041,15609040,Ramirez,764,France,Female,52,1,7212.61,2,1,0,196417.58,1
9042,15609041,Thomas,658,France,Male,39,5,14190.94,1,1,0,97127.91,0
9043,15609042,Taylor,727,Spain,Male,37,2,80513.1,1,1,0,107799.21,0
9044,15609043,Gonzalez,609,France,Male,54,3,0.0,1,0,1,178545.22,0
9045,15609044,Rodriguez,706,France,Male,46,8,54044.71,1,1,0,189565.22,0
9046,15609045,Brown,684,France,Male,77,6,145836.55,1,0,1,186580.67,1
9047,15609046,Smith,372,France,Male,87,0,0.0,1,1,1,88459.44,0
9048,15609047,Clark,553,Germany,Male,40,3,0.0,1,0,1,44001.82,0
9049,15609048,Brown,669,Spain,Male,37,10,218340.56,1,1,1,178241.88,0
9050,15609049,Taylor,665,Germany,Male,78,7,0.0,2,0,1,51635.78,0
9051,15609050,Clark,647,Spain,Male,58,9,101429.0,2,1,0,63931.22,0
9052,15609051,Harris,658,Germany,Male,54,3,0.0,1,1,0,22916.47,1
9053,15609052,Clark,765,France,Female,38,0,117042.13,2,1,1,171022.29,0
9054,15609053,Lopez,683,France,Female,85,9,18704.1,2,1,0,182355.44,1
9055,15609054,Perez,426,Germany,Male,43,1,31450.36,1,1,0,162610.52,0
9056,15609055,Lopez,836,Spain,Female,62,4,30617.51,2,1,0,60909.61,1
9057,15609056,Johnson,466,Spain,Female,62,5,0.0,2,0,0,161544.98,0
9058,15609057,Harris,741,France,Male,36,0,161621.81,1,1,1,24326.27,0
9059,15609058,Taylor,499,France,Male,45,4,0.0,2,0,1,156240.34,0
9060,15609059,Perez,786,France,Female,38,7,47664.78,1,1,1,188454.61,0
9061,15609060,Johnson,623,Spain,Female,34,7,206545.19,2,0,1,47716.57,0
9062,15609061,Ramirez,686,Spain,Female,49,1,91117.77,2,1,1,104133.67,0
9063,15609062,Perez,459,Spain,Female,39,8,202148.32,1,1,0,122132.36,0
9064,15609063,Martinez,720,France,Male,43,1,117699.07,2,0,0,90033.16,1
9065,15609064,Brown,689,Germany,Male,38,3,0.0,2,0,0,54572.05,0
9066,15609065,Lopez,709,France,Male,48,9,0.0,2,1,0,90140.71,1
9067,15609066,Brown,741,France,Male,77,3,102818.52,2,1,0,124792.18,1
9068,15609067,Thomas,667,Germany,Male,56,3,0.0,1,0,1,82663.3,1
9069,15609068,Perez,629,France,Male,46,6,83620.74,1,1,0,140016.68,0
9070,15609069,Perez,572,France,Male,51,7,10951.83,2,1,1,13238.42,0
9071,15609070,Sanchez,607,Spain,Male,55,7,108082.69,2,0,0,103216.22,0
9072,15609071,Jackson,765,Spain,Male,55,3,139200.93,1,1,0,178861.4,0
9073,15609072,Moore,569,France,Male,48,3,48582.91,1,1,0,198464.68,0
9074,15609073,Rodriguez,473,Germany,Male,44,5,0.0,2,1,0,112815.49,1
9075,15609074,Thomas,555,France,Male,62,8,115404.57,1,1,0,102309.79,0
9076,15609075,Lee,708,Germany,Female,40,4,0.0,1,1,1,68318.08,0
9077,15609076,Williams,620,Spain,Female,62,1,94875.84,2,1,1,44611.13,0
9078,15609077,Williams,708,Spain,Male,47,8,0.0,2,1,1,48912.8,0
9079,15609078,Gonzalez,457,Germany,Male,68,8,52358.71,1,1,0,5417.68,1
9080,15609079,Garcia,363,France,Female,42,10,132406.11,2,0,0,195841.14,1
9081,15609080,Gonzalez,675,France,Male,41,0,0.0,2,1,0,38621.15,1
9082,15609081,Taylor,746,France,Female,52,8,54445.92,1,1,0,108836.26,0
9083,15609082,Johnson,485,France,Male,43,6,0.0,1,1,1,10059.11,0
9084,15609083,Moore,700,Spain,Female,78,0,0.0,1,0,1,21537.59,0
9085,15609084,Martinez,764,France,Female,44,1,36698.13,1,1,0,159236.25,0
9086,15609085,Smith,649,France,Female,42,1,105170.89,1,0,1,121329.11,0
9087,15609086,Anderson,736,France,Male,57,7,0.0,2,0,1,24819.35,0
9088,15609087,Brown,668,Spain,Female,32,0,0.0,2,1,1,97681.62,0
9089,15609088,Moore,624,France,Female,34,10,138768.48,2,1,0,65754.35,0
9090,15609089,Jackson,728,Germany,Female,79,2,119852.1,1,1,0,97029.29,1
9091,15609090,Johnson,833,France,Male,60,0,0.0,2,0,1,21558.48,0
9092,15609091,Lopez,596,France,Female,55,4,0.0,2,0,0,178457.14,0
9093,15609092,Johnson,641,France,Male,44,3,143105.82,2,1,1,112686.07,0
9094,15609093,Smith,554,Germany,Male,50,2,0.0,2,1,1,107663.69,1
9095,15609094,Taylor,664,Germany,Female,45,7,0.0,2,1,1,35156.46,0
9096,15609095,Brown,634,Spain,Male,47,6,0.0,2,1,1,109291.89,1
9097,15609096,Smith,761,France,Female,64,3,0.0,1,0,1,196741.36,0
9098,15609097,Harris,786,France,Female,56,0,180738.09,2,1,0,24124.14,0
9099,15609098,Thomas,725,Spain,Male,48,6,0.0,3,1,0,140900.74,1
9100,15609099,Hernandez,750,France,Female,36,2,149175.3,2,1,0,77331.57,0
9101,15609100,Lewis,582,Germany,Female,88,4,94989.36,1,0,1,155280.23,1
9102,15609101,Lee,558,Spain,Male,41,7,0.0,2,1,1,103684.8,0
9103,15609102,Jones,691,France,Female,64,8,121991.36,2,0,0,180676.2,1
9104,15609103,Jackson,651,Germany,Male,44,9,182857.15,1,1,0,16801.14,0
9105,15609104,Jackson,841,France,Male,54,10,104618.41,2,1,0,84595.52,0
9106,15609105,Harris,465,France,Male,42,9,0.0,2,0,0,64925.28,0
9107,15609106,Gonzalez,709,France,Male,44,6,111581.56,1,1,0,177102.45,0
9108,15609107,Thompson,707,Spain,Male,43,5,145454.46,2,1,0,7824.52,0
9109,15609108,Gonzalez,576,France,Female,53,4,84506.17,2,1,0,35925.28,0
9110,15609109,Taylor,557,Germany,Female,44,4,190053.87,2,0,0,93140.79,1
9111,15609110,Robinson,617,Spain,Male,52,10,0.0,1,1,1,107494.53,0
9112,15609111,Johnson,492,Germany,Male,70,3,0.0,2,1,0,97162.5,1
9113,15609112,Ramirez,789,Germany,Male,40,6,125853.43,2,1,1,119590.79,0
9114,15609113,Moore,850,France,Male,40,0,145791.88,2,1,1,185878.48,0
9115,15609114,Gonzalez,617,France,Male,74,2,0.0,1,1,1,129209.75,0
9116,15609115,Rodriguez,588,France,Male,60,5,16997.05,1,1,1,93641.66,0
9117,15609116,Wilson,524,Germany,Male,52,9,131629.52,1,1,1,121303.28,1
9118,15609117,Miller,544,Spain,Male,37,0,203734.68,2,1,0,42431.43,0
9119,15609118,Harris,593,Spain,Female,36,6,0.0,1,1,0,11245.96,0
9120,15609119,Martinez,766,Spain,Female,42,1,189285.27,1,1,0,138050.19,0
9121,15609120,Thompson,850,Spain,Male,53,6,44813.3,2,1,0,151612.63,0
9122,15609121,Brown,580,France,Male,65,3,217977.17,1,1,0,189404.05,0
9123,15609122,Williams,563,Germany,Male,53,8,0.0,1,1,0,191931.83,0
9124,15609123,Lee,537,Spain,Female,54,4,67836.23,1,1,1,175305.69,1
9125,15609124,Lewis,693,France,Female,67,0,0.0,2,1,1,182993.61,0
9126,15609125,Gonzalez,683,Spain,Female,57,10,0.0,1,1,1,151947.73,1
9127,15609126,Perez,659,France,Female,46,3,202847.33,1,1,0,179008.05,0
9128,15609127,Robinson,607,Germany,Male,51,10,0.0,2,1,1,394.51,0
9129,15609128,Clark,780,Germany,Female,66,3,0.0,2,1,1,5814.75,1
9130,15609129,Anderson,723,Spain,Male,55,3,153269.32,1,1,1,153513.79,0
9131,15609130,Wilson,719,France,Male,76,2,99121.3,1,0,0,166751.73,0
9132,15609131,Perez,685,Germany,Female,44,2,88910.33,1,1,1,57583.62,0
9133,15609132,Rodriguez,631,Germany,Male,41,9,0.0,2,1,1,10131.38,0
9134,15609133,Lopez,581,France,Female,56,4,116373.12,1,0,0,3819.96,0
9135,15609134,Harris,699,Spain,Male,53,4,0.0,2,1,1,15125.81,0
9136,15609135,Robinson,690,Germany,Female,40,10,18424.61,2,0,1,94048.0,0
9137,15609136,Williams,704,Germany,Male,45,1,51258.88,1,1,1,191481.52,0
9138,15609137,Rodriguez,499,France,Male,70,9,0.0,2,1,0,8071.51,1
9139,15609138,Rodriguez,682,France,Female,58,9,0.0,2,1,0,83687.06,0
9140,15609139,Martinez,620,Germany,Female,46,8,59645.45,2,0,0,107997.49,1
9141,15609140,White,565,France,Female,42,2,88332.63,1,1,1,126107.91,1
9142,15609141,Clark,719,France,Female,48,3,113685.97,3,1,0,81100.41,1
9143,15609142,Moore,667,Spain,Female,65,1,158948.1,1,1,1,162589.68,0
9144,15609143,Jackson,850,Germany,Female,52,7,126133.65,2,0,0,32859.98,0
9145,15609144,Lewis,696,Germany,Male,51,6,84756.86,1,1,1,3071.43,1
9146,15609145,Moore,621,France,Male,66,2,0.0,2,1,0,148559.7,0
9147,15609146,Williams,639,France,Male,40,10,0.0,1,1,0,188862.48,0
9148,15609147,Lewis,537,France,Female,43,10,0.0,1,1,1,169388.07,0
9149,15609148,Anderson,768,France,Male,53,4,0.0,1,0,0,149818.66,0
9150,15609149,Brown,680,Germany,Female,51,0,0.0,1,1,0,20931.96,1
9151,15609150,Miller,681,Germany,Male,28,5,85095.23,1,1,0,158929.1,1
9152,15609151,Jones,547,France,Female,48,9,125765.33,2,1,0,101976.53,0
9153,15609152,Brown,724,France,Male,66,5,181908.08,2,0,0,59201.88,1
9154,15609153,Wilson,560,France,Male,34,4,116390.63,2,1,1,195541.66,0
9155,15609154,Garcia,596,France,Female,41,8,0.0,1,1,0,172664.64,0
9156,15609155,Jones,662,France,Male,41,3,0.0,2,1,1,82127.97,0
9157,15609156,Martin,594,Spain,Male,59,1,59389.85,2,0,1,40905.0,0
9158,15609157,Rodriguez,573,Germany,Male,47,6,0.0,1,0,1,179584.14,1
9159,15609158,Sanchez,645,Germany,Male,85,4,75195.75,2,1,0,82903.64,1
9160,15609159,Thomas,746,France,Male,67,6,104375.71,1,1,1,185770.81,0
9161,15609160,Martinez,735,Spain,Female,47,6,96336.5,1,1,0,61835.85,0
9162,15609161,Martin,717,Germany,Male,59,6,54011.73,1,0,1,82957.48,1
9163,15609162,Moore,696,Spain,Female,58,2,0.0,2,0,1,181250.01,0
9164,15609163,Martin,604,France,Male,72,4,0.0,1,1,0,11946.31,0
9165,15609164,Clark,757,Spain,Female,49,0,0.0,1,1,1,195401.87,0
9166,15609165,Ramirez,483,Spain,Female,45,5,29441.7,2,0,1,8885.53,0
9167,15609166,Jackson,691,Spain,Male,57,3,169706.54,2,0,1,120532.43,0
9168,15609167,Williams,730,France,Male,49,1,0.0,1,1,0,95251.93,0
9169,15609168,Moore,641,France,Male,60,2,137837.25,2,0,1,115896.7,0
9170,15609169,Gonzalez,580,France,Female,70,2,179989.58,1,1,1,74201.81,0
9171,15609170,Thompson,646,France,Female,42,0,92739.17,2,1,0,148831.77,0
9172,15609171,Harris,577,Spain,Female,44,6,100858.48,2,1,1,154520.64,0
9173,15609172,Lee,699,France,Male,68,9,0.0,2,1,0,142207.58,0
9174,15609173,Jones,740,France,Male,52,2,87843.5,2,0,1,6840.89,0
9175,15609174,Jones,692,France,Male,52,6,72513.46,2,0,1,1127.76,0
9176,15609175,Thompson,687,France,Male,65,9,31204.96,2,0,1,134721.06,0
9177,15609176,Perez,722,France,Male,50,9,47944.64,1,1,0,23455.6,0
9178,15609177,Harris,734,Spain,Male,62,8,0.0,2,1,0,10650.48,0
9179,15609178,Lopez,575,Germany,Female,43,5,0.0,1,0,1,10562.38,0
9180,15609179,Sanchez,502,France,Male,47,7,0.0,1,0,1,3128.28,0
9181,15609180,Martin,676,France,Female,73,10,0.0,2,0,0,139077.99,0
9182,15609181,Johnson,738,France,Male,52,10,0.0,2,1,1,196009.58,0
9183,15609182,Jackson,498,France,Female,42,0,0.0,2,1,0,111907.47,1
9184,15609183,Jones,656,Germany,Female,42,7,3166.96,1,1,0,130768.89,1
9185,15609184,Moore,758,Germany,Female,51,7,204626.49,2,0,1,141113.62,1
9186,15609185,Lee,638,Germany,Female,63,2,0.0,1,1,1,16764.22,0
9187,15609186,Jackson,796,Germany,Female,31,5,77097.96,2,0,1,130893.31,0
9188,15609187,Garcia,778,France,Female,46,5,0.0,2,1,1,170994.78,0
9189,15609188,Moore,632,Spain,Male,58,6,220502.02,2,1,1,165906.77,0
9190,15609189,Thomas,614,Spain,Female,54,2,89744.53,2,1,0,59341.61,0
9191,15609190,Gonzalez,616,Spain,Female,57,9,94011.92,2,1,1,2782.1,0
9192,15609191,Ramirez,662,France,Female,44,0,0.0,1,1,0,132781.36,0
9193,15609192,Davis,537,Spain,Male,53,8,0.0,1,0,1,142110.48,0
9194,15609193,Clark,519,Spain,Male,66,5,110503.68,1,1,1,187407.04,1
9195,15609194,Moore,431,Spain,Female,47,4,0.0,1,1,1,17078.37,0
9196,15609195,Robinson,647,France,Female,52,1,175620.69,1,1,1,191989.36,0
9197,15609196,Gonzalez,845,Germany,Male,36,3,0.0,2,1,0,3929.28,0
9198,15609197,Ramirez,458,Spain,Male,58,4,0.0,1,1,1,88525.38,0
9199,15609198,Martinez,632,Germany,Male,44,9,0.0,1,1,0,81149.48,1
9200,15609199,Lewis,629,Germany,Male,39,3,0.0,2,1,0,2402.69,0
9201,15609200,Smith,635,Spain,Male,46,9,230766.14,2,0,1,150564.56,0
9202,15609201,Wilson,770,France,Male,58,3,132865.62,1,1,0,3388.22,0
9203,15609202,Martinez,564,Germany,Female,44,10,122780.26,2,1,0,162446.1,1
9204,15609203,Lee,463,France,Male,41,5,105287.35,1,1,1,63524.93,0
9205,15609204,Gonzalez,598,Spain,Male,61,3,0.0,2,1,0,38190.96,0
9206,15609205,Martinez,585,France,Female,42,8,102110.43,1,0,1,99405.2,0
9207,15609206,Clark,435,Germany,Female,84,1,155086.51,2,1,0,5187.91,1
9208,15609207,Miller,673,Germany,Female,41,4,0.0,2,0,1,32836.51,0
9209,15609208,White,536,Spain,Male,65,2,185602.23,1,1,0,186436.28,0
9210,15609209,Lee,642,Germany,Female,73,7,114158.13,1,1,0,182420.23,0
9211,15609210,Robinson,615,Spain,Male,53,2,119087.35,1,0,1,43969.11,0
9212,15609211,Martin,546,Spain,Female,44,7,155279.18,2,1,0,27302.95,0
9213,15609212,Thomas,735,France,Female,67,7,168790.8,1,1,1,102645.89,0
9214,15609213,Clark,622,France,Male,40,1,100390.82,2,1,0,135702.33,0
9215,15609214,Ramirez,655,France,Male,35,10,25839.01,1,1,0,53115.0,0
9216,15609215,Martin,706,France,Male,57,9,0.0,3,0,0,44454.09,1
9217,15609216,Wilson,677,Germany,Female,38,6,0.0,1,0,1,197995.6,1
9218,15609217,Robinson,663,Spain,Male,51,10,0.0,2,0,0,97450.36,0
9219,15609218,Clark,570,Spain,Female,50,5,135871.17,2,0,1,177094.11,0
9220,15609219,Ramirez,543,France,Male,62,10,0.0,1,1,1,76195.25,0
9221,15609220,Martin,665,France,Male,39,0,0.0,4,1,1,12300.85,0
9222,15609221,Brown,557,Germany,Female,37,1,0.0,2,0,1,54687.02,0
9223,15609222,Miller,726,Germany,Female,49,3,0.0,1,1,1,130022.47,0
9224,15609223,Robinson,637,France,Female,30,1,0.0,2,1,0,108849.4,0
9225,15609224,Ramirez,712,Spain,Male,56,4,173284.97,1,1,0,71677.24,0
9226,15609225,Harris,555,Spain,Male,54,2,181376.49,2,0,1,102921.53,0
9227,15609226,Hernandez,540,France,Male,55,5,176299.47,1,1,1,199407.4,0
9228,15609227,Jones,811,Spain,Male,49,8,169594.86,2,0,0,139310.89,1
9229,15609228,Taylor,635,France,Male,79,9,124817.28,1,0,1,131002.97,0
9230,15609229,Rodriguez,737,Germany,Female,57,6,0.0,1,1,0,111075.37,1
9231,15609230,Williams,514,France,Male,61,4,84912.01,2,1,1,36743.91,0
9232,15609231,Jackson,622,France,Male,45,0,0.0,2,1,1,123595.89,0
9233,15609232,Thomas,775,Spain,Male,49,0,222847.64,1,0,0,115672.19,1
9234,15609233,Miller,499,France,Female,42,0,0.0,1,1,0,157408.06,1
9235,15609234,Thompson,850,Germany,Female,53,2,8788.18,1,1,1,65425.07,0
9236,15609235,Perez,669,France,Male,43,6,79516.29,1,0,1,80188.84,0
9237,15609236,Rodriguez,571,France,Male,61,8,0.0,2,1,1,198451.84,0
9238,15609237,Martinez,683,France,Male,51,5,0.0,1,1,1,69393.81,0
9239,15609238,Martin,756,France,Female,28,6,121609.41,3,1,0,110061.43,0
9240,15609239,Lopez,570,Germany,Female,42,10,109895.62,2,1,1,63978.33,0
9241,15609240,Taylor,584,France,Female,71,2,0.0,1,1,1,129396.18,1
9242,15609241,Rodriguez,673,Germany,Male,73,10,16326.33,2,1,0,154505.14,1
9243,15609242,Moore,694,Germany,Male,59,7,239290.85,1,1,0,137082.95,1
9244,15609243,Perez,630,Germany,Female,49,9,131109.48,1,1,0,112150.0,0
9245,15609244,Moore,688,France,Female,69,5,142095.84,1,1,1,62334.88,0
9246,15609245,Robinson,731,Spain,Female,50,2,155583.79,2,1,0,116869.12,1
9247,15609246,Williams,666,France,Female,68,1,0.0,2,1,0,154669.55,0
9248,15609247,White,583,France,Male,53,8,0.0,1,1,1,30995.77,0
9249,15609248,Smith,647,France,Female,48,10,168066.28,2,1,0,88593.21,0
9250,15609249,Ramirez,818,France,Female,61,6,100851.56,1,1,1,175078.57,0
9251,15609250,Taylor,681,France,Female,41,9,181859.98,1,1,0,100302.24,0
9252,15609251,Ramirez,769,Germany,Male,43,9,65922.3,2,0,0,179894.22,1
9253,15609252,Harris,600,France,Male,38,8,80493.25,2,1,1,16713.38,0
9254,15609253,Miller,675,France,Male,57,3,126884.54,1,1,1,53780.22,0
9255,15609254,Rodriguez,726,Spain,Male,51,3,0.0,1,1,0,101045.72,0
9256,15609255,Robinson,793,France,Male,92,5,42050.46,1,0,0,38180.19,1
9257,15609256,Williams,767,France,Female,58,1,58935.97,2,1,1,114929.69,0
9258,15609257,Sanchez,542,France,Male,48,9,158241.49,4,1,0,96185.14,1
9259,15609258,Martinez,760,Spain,Male,50,0,162781.57,2,0,0,187168.41,0
9260,15609259,Lopez,811,France,Male,54,9,0.0,1,1,1,131258.92,0
9261,15609260,Jones,594,France,Male,45,2,44232.27,1,1,1,2800.36,0
9262,15609261,Lewis,564,Germany,Female,31,10,0.0,2,1,1,168653.65,0
9263,15609262,Martin,647,Germany,Male,38,4,0.0,1,1,1,129564.97,0
9264,15609263,Harris,667,Germany,Male,46,1,0.0,1,1,1,40591.28,0
9265,15609264,Williams,616,Spain,Female,36,8,0.0,2,1,1,49413.83,0
9266,15609265,Lewis,536,France,Female,52,0,114314.57,1,1,0,137477.87,0
9267,15609266,Gonzalez,791,France,Male,65,2,165418.82,1,0,1,115406.56,0
9268,15609267,Wilson,567,France,Female,43,4,0.0,2,0,1,87835.88,0
9269,15609268,Sanchez,601,France,Female,47,0,256615.31,2,1,1,63170.75,0
9270,15609269,Rodriguez,660,France,Female,50,3,0.0,1,0,1,165238.51,0
9271,15609270,Johnson,508,France,Male,48,9,0.0,1,1,1,158738.24,0
9272,15609271,Martin,501,Germany,Female,52,0,118784.8,1,0,0,172962.23,1
9273,15609272,White,608,Germany,Male,33,10,56625.92,1,1,0,160966.71,0
9274,15609273,White,729,France,Male,67,10,0.0,1,1,1,188667.1,0
9275,15609274,Wilson,668,Germany,Male,49,10,45763.55,1,0,0,22186.4,0
9276,15609275,Moore,452,France,Male,42,6,196029.07,1,1,0,102703.8,1
9277,15609276,Ramirez,783,France,Female,55,0,0.0,1,1,0,62638.86,0
9278,15609277,Moore,726,Germany,Female,64,2,64445.37,2,1,1,77370.92,1
9279,15609278,Smith,668,France,Male,40,3,0.0,2,0,0,184317.48,0
9280,15609279,Garcia,665,France,Male,28,3,0.0,1,1,1,157474.76,0
9281,15609280,Anderson,714,France,Male,56,6,0.0,1,0,1,6476.94,0
9282,15609281,Moore,850,Spain,Female,70,4,0.0,1,1,0,89998.38,0
9283,15609282,Robinson,734,Germany,Female,70,10,6871.6,1,0,0,48994.87,0
9284,15609283,Martinez,678,France,Female,61,7,134080.41,2,1,1,116483.71,1
9285,15609284,Smith,532,Spain,Female,45,2,80178.42,1,1,0,63935.88,0
9286,15609285,Brown,665,Germany,Female,41,7,0.0,2,0,0,96684.35,0
9287,15609286,Martinez,724,Germany,Female,43,10,78983.37,2,0,0,74678.78,1
9288,15609287,Lewis,638,Spain,Male,69,10,143645.94,1,1,0,7252.13,1
9289,15609288,Thomas,599,France,Female,59,8,0.0,2,1,1,58946.65,0
9290,15609289,Ramirez,703,France,Female,62,8,52613.23,2,1,0,136450.5,1
9291,15609290,Wilson,555,Germany,Female,51,8,136980.92,2,1,1,166362.68,0
9292,15609291,Davis,733,Germany,Female,34,0,72424.57,1,1,0,160087.1,0
9293,15609292,Lee,608,Germany,Female,55,8,0.0,2,1,1,50108.37,1
9294,15609293,Williams,446,Germany,Female,42,7,0.0,1,1,1,162642.54,0
9295,15609294,Thompson,606,Spain,Female,66,1,53660.31,2,1,1,165255.31,1
9296,15609295,Ramirez,644,Spain,Male,43,2,190456.3,1,1,1,105055.7,0
9297,15609296,Martinez,703,Spain,Male,54,6,0.0,1,1,1,65160.06,0
9298,15609297,Harris,691,Spain,Female,59,2,121273.87,1,1,1,163677.7,0
9299,15609298,Rodriguez,526,Spain,Male,92,1,174369.7,1,1,0,20915.76,1
9300,15609299,Lee,661,France,Female,50,3,0.0,4,0,1,191215.75,0
9301,15609300,Robinson,598,France,Female,51,8,111802.85,1,1,1,66991.14,0
9302,15609301,Jones,615,France,Female,66,1,108043.73,1,0,1,26315.91,0
9303,15609302,Hernandez,554,Spain,Female,49,0,179275.99,1,1,0,148706.08,0
9304,15609303,Anderson,645,Germany,Male,47,9,0.0,1,1,1,88333.29,1
9305,15609304,Robinson,850,Germany,Female,44,6,0.0,1,1,1,104932.76,0
9306,15609305,Lee,828,France,Female,52,10,0.0,1,1,1,8053.39,0
9307,15609306,Wilson,554,France,Male,46,0,187157.72,2,1,0,62925.72,1
9308,15609307,Jones,656,Germany,Male,71,5,188385.22,2,1,0,44288.83,1
9309,15609308,Thompson,619,France,Female,61,4,0.0,1,1,1,82895.77,0
9310,15609309,Harris,663,France,Female,53,10,0.0,2,1,1,15408.87,0
9311,15609310,Lopez,737,France,Female,52,7,170219.17,1,0,1,47859.22,0
9312,15609311,Hernandez,637,France,Female,44,2,79893.34,2,0,0,35452.61,0
9313,15609312,Garcia,581,Germany,Male,51,2,152470.84,1,1,1,58792.66,0
9314,15609313,Johnson,761,France,Male,50,0,72882.52,1,0,1,96214.16,0
9315,15609314,Garcia,531,Germany,Male,79,3,109331.76,2,0,0,191837.91,0
9316,15609315,Rodriguez,668,France,Female,49,9,20405.92,1,0,1,98502.25,1
9317,15609316,Lee,507,Spain,Male,58,9,0.0,2,1,1,190652.19,0
9318,15609317,Martinez,551,France,Female,33,5,37466.02,2,0,1,83085.44,0
9319,15609318,Hernandez,721,Germany,Female,58,4,102178.77,2,1,1,12836.4,0
9320,15609319,Rodriguez,584,Germany,Female,42,6,116290.43,1,1,1,42060.51,1
9321,15609320,Martinez,469,France,Male,49,10,0.0,1,0,0,77553.17,1
9322,15609321,Johnson,580,Spain,Female,61,9,97411.57,2,1,1,195459.73,0
9323,15609322,Lee,570,Germany,Male,41,0,0.0,2,0,0,161956.74,1
9324,15609323,Sanchez,528,France,Male,85,2,128671.19,2,1,0,14025.28,0
9325,15609324,Miller,702,France,Male,53,10,12961.58,1,1,1,34733.85,0
9326,15609325,Sanchez,501,Spain,Female,45,3,0.0,1,1,1,117120.85,0
9327,15609326,Hernandez,593,Spain,Male,39,5,111147.7,2,1,0,192542.41,0
9328,15609327,Miller,662,France,Female,74,3,17277.14,1,0,1,81958.6,0
9329,15609328,Martinez,617,France,Male,49,6,60425.23,2,1,0,166377.16,0
9330,15609329,Smith,611,Spain,Male,57,9,60692.96,2,1,1,65303.48,0
9331,15609330,Johnson,580,Germany,Male,40,9,0.0,2,0,0,38941.48,0
9332,15609331,Perez,532,Spain,Female,44,2,201723.35,3,1,1,63807.39,1
9333,15609332,Gonzalez,588,France,Female,65,7,0.0,2,1,0,124092.43,0
9334,15609333,Wilson,713,Germany,Female,74,6,19673.59,1,1,0,118257.75,1
9335,15609334,Taylor,608,France,Female,42,2,210206.49,2,1,1,89390.48,0
9336,15609335,Anderson,666,France,Female,57,8,0.0,2,0,0,137671.4,0
9337,15609336,Miller,757,Germany,Male,57,9,94087.48,2,1,1,47560.23,0
9338,15609337,Clark,707,Spain,Female,65,4,7595.01,2,1,0,16163.93,0
9339,15609338,Hernandez,527,France,Female,58,1,191591.64,2,0,0,123015.38,0
9340,15609339,Ramirez,693,France,Male,60,8,0.0,2,1,1,27925.7,0
9341,15609340,Johnson,750,Germany,Female,34,7,60629.82,2,1,1,102385.22,0
9342,15609341,Miller,594,Germany,Female,56,7,56188.98,2,1,0,68047.66,1
9343,15609342,Thompson,497,Spain,Female,39,0,0.0,2,1,0,6495.79,1
9344,15609343,Lewis,607,Spain,Female,55,3,52230.14,1,1,0,92451.24,0
9345,15609344,Thompson,668,France,Male,67,6,70642.81,2,1,1,175330.05,0
9346,15609345,Brown,706,Spain,Female,54,5,7578.4,2,0,0,176375.88,0
9347,15609346,Martin,600,Spain,Male,61,8,14602.2,2,1,1,145347.59,0
9348,15609347,Lee,454,Spain,Female,64,7,153885.27,2,1,1,95841.54,1
9349,15609348,Martin,527,Germany,Female,62,8,0.0,2,1,0,69184.68,1
9350,15609349,Williams,684,Spain,Female,55,3,35599.88,2,1,0,6144.22,1
9351,15609350,Jones,841,France,Male,56,7,71444.05,2,1,0,144344.99,0
9352,15609351,White,647,France,Male,66,5,72514.58,1,1,0,182217.76,0
9353,15609352,Perez,776,Spain,Male,89,8,15009.63,2,1,1,116939.51,0
9354,15609353,Lopez,548,France,Male,43,9,68645.76,1,1,1,199684.59,0
9355,15609354,Thompson,587,France,Female,47,0,0.0,1,0,1,130281.48,0
9356,15609355,Taylor,425,Spain,Female,63,5,0.0,1,0,0,32139.2,1
9357,15609356,Hernandez,685,Spain,Female,80,9,84319.03,1,0,0,100889.06,1
9358,15609357,Martin,564,France,Female,37,9,0.0,2,1,0,112865.92,0
9359,15609358,Perez,707,Spain,Male,39,1,80830.57,1,0,0,155336.19,0
9360,15609359,Smith,601,Germany,Male,53,2,127637.12,2,1,0,133077.96,0
9361,15609360,Martin,844,Germany,Male,22,8,0.0,2,1,1,10302.84,0
9362,15609361,Miller,822,Spain,Female,43,4,36792.93,2,1,0,42030.24,0
9363,15609362,Ramirez,428,France,Female,54,4,132893.54,1,1,1,11574.26,0
9364,15609363,Robinson,706,France,Female,63,0,73128.71,1,1,1,89398.23,0
9365,15609364,Lewis,578,France,Male,51,9,190636.5,1,1,1,81905.69,0
9366,15609365,Rodriguez,712,Germany,Male,47,1,0.0,2,1,1,96260.88,0
9367,15609366,Robinson,521,Germany,Female,62,8,95539.01,1,1,1,199910.56,0
9368,15609367,Williams,788,Spain,Male,37,6,77346.76,2,1,0,4873.29,0
9369,15609368,Garcia,748,Spain,Female,44,3,50751.02,3,0,0,192916.61,1
9370,15609369,Garcia,514,Germany,Male,55,6,67373.1,2,1,1,181008.05,1
9371,15609370,Gonzalez,632,Spain,Male,57,9,0.0,2,1,1,62999.17,0
9372,15609371,Hernandez,665,France,Female,60,1,106327.34,1,1,0,181636.96,1
9373,15609372,Clark,719,France,Male,45,4,46923.95,2,1,1,87723.19,0
9374,15609373,Thomas,648,Spain,Female,38,8,102153.46,2,1,1,157312.98,0
9375,15609374,Garcia,725,France,Female,43,10,35903.67,2,0,0,548.58,0
9376,15609375,Hernandez,643,France,Male,41,1,119131.51,4,0,1,180697.92,1
9377,15609376,Clark,708,Germany,Female,41,2,0.0,1,0,0,124941.07,0
9378,15609377,White,518,France,Female,35,4,118423.86,2,1,1,28647.64,0
9379,15609378,Hernandez,647,Spain,Male,40,4,111587.42,1,1,0,183071.8,1
9380,15609379,Moore,760,France,Female,65,7,0.0,2,1,0,8427.86,0
9381,15609380,Anderson,785,France,Female,44,6,0.0,2,1,0,5009.76,0
9382,15609381,Sanchez,666,France,Male,59,2,0.0,2,0,0,187152.08,1
9383,15609382,White,640,Germany,Female,35,4,88472.32,1,1,0,110375.94,1
9384,15609383,Sanchez,781,France,Female,48,7,70907.78,1,1,1,20002.63,0
9385,15609384,Lopez,640,Germany,Female,48,4,0.0,2,1,0,21997.95,1
9386,15609385,Williams,759,Spain,Female,62,1,61014.3,2,1,0,147839.35,1
9387,15609386,Gonzalez,639,Spain,Male,52,9,116316.77,2,0,1,117309.3,0
9388,15609387,Anderson,653,France,Male,46,1,162921.54,1,0,1,109113.84,0
9389,15609388,Ramirez,543,France,Male,58,0,91575.59,2,0,0,133571.0,0
9390,15609389,Perez,530,Germany,Male,53,5,0.0,1,0,0,139288.79,1
9391,15609390,Perez,743,Spain,Female,44,0,53052.31,2,1,1,57228.07,0
9392,15609391,Lee,815,Spain,Female,58,7,180736.02,1,1,0,199302.32,0
9393,15609392,Sanchez,660,France,Male,62,0,46039.23,2,1,1,12782.13,0
9394,15609393,Clark,634,Germany,Female,65,7,89831.7,1,1,0,156385.14,1
9395,15609394,Martin,748,France,Female,49,5,54469.25,2,1,1,52318.12,0
9396,15609395,Robinson,682,France,Female,56,8,77556.94,2,1,1,177414.53,0
9397,15609396,Moore,419,France,Female,56,2,0.0,2,1,1,24588.56,1
9398,15609397,Thomas,745,France,Female,37,6,0.0,1,1,1,197978.2,0
9399,15609398,Harris,521,France,Male,61,1,80461.2,1,1,1,94392.38,0
9400,15609399,Martinez,648,France,Male,57,4,178970.4,2,1,0,76161.38,0
9401,15609400,Hernandez,607,Germany,Female,44,0,32242.46,1,0,1,22313.51,0
9402,15609401,Thompson,588,France,Male,57,4,21340.36,1,1,1,68914.15,0
9403,15609402,Ramirez,654,Germany,Female,38,7,0.0,1,1,0,48671.56,1
9404,15609403,Rodriguez,735,France,Female,60,9,86355.46,2,0,0,188343.3,0
9405,15609404,Miller,653,France,Female,53,2,90728.51,1,0,1,132682.68,0
9406,15609405,Rodriguez,785,France,Male,45,5,0.0,1,0,0,70465.53,0
9407,15609406,Brown,797,France,Male,39,3,18906.56,1,1,1,18589.21,0
9408,15609407,Lee,796,Germany,Male,44,7,0.0,1,0,0,99638.61,1
9409,15609408,Harris,644,France,Male,38,1,0.0,3,1,1,151755.24,0
9410,15609409,Hernandez,604,Germany,Male,59,4,0.0,2,1,1,166110.05,0
9411,15609410,Moore,646,France,Female,58,5,161661.56,1,1,1,107875.95,0
9412,15609411,Wilson,758,Germany,Male,63,10,249516.13,2,1,0,198894.18,1
9413,15609412,Lopez,752,Spain,Male,39,7,53336.1,2,1,0,90417.51,0
9414,15609413,Johnson,400,France,Male,39,1,126482.37,1,0,1,16386.93,0
9415,15609414,Wilson,679,France,Male,38,8,133429.16,1,1,0,57929.31,0
9416,15609415,Williams,422,France,Male,41,6,0.0,2,1,0,131418.48,0
9417,15609416,Clark,648,Germany,Male,65,9,121767.06,1,1,0,125289.72,1
9418,15609417,Johnson,599,France,Female,67,3,0.0,2,1,1,66510.38,0
9419,15609418,Clark,569,Germany,Male,50,9,0.0,2,1,0,177577.66,0
9420,15609419,Davis,731,Germany,Female,89,1,0.0,2,1,1,52311.61,1
9421,15609420,Taylor,587,Spain,Female,43,7,80806.08,2,1,0,55857.84,0
9422,15609421,Miller,649,Germany,Male,48,1,0.0,1,1,1,102878.43,0
9423,15609422,Moore,560,Germany,Female,92,1,25390.2,2,1,1,87287.04,1
9424,15609423,Brown,657,France,Male,49,8,69291.24,1,1,0,96937.86,0
9425,15609424,Martin,742,Spain,Male,64,3,63220.1,2,0,1,129183.45,0
9426,15609425,Thomas,565,Spain,Male,60,6,0.0,2,1,0,190428.34,0
9427,15609426,Perez,711,France,Male,44,9,0.0,1,0,1,125033.65,0
9428,15609427,Lopez,655,Spain,Male,92,3,12832.91,1,1,1,56889.08,1
9429,15609428,Robinson,654,France,Male,61,4,0.0,2,1,1,197766.47,0
9430,15609429,Moore,616,Spain,Female,53,0,68213.45,1,1,1,172233.97,0
9431,15609430,Jones,724,Spain,Female,40,9,0.0,2,1,1,72502.46,0
9432,15609431,Sanchez,714,France,Male,51,0,134513.07,2,1,0,89821.29,0
9433,15609432,Ramirez,637,Germany,Male,66,9,0.0,2,1,0,29881.99,1
9434,15609433,Hernandez,669,France,Male,51,9,40992.07,1,0,1,96408.06,0
9435,15609434,Sanchez,721,France,Male,54,2,94620.8,2,1,1,80921.21,0
9436,15609435,Williams,701,France,Female,59,5,53114.45,2,1,1,169945.23,0
9437,15609436,Lee,620,Germany,Male,38,0,0.0,2,1,1,59342.81,0
9438,15609437,Davis,761,France,Male,40,3,120236.87,3,0,1,135898.98,0
9439,15609438,Brown,732,France,Female,61,8,36221.05,1,1,0,42145.68,1
9440,15609439,Gonzalez,850,Germany,Female,48,1,52271.68,1,1,0,71513.14,1
9441,15609440,Perez,499,France,Male,52,1,0.0,1,0,1,86946.77,0
9442,15609441,Sanchez,717,France,Female,54,1,0.0,1,1,0,197385.37,1
9443,15609442,Lopez,760,France,Male,49,9,149393.85,1,0,1,137774.22,0
9444,15609443,Clark,746,France,Male,83,9,154921.44,2,1,0,78842.86,1
9445,15609444,Lee,625,France,Male,70,6,39436.32,2,1,0,133457.33,1
9446,15609445,Robinson,519,France,Male,45,6,988.41,1,1,0,10394.27,1
9447,15609446,Miller,797,Spain,Female,48,5,68596.87,1,0,1,37360.01,0
9448,15609447,Rodriguez,603,Germany,Male,65,1,0.0,1,1,1,160377.84,0
9449,15609448,Wilson,621,France,Male,65,4,29328.23,2,1,1,193108.13,0
9450,15609449,Johnson,848,France,Male,42,5,144443.9,2,1,0,125545.82,0
9451,15609450,Thompson,527,France,Male,43,5,0.0,2,1,1,42533.56,0
9452,15609451,Ramirez,728,Germany,Female,52,9,0.0,2,1,0,186991.3,1
9453,15609452,Garcia,577,France,Male,72,5,94666.95,2,1,1,22833.4,0
9454,15609453,Garcia,575,France,Male,45,5,165482.31,2,0,1,131926.3,0
9455,15609454,Lee,666,Spain,Female,63,0,108607.95,2,1,1,86360.96,1
9456,15609455,Sanchez,714,France,Male,46,3,0.0,2,1,0,194124.51,0
9457,15609456,Robinson,741,France,Male,53,0,119783.2,2,1,0,72479.62,0
9458,15609457,Jackson,753,Spain,Male,69,2,193893.36,2,1,0,93258.48,0
9459,15609458,Thomas,582,Germany,Male,38,10,17261.95,1,1,0,171689.67,1
9460,15609459,Hernandez,540,France,Male,54,10,138789.34,2,1,1,62928.88,0
9461,15609460,Lewis,617,Germany,Male,40,10,147170.95,1,1,1,80736.25,0
9462,15609461,Ramirez,683,France,Female,85,10,86798.8,1,1,1,107665.57,1
9463,15609462,Robinson,630,Germany,Female,49,1,0.0,1,1,0,113506.63,0
9464,15609463,Garcia,350,France,Female,67,1,40940.44,2,1,1,22694.76,0
9465,15609464,Davis,474,Spain,Female,38,5,0.0,1,0,1,63525.56,0
9466,15609465,Thomas,626,Spain,Male,71,0,58178.96,2,1,1,41315.85,0
9467,15609466,White,732,Spain,Female,65,3,0.0,2,0,0,194331.21,1
9468,15609467,Taylor,563,Spain,Male,75,8,57915.88,2,0,1,55020.69,0
9469,15609468,Moore,720,Germany,Male,67,2,80646.63,2,0,1,2751.51,0
9470,15609469,Moore,506,France,Male,46,7,0.0,1,1,1,20850.14,0
9471,15609470,Miller,674,France,Male,35,8,139722.92,2,0,1,103656.17,0
9472,15609471,Thomas,675,Germany,Female,52,1,120197.45,2,0,1,129341.76,0
9473,15609472,Lewis,694,Spain,Male,50,4,0.0,1,1,0,15524.14,0
9474,15609473,Davis,553,France,Male,54,5,127634.64,1,1,0,7635.25,0
9475,15609474,Brown,501,Spain,Male,57,4,148777.22,2,1,1,76046.84,0
9476,15609475,Jackson,719,Spain,Male,74,5,96731.46,2,1,0,87552.63,1
9477,15609476,Martin,503,Spain,Male,68,4,0.0,1,1,1,55441.84,0
9478,15609477,Rodriguez,575,Spain,Male,72,6,57358.83,4,0,1,56539.32,1
9479,15609478,Lee,783,France,Male,50,4,153580.08,2,1,1,128486.56,0
9480,15609479,Brown,666,France,Female,65,4,75437.9,1,1,1,107151.03,0
9481,15609480,Thompson,685,France,Male,64,6,0.0,1,1,0,34237.84,1
9482,15609481,Miller,709,France,Male,73,2,0.0,2,1,1,76028.89,0
9483,15609482,Miller,706,Germany,Female,52,9,0.0,1,1,1,27341.58,0
9484,15609483,Sanchez,647,Spain,Female,82,6,75424.21,1,0,0,17881.05,1
9485,15609484,White,563,Spain,Male,84,7,0.0,1,1,0,140824.29,1
9486,15609485,Clark,850,Germany,Male,41,4,128891.4,2,1,1,175845.29,0
9487,15609486,Williams,621,France,Female,54,3,179626.85,1,0,0,75595.87,0
9488,15609487,Gonzalez,681,France,Male,61,1,0.0,1,0,0,20567.66,0
9489,15609488,Hernandez,692,France,Male,57,4,0.0,1,0,0,39083.11,1
9490,15609489,Rodriguez,598,France,Male,41,5,51853.12,2,1,1,171193.51,0
9491,15609490,Taylor,609,Germany,Female,42,10,72845.59,2,1,1,33677.03,0
9492,15609491,Johnson,792,France,Female,43,8,0.0,2,0,0,37138.42,0
9493,15609492,Thompson,579,France,Female,43,5,132807.96,1,1,0,37731.44,1
9494,15609493,Sanchez,689,France,Male,55,5,56763.91,1,0,0,141428.76,0
9495,15609494,Johnson,736,Germany,Male,86,5,170228.01,2,0,1,13166.61,1
9496,15609495,Martinez,629,France,Male,40,7,0.0,2,0,0,178114.33,0
9497,15609496,Martinez,640,France,Female,51,5,123595.94,2,1,0,131616.55,0
9498,15609497,Anderson,741,France,Female,53,10,228778.42,1,1,0,80850.62,0
9499,15609498,Martinez,636,Spain,Male,80,10,0.0,1,1,0,1128.53,1
9500,15609499,Robinson,450,France,Female,64,0,0.0,2,1,1,65362.74,1
9501,15609500,Jackson,794,Germany,Male,56,0,0.0,1,1,1,66788.92,0
9502,15609501,Thompson,556,Germany,Male,42,9,94273.88,2,0,1,54064.91,0
9503,15609502,Ramirez,670,Germany,Female,58,1,85709.22,1,1,1,57390.72,0
9504,15609503,Gonzalez,523,Spain,Male,67,0,0.0,2,1,1,45852.8,0
9505,15609504,Martinez,600,France,Male,40,2,0.0,2,1,0,129468.6,0
9506,15609505,Garcia,608,France,Male,56,2,0.0,2,1,1,132823.93,0
9507,15609506,Lewis,666,France,Female,60,3,73356.37,2,1,1,185265.17,0
9508,15609507,Johnson,565,Germany,Female,63,5,0.0,1,1,1,112914.73,1
9509,15609508,Smith,840,France,Female,61,9,93238.87,2,1,1,82048.92,0
9510,15609509,Hernandez,652,France,Female,70,6,0.0,1,1,1,131266.42,0
9511,15609510,Lee,734,Germany,Female,39,8,0.0,1,0,0,49413.17,0
9512,15609511,Moore,649,Germany,Male,72,7,0.0,2,0,1,175976.4,0
9513,15609512,Gonzalez,745,France,Female,38,5,0.0,2,1,0,123229.97,0
9514,15609513,Jackson,448,Germany,Female,62,8,119563.15,1,0,1,96989.58,1
9515,15609514,Rodriguez,582,Germany,Female,71,3,0.0,3,1,0,38273.81,1
9516,15609515,Hernandez,599,France,Female,47,10,0.0,1,1,0,2510.73,0
9517,15609516,Gonzalez,599,France,Female,43,5,0.0,2,1,1,36581.99,0
9518,15609517,Clark,699,Germany,Male,47,6,77146.77,2,0,1,155302.63,1
9519,15609518,Lee,706,Germany,Male,47,1,0.0,1,0,1,86325.35,0
9520,15609519,Jones,642,France,Female,49,0,66838.97,2,1,1,160838.82,0
9521,15609520,Moore,645,France,Female,64,9,64476.93,1,1,1,48002.71,0
9522,15609521,Moore,850,Germany,Female,52,7,4701.81,2,0,1,29005.19,1
9523,15609522,Hernandez,681,Spain,Male,58,7,163445.45,2,0,0,41609.31,0
9524,15609523,Miller,436,Germany,Male,46,10,105884.78,1,0,1,147697.92,0
9525,15609524,Lewis,723,France,Female,45,6,55177.61,1,1,0,125351.44,0
9526,15609525,Anderson,703,France,Female,45,8,186063.2,1,1,1,170679.75,0
9527,15609526,Perez,761,Spain,Female,57,8,0.0,1,0,1,113573.89,0
9528,15609527,Martinez,707,France,Male,60,2,157005.26,2,1,0,124816.93,0
9529,15609528,Lopez,563,Spain,Female,66,0,5584.87,1,1,1,72776.13,0
9530,15609529,Moore,735,Spain,Female,61,8,0.0,1,1,0,138840.79,0
9531,15609530,Johnson,659,France,Female,54,0,0.0,1,1,1,73308.94,0
9532,15609531,Miller,750,Spain,Male,50,0,98466.39,1,0,0,98805.69,0
9533,15609532,Lee,798,France,Male,40,4,10246.55,2,1,0,13499.19,0
9534,15609533,Ramirez,638,Spain,Female,46,1,0.0,2,1,1,64747.59,0
9535,15609534,Thompson,734,France,Male,37,1,88064.33,1,1,0,25533.25,0
9536,15609535,Garcia,749,France,Male,53,4,138583.02,2,1,0,94048.63,0
9537,15609536,Lopez,665,Germany,Male,44,6,70018.05,2,1,0,12406.56,0
9538,15609537,Brown,837,Spain,Female,48,5,86654.17,1,1,1,71202.12,0
9539,15609538,Davis,750,France,Male,56,4,58973.56,1,1,0,97184.16,1
9540,15609539,Garcia,593,Germany,Male,48,2,93584.17,2,1,1,110313.76,0
9541,15609540,Perez,674,France,Female,44,8,88956.81,2,1,0,48359.24,1
9542,15609541,Anderson,732,France,Female,44,7,175045.15,2,0,0,9570.01,0
9543,15609542,Ramirez,834,France,Male,70,10,62469.7,2,0,0,995.19,1
9544,15609543,Johnson,709,France,Male,54,2,171389.65,4,0,0,40396.82,1
9545,15609544,Hernandez,677,France,Female,59,6,0.0,1,0,0,97224.31,0
9546,15609545,Jackson,771,France,Male,43,2,184894.88,2,1,1,71801.09,0
9547,15609546,Sanchez,628,France,Female,40,10,172056.5,2,1,0,125584.74,0
9548,15609547,Wilson,554,France,Male,34,5,157321.57,2,0,1,62419.73,0
9549,15609548,Taylor,717,France,Female,47,2,60528.24,1,0,0,110621.56,1
9550,15609549,Harris,613,Spain,Female,79,7,105402.81,2,1,0,172414.27,0
9551,15609550,Smith,850,France,Female,58,2,175058.06,2,1,1,102752.3,1
9552,15609551,Martin,674,Spain,Male,47,4,59501.85,2,1,1,111142.31,0
9553,15609552,Jackson,718,Germany,Female,65,2,110617.55,4,1,0,127818.89,1
9554,15609553,Ramirez,589,Germany,Male,39,7,133036.15,1,1,1,57340.71,1
9555,15609554,White,771,Germany,Female,68,9,72270.23,3,1,1,147010.32,1
9556,15609555,Ramirez,647,Spain,Male,71,8,0.0,1,1,1,153454.61,0
9557,15609556,White,638,France,Female,47,5,36358.35,1,1,0,32300.22,0
9558,15609557,White,640,Germany,Male,48,9,0.0,1,0,0,113660.8,1
9559,15609558,Lewis,526,Germany,Female,55,3,0.0,1,0,1,88598.3,0
9560,15609559,Lopez,625,Germany,Male,40,9,159586.69,1,1,1,22541.44,0
9561,15609560,Martinez,702,Spain,Male,52,3,178706.57,1,1,1,187297.22,0
9562,15609561,Miller,501,France,Male,86,4,0.0,2,0,1,61995.28,0
9563,15609562,Perez,748,Germany,Male,45,10,72795.0,1,0,0,92932.22,0
9564,15609563,Perez,624,Germany,Male,50,2,80450.42,2,0,1,73086.69,0
9565,15609564,Ramirez,673,France,Male,51,10,0.0,3,1,0,147404.08,1
9566,15609565,Thompson,435,France,Female,65,3,0.0,1,1,1,125481.43,1
9567,15609566,Clark,671,Germany,Male,57,3,52088.42,3,0,1,129072.6,1
9568,15609567,Sanchez,549,Spain,Female,64,0,94633.36,2,1,0,10023.81,1
9569,15609568,Sanchez,616,France,Male,47,0,0.0,2,1,1,195200.98,0
9570,15609569,Taylor,499,Spain,Female,61,8,101007.21,2,1,1,56366.8,0
9571,15609570,Lewis,565,France,Male,40,2,151423.87,2,1,1,28459.01,0
9572,15609571,Martinez,634,France,Female,37,4,188388.07,2,1,1,45247.17,0
9573,15609572,Smith,623,France,Female,67,1,98494.2,1,1,1,141884.19,0
9574,15609573,Sanchez,734,France,Male,43,0,0.0,2,1,0,194080.97,0
9575,15609574,Miller,470,France,Female,35,6,104805.02,2,1,1,56623.15,0
9576,15609575,White,645,France,Male,52,9,101420.71,1,1,0,52324.49,0
9577,15609576,Davis,640,Germany,Female,60,8,120802.64,1,0,1,189390.17,1
9578,15609577,Jones,606,Germany,Male,36,3,0.0,2,1,1,123366.91,0
9579,15609578,Gonzalez,562,France,Male,49,3,187140.17,2,1,0,109501.19,0
9580,15609579,Brown,755,France,Male,59,2,0.0,2,1,0,56338.27,0
9581,15609580,Rodriguez,846,France,Female,58,2,88016.98,1,1,1,106906.72,1
9582,15609581,Harris,485,Germany,Male,35,1,73579.72,2,1,0,1800.99,0
9583,15609582,Perez,561,France,Female,55,2,85389.34,1,1,0,111601.39,0
9584,15609583,Sanchez,553,France,Male,56,4,144928.34,2,1,1,95721.06,0
9585,15609584,Gonzalez,622,Spain,Male,52,7,0.0,2,1,1,119975.14,0
9586,15609585,White,770,Spain,Female,68,7,84922.24,1,0,1,148577.88,0
9587,15609586,Hernandez,700,France,Female,49,4,110764.22,1,1,0,35393.31,0
9588,15609587,Anderson,635,France,Female,60,10,92059.7,2,1,0,35653.07,1
9589,15609588,Brown,651,France,Female,54,0,84394.3,2,1,0,89066.97,0
9590,15609589,Jackson,619,Spain,Female,57,9,0.0,2,1,1,147076.04,0
9591,15609590,Moore,720,Germany,Female,53,1,0.0,2,1,1,32960.99,0
9592,15609591,Lopez,732,France,Male,51,7,20706.91,1,1,1,84186.03,0
9593,15609592,Thompson,706,Germany,Male,71,9,0.0,1,1,1,111857.49,0
9594,15609593,Ramirez,439,France,Male,45,8,0.0,1,1,1,108231.06,0
9595,15609594,Smith,651,France,Male,45,10,0.0,1,1,1,174856.26,0
9596,15609595,Harris,632,France,Male,70,6,163765.56,1,1,0,70323.46,0
9597,15609596,Moore,745,France,Female,46,8,141959.79,2,1,1,34917.63,0
9598,15609597,Moore,672,France,Male,36,8,94982.98,2,1,0,43879.57,0
9599,15609598,Davis,703,France,Female,51,10,0.0,2,1,0,167060.5,0
9600,15609599,Gonzalez,602,France,Female,37,5,0.0,2,0,1,99456.5,0
9601,15609600,Ramirez,740,France,Male,30,5,320192.44,1,0,1,82305.96,0
9602,15609601,Robinson,768,Spain,Male,51,6,208905.02,2,0,1,138791.22,0
9603,15609602,Lopez,493,France,Female,59,0,0.0,1,1,1,92114.1,0
9604,15609603,Hernandez,525,France,Female,68,10,0.0,1,0,0,199756.97,0
9605,15609604,Perez,723,Germany,Female,64,8,0.0,2,1,1,85343.28,0
9606,15609605,Perez,633,Spain,Male,39,0,75597.8,1,1,1,74457.64,0
9607,15609606,Thompson,748,Spain,Female,48,7,146830.84,2,0,0,178347.33,1
9608,15609607,Lee,673,France,Male,61,9,0.0,1,0,0,24284.26,1
9609,15609608,Williams,716,France,Female,50,1,104183.38,2,0,0,15304.16,1
9610,15609609,Jackson,578,Germany,Female,44,9,100626.85,2,0,0,94091.92,0
9611,15609610,Moore,682,Germany,Male,34,10,153332.92,2,0,0,197926.52,0
9612,15609611,Lewis,682,France,Male,27,6,0.0,1,1,0,71437.37,0
9613,15609612,Martin,583,Spain,Male,52,4,49634.49,2,0,0,138990.47,1
9614,15609613,Robinson,746,France,Male,39,7,0.0,1,1,0,97479.59,0
9615,15609614,Thomas,468,Spain,Female,57,10,48410.24,1,1,1,142987.63,0
9616,15609615,Garcia,669,Spain,Male,46,9,172789.19,2,0,0,68376.77,0
9617,15609616,Jackson,525,Germany,Female,46,6,0.0,1,0,0,180240.0,1
9618,15609617,Martinez,551,Spain,Male,61,7,0.0,1,1,1,19025.68,0
9619,15609618,Martinez,744,Germany,Female,45,1,69625.09,1,0,0,161188.87,1
9620,15609619,Jones,544,France,Female,43,9,0.0,1,0,1,15855.66,0
9621,15609620,Anderson,540,France,Female,55,10,0.0,2,1,1,198190.45,0
9622,15609621,Davis,705,France,Male,45,8,0.0,2,1,0,38632.98,0
9623,15609622,Taylor,543,France,Male,50,5,121578.89,2,1,0,76294.84,0
9624,15609623,Thomas,747,Germany,Female,75,10,0.0,1,1,0,79421.36,1
9625,15609624,Miller,711,France,Male,53,5,75024.04,1,1,1,194942.34,0
9626,15609625,Moore,575,France,Male,50,5,91792.67,1,1,1,4272.01,0
9627,15609626,Lewis,744,Germany,Male,65,0,85956.59,1,1,0,52452.93,1
9628,15609627,Brown,463,Spain,Female,33,6,0.0,1,1,1,115821.68,0
9629,15609628,Anderson,695,France,Female,67,1,101511.37,2,1,0,112994.77,1
9630,15609629,Martin,530,France,Female,33,1,184358.88,1,1,1,37947.11,0
9631,15609630,Ramirez,599,France,Male,74,4,0.0,1,1,0,89214.88,1
9632,15609631,Garcia,605,Germany,Male,38,5,106329.38,1,1,1,4395.66,0
9633,15609632,Miller,773,France,Female,53,0,0.0,2,0,0,158277.43,1
9634,15609633,Sanchez,601,Germany,Male,38,0,6917.11,2,0,0,26404.08,0
9635,15609634,Smith,642,France,Male,63,0,87953.56,2,1,0,33191.65,0
9636,15609635,White,607,France,Female,66,6,0.0,2,1,1,86477.07,0
9637,15609636,Perez,555,Spain,Male,65,0,0.0,2,1,0,166956.86,1
9638,15609637,Lee,551,France,Male,44,8,0.0,1,1,1,82532.52,0
9639,15609638,Lee,679,France,Male,57,2,216928.86,2,0,1,97362.84,0
9640,15609639,Rodriguez,647,France,Male,74,9,42952.84,2,0,1,7995.57,1
9641,15609640,Martinez,723,France,Male,50,1,70303.87,2,1,1,87712.09,0
9642,15609641,White,626,Germany,Female,50,5,229570.49,2,1,1,184011.07,1
9643,15609642,Williams,629,France,Male,59,1,0.0,1,0,1,11270.76,0
9644,15609643,Perez,723,France,Male,44,4,0.0,1,0,0,67659.67,0
9645,15609644,Martinez,614,France,Female,40,4,0.0,1,0,1,113381.15,0
9646,15609645,Gonzalez,511,Germany,Female,35,8,88982.83,2,1,0,157899.1,0
9647,15609646,Davis,731,Spain,Male,59,3,158148.75,1,0,1,163070.82,0
9648,15609647,Jackson,584,Germany,Female,47,7,144770.62,2,1,0,9286.28,1
9649,15609648,Anderson,656,Germany,Female,56,6,200496.0,2,0,1,181215.68,0
9650,15609649,Lee,589,France,Male,49,6,84788.03,1,1,0,97296.63,0
9651,15609650,Thompson,556,France,Male,66,0,45404.83,2,1,1,4800.17,0
9652,15609651,Thompson,467,France,Male,70,5,0.0,2,1,1,100729.88,1
9653,15609652,Clark,682,France,Female,53,5,105937.71,2,1,1,174634.94,0
9654,15609653,Anderson,350,France,Male,74,9,0.0,2,1,1,40535.35,0
9655,15609654,Thompson,774,Germany,Male,44,7,0.0,1,1,1,175795.75,0
9656,15609655,Wilson,749,Germany,Female,43,5,129697.76,2,1,1,112375.14,0
9657,15609656,Thompson,562,Spain,Male,54,7,78690.66,1,0,1,35904.14,0
9658,15609657,Hernandez,802,France,Female,57,5,134477.57,1,1,1,100408.54,0
9659,15609658,Jones,847,Germany,Female,69,7,0.0,1,1,1,77873.18,1
9660,15609659,Sanchez,623,Spain,Male,51,4,76050.17,2,1,1,142720.6,0
9661,15609660,Perez,689,Germany,Female,55,8,136150.4,2,1,0,117288.91,0
9662,15609661,Martin,663,France,Male,92,3,90568.45,2,1,0,119645.62,1
9663,15609662,Thompson,795,France,Male,42,5,0.0,1,1,1,109594.91,0
9664,15609663,Perez,516,France,Male,49,10,0.0,2,1,0,147285.32,0
9665,15609664,Jackson,628,France,Female,58,1,49106.05,1,1,1,44452.1,0
9666,15609665,Brown,738,Germany,Female,79,2,153884.69,1,1,1,123100.6,1
9667,15609666,Martinez,728,France,Male,47,3,96644.26,2,1,1,49570.37,0
9668,15609667,Williams,645,France,Male,37,2,92459.64,3,0,1,13493.04,0
9669,15609668,Thomas,783,Germany,Male,74,6,0.0,2,1,0,147068.03,0
9670,15609669,White,672,Spain,Female,46,8,123325.61,1,1,1,49597.08,1
9671,15609670,Gonzalez,660,France,Female,43,5,45355.35,2,1,0,14330.51,0
9672,15609671,Clark,716,Germany,Female,47,2,124537.57,2,0,0,39340.76,1
9673,15609672,Miller,644,France,Female,44,8,112756.49,1,1,1,198579.46,0
9674,15609673,Clark,654,France,Female,57,0,122484.53,3,0,0,167271.69,1
9675,15609674,Miller,574,France,Male,63,4,0.0,2,1,1,113256.17,0
9676,15609675,Anderson,850,Germany,Male,52,10,0.0,3,1,1,68010.04,1
9677,15609676,Robinson,604,Spain,Female,49,10,0.0,2,1,0,68288.91,0
9678,15609677,Johnson,720,France,Male,66,9,0.0,2,1,0,71471.99,0
9679,15609678,Martin,833,Germany,Male,44,9,145867.81,2,1,0,196767.68,1
9680,15609679,Ramirez,521,France,Female,44,4,0.0,2,1,0,151112.69,0
9681,15609680,Anderson,708,Germany,Female,52,1,0.0,2,1,1,70496.93,0
9682,15609681,Gonzalez,652,France,Male,39,4,95860.98,2,1,0,3523.0,0
9683,15609682,Lee,822,France,Female,38,0,185980.0,1,1,1,52796.18,0
9684,15609683,Lopez,562,Spain,Female,46,0,0.0,1,1,1,41560.82,0
9685,15609684,Thompson,577,Germany,Male,49,10,0.0,1,1,1,41994.49,0
9686,15609685,Lee,645,France,Male,67,3,0.0,2,0,1,189917.95,0
9687,15609686,Taylor,602,France,Male,50,5,0.0,2,0,1,48558.09,0
9688,15609687,Miller,605,France,Male,47,10,90261.14,1,1,1,32458.36,0
9689,15609688,Ramirez,844,France,Female,40,1,70328.61,1,0,1,166332.5,0
9690,15609689,Davis,662,Spain,Male,64,4,0.0,1,1,1,163984.97,0
9691,15609690,Brown,574,Spain,Male,45,10,92597.37,2,1,1,86298.66,0
9692,15609691,Harris,612,France,Male,43,9,121081.19,1,1,0,125766.32,0
9693,15609692,Johnson,688,France,Male,50,4,0.0,2,1,1,196230.12,0
9694,15609693,Perez,682,Spain,Male,65,2,132000.28,1,1,0,189979.65,1
9695,15609694,Thomas,594,France,Female,56,3,78185.94,1,1,1,54258.03,0
9696,15609695,Rodriguez,493,Germany,Male,58,10,183498.54,1,0,1,80083.07,1
9697,15609696,Thomas,645,France,Female,45,1,0.0,2,1,1,61465.5,0
9698,15609697,Rodriguez,642,Germany,Female,60,6,0.0,1,1,1,39179.52,1
9699,15609698,Moore,587,Germany,Male,62,2,152116.36,2,1,0,44145.0,1
9700,15609699,Wilson,772,Spain,Female,58,5,19912.74,2,1,0,123802.23,1
9701,15609700,Ramirez,705,Spain,Female,63,8,26325.42,2,1,1,108754.77,0
9702,15609701,Brown,662,France,Male,81,6,183708.02,4,0,1,163950.95,1
9703,15609702,Williams,615,Germany,Male,70,3,0.0,1,1,0,76039.61,1
9704,15609703,Ramirez,816,Spain,Female,42,1,156642.47,2,1,1,138703.44,0
9705,15609704,Brown,539,France,Female,44,6,76685.91,2,1,0,199390.95,1
9706,15609705,White,602,France,Male,64,7,134107.67,1,1,1,89250.11,0
9707,15609706,White,606,France,Male,56,2,0.0,2,1,0,118047.58,0
9708,15609707,White,678,France,Male,76,10,17989.43,2,0,1,136399.79,0
9709,15609708,Davis,713,France,Male,68,6,0.0,2,1,1,125136.62,0
9710,15609709,Martin,521,Germany,Female,46,0,0.0,1,1,0,43343.82,1
9711,15609710,Sanchez,584,France,Male,39,10,0.0,1,0,0,116446.27,0
9712,15609711,Perez,692,Spain,Male,63,7,107556.16,1,1,1,6086.39,0
9713,15609712,Johnson,586,France,Male,45,6,87289.55,1,0,1,168311.98,0
9714,15609713,Thompson,611,France,Male,48,5,0.0,2,1,0,88606.59,0
9715,15609714,Anderson,666,France,Male,45,10,128814.37,2,1,0,95461.4,0
9716,15609715,Davis,555,France,Male,52,2,0.0,1,0,0,16936.64,0
9717,15609716,Brown,676,France,Male,61,3,0.0,2,1,0,31053.07,1
9718,15609717,Robinson,708,France,Female,49,7,0.0,1,0,0,75297.65,0
9719,15609718,Jones,653,France,Female,53,0,82810.83,1,1,1,175364.18,0
9720,15609719,Jackson,786,Germany,Male,50,1,0.0,2,0,0,28032.69,1
9721,15609720,Robinson,719,Spain,Male,63,0,118127.3,2,1,1,70600.6,0
9722,15609721,Wilson,646,France,Male,67,3,76934.06,2,1,1,173007.82,0
9723,15609722,Harris,619,Germany,Male,65,5,166945.52,2,0,0,152187.4,1
9724,15609723,Gonzalez,818,Germany,Male,75,4,91415.62,1,1,1,71194.01,1
9725,15609724,Davis,586,France,Male,39,5,145751.94,1,1,0,19481.96,0
9726,15609725,Martin,623,Spain,Female,68,1,154842.59,2,1,1,111666.09,0
9727,15609726,Moore,610,Spain,Male,47,4,123404.68,2,1,0,49690.6,0
9728,15609727,Gonzalez,688,France,Male,49,0,0.0,2,1,0,118671.61,0
9729,15609728,Ramirez,850,France,Female,35,5,75198.41,1,1,1,2799.75,0
9730,15609729,Harris,673,France,Female,59,3,24361.94,2,1,1,56679.04,0
9731,15609730,Moore,619,France,Male,39,9,14041.95,2,0,0,39355.3,0
9732,15609731,Sanchez,668,Germany,Male,58,8,0.0,1,1,0,144993.23,0
9733,15609732,Anderson,523,France,Male,42,2,40797.93,1,1,0,148531.41,0
9734,15609733,Wilson,631,Spain,Male,57,2,91137.82,2,0,0,152124.1,0
9735,15609734,Jackson,813,Germany,Male,67,8,106019.82,2,1,0,194955.8,1
9736,15609735,Lee,713,Germany,Male,57,3,109931.41,1,1,1,122217.6,0
9737,15609736,Williams,768,Germany,Male,50,6,133982.89,1,1,0,168801.7,1
9738,15609737,Hernandez,747,France,Female,53,9,0.0,2,0,0,119549.42,0
9739,15609738,Davis,581,France,Female,39,1,54447.28,2,1,1,80016.85,0
9740,15609739,Sanchez,833,Germany,Male,48,0,100984.6,1,1,1,157892.11,0
9741,15609740,Sanchez,479,France,Male,55,9,9723.33,2,0,0,87625.01,1
9742,15609741,Perez,681,France,Male,37,0,80102.02,2,1,0,189731.08,0
9743,15609742,Ramirez,452,Spain,Male,33,5,0.0,2,1,0,3964.05,0
9744,15609743,Lopez,485,Germany,Male,60,3,23920.92,2,1,1,126504.74,0
9745,15609744,Hernandez,739,France,Female,48,1,74769.31,1,1,0,191479.58,1
9746,15609745,Sanchez,583,Germany,Female,54,6,0.0,2,1,0,66891.49,0
9747,15609746,Taylor,769,Spain,Female,60,7,0.0,1,1,0,26826.01,1
9748,15609747,Garcia,441,France,Female,53,6,81838.04,1,0,0,57201.62,1
9749,15609748,Rodriguez,641,France,Female,61,9,193355.18,2,1,1,16389.83,0
9750,15609749,Rodriguez,533,Spain,Female,44,8,127265.48,1,1,0,68114.97,0
9751,15609750,Martinez,618,France,Female,54,0,0.0,1,1,0,139226.12,0
9752,15609751,Anderson,798,France,Male,35,9,77255.99,1,0,0,160498.54,0
9753,15609752,Hernandez,822,France,Male,52,5,0.0,2,0,1,116554.8,0
9754,15609753,Taylor,699,Spain,Female,40,7,0.0,2,1,1,143730.75,0
9755,15609754,Taylor,496,France,Female,80,8,0.0,1,1,0,10098.91,1
9756,15609755,Clark,534,France,Male,48,10,204222.36,2,1,1,39062.95,0
9757,15609756,Lopez,665,France,Male,43,7,154401.17,1,1,0,77046.98,0
9758,15609757,Clark,572,Spain,Male,49,5,0.0,1,1,1,173023.92,0
9759,15609758,Williams,713,France,Female,49,7,116255.38,1,1,1,63833.95,0
9760,15609759,Lewis,810,Germany,Male,38,7,50918.47,1,0,0,11179.78,1
9761,15609760,Jones,555,Spain,Female,65,0,195710.44,3,1,0,42771.59,1
9762,15609761,Wilson,564,France,Female,67,7,281788.45,2,1,1,151528.31,1
9763,15609762,Garcia,536,Spain,Female,80,6,18369.12,2,1,1,155866.86,1
9764,15609763,Robinson,625,Spain,Male,68,7,0.0,2,0,1,119344.43,0
9765,15609764,Lee,655,Spain,Male,65,7,156462.15,1,1,1,197815.5,0
9766,15609765,Martin,652,France,Male,58,9,0.0,1,1,1,128774.91,0
9767,15609766,Thompson,736,Germany,Male,57,10,0.0,2,1,0,47803.46,1
9768,15609767,White,687,Spain,Male,51,9,76608.48,2,0,0,119970.69,1
9769,15609768,Davis,644,Spain,Female,55,5,0.0,2,1,0,9232.78,0
9770,15609769,Hernandez,653,France,Male,56,8,0.0,1,0,0,132447.39,0
9771,15609770,Martinez,658,Spain,Female,55,2,64461.35,2,1,0,187775.55,0
9772,15609771,Lee,644,France,Female,65,9,0.0,2,1,0,131048.03,0
9773,15609772,Jones,584,France,Male,43,0,202616.18,1,1,1,126922.45,0
9774,15609773,Williams,534,France,Female,57,8,124057.06,1,0,1,115699.84,0
9775,15609774,Wilson,663,Spain,Female,49,9,203139.34,1,1,1,131457.97,0
9776,15609775,Robinson,602,France,Male,59,9,0.0,2,0,0,179496.77,0
9777,15609776,Perez,700,Germany,Male,71,1,82297.72,1,1,1,8730.4,1
9778,15609777,Anderson,656,Spain,Male,57,2,124307.84,2,1,0,9363.16,0
9779,15609778,Johnson,651,France,Male,73,10,29952.63,1,0,1,7303.06,0
9780,15609779,Miller,744,Germany,Female,68,3,164361.67,1,1,0,194912.47,1
9781,15609780,White,515,France,Male,64,7,0.0,2,1,1,3769.66,0
9782,15609781,White,819,France,Female,62,10,0.0,1,1,0,58293.27,0
9783,15609782,Williams,440,Germany,Male,43,8,97606.77,1,0,1,187017.49,0
9784,15609783,White,789,Spain,Male,55,2,103910.82,1,0,1,180316.62,0
9785,15609784,Johnson,669,Germany,Female,69,1,0.0,1,0,0,22660.32,1
9786,15609785,Harris,599,Spain,Female,82,1,0.0,1,1,1,149343.41,0
9787,15609786,Rodriguez,508,France,Male,38,10,15518.55,2,1,1,146148.84,0
9788,15609787,White,592,France,Male,37,8,106422.94,1,1,0,137769.8,0
9789,15609788,Taylor,634,Germany,Female,42,7,108998.24,2,0,1,163779.16,0
9790,15609789,Jackson,668,France,Female,52,1,0.0,1,1,1,151424.98,1
9791,15609790,Clark,788,France,Male,85,7,86311.48,2,1,0,188612.07,1
9792,15609791,Wilson,657,Germany,Male,52,3,0.0,1,1,0,191650.91,1
9793,15609792,Johnson,680,France,Male,48,5,0.0,2,1,1,72310.36,0
9794,15609793,Lee,683,France,Male,41,4,163451.67,2,1,0,26802.73,1
9795,15609794,Thomas,618,Germany,Female,53,4,106086.04,1,1,0,189775.48,1
9796,15609795,Gonzalez,631,Germany,Female,92,9,47772.03,2,0,1,57362.87,1
9797,15609796,Williams,639,Spain,Female,44,9,106162.78,2,1,1,560.16,0
9798,15609797,Hernandez,710,Germany,Male,45,6,112740.66,1,1,0,23044.25,0
9799,15609798,Anderson,562,France,Female,64,7,36171.98,2,1,1,115457.11,0
9800,15609799,Lee,601,Spain,Male,70,4,0.0,1,1,1,55369.93,0
9801,15609800,Davis,684,Spain,Female,46,3,0.0,1,1,0,102225.39,0
9802,15609801,Clark,546,France,Male,54,1,0.0,1,0,0,151478.83,0
9803,15609802,Hernandez,660,France,Male,92,4,0.0,2,1,1,34482.49,1
9804,15609803,Martinez,597,Germany,Female,62,7,98950.57,1,0,1,281.55,0
9805,15609804,Williams,698,Germany,Male,53,0,107642.1,1,1,1,151767.83,1
9806,15609805,Lopez,781,Spain,Female,61,5,222035.05,2,0,1,131048.28,0
9807,15609806,Perez,597,Germany,Female,65,1,0.0,2,1,0,68249.35,1
9808,15609807,Lewis,722,Germany,Male,52,1,0.0,2,1,1,34197.93,0
9809,15609808,Davis,669,Spain,Female,49,7,0.0,4,1,0,6165.22,1
9810,15609809,Williams,613,Germany,Male,39,5,84932.32,2,1,0,52999.53,0
9811,15609810,Robinson,650,France,Male,40,5,127985.45,1,1,0,197579.38,0
9812,15609811,Lopez,774,Spain,Female,40,5,0.0,1,1,0,67510.85,1
9813,15609812,Thomas,633,France,Female,65,8,73887.59,2,1,1,159802.63,0
9814,15609813,Garcia,775,Spain,Male,73,2,0.0,3,0,0,150545.4,1
9815,15609814,Martin,638,Spain,Male,41,1,53538.1,1,1,0,19455.53,0
9816,15609815,Gonzalez,514,Germany,Male,62,4,0.0,1,1,0,49892.57,1
9817,15609816,Lee,635,Germany,Female,40,5,85603.9,2,1,0,171761.91,1
9818,15609817,Brown,506,France,Female,35,8,197403.97,1,0,1,74855.26,0
9819,15609818,Jackson,619,France,Male,81,8,138499.27,1,1,1,144365.67,0
9820,15609819,Martin,615,France,Female,41,1,0.0,2,1,1,66562.36,0
9821,15609820,Jackson,824,Germany,Male,52,8,133362.43,1,1,0,73728.87,1
9822,15609821,Taylor,804,Spain,Male,34,8,18527.61,1,1,1,120558.94,0
9823,15609822,Johnson,658,Germany,Female,64,5,0.0,2,0,0,47090.62,1
9824,15609823,Miller,766,France,Male,50,0,53933.91,2,1,1,94481.45,0
9825,15609824,Perez,611,France,Male,54,10,91881.13,1,0,1,144845.54,0
9826,15609825,Miller,512,Spain,Female,54,7,0.0,1,1,0,2814.96,0
9827,15609826,Wilson,700,France,Male,42,7,125496.53,1,1,1,178574.74,0
9828,15609827,Williams,684,Germany,Male,44,7,0.0,1,1,0,97283.32,0
9829,15609828,Harris,559,Spain,Female,39,7,0.0,1,1,0,122197.78,0
9830,15609829,Taylor,564,Germany,Female,57,9,151915.47,1,1,1,148014.42,0
9831,15609830,Smith,740,France,Female,54,4,65162.98,1,1,1,27425.09,0
9832,15609831,Taylor,488,Spain,Male,52,1,55241.04,2,1,0,171326.74,1
9833,15609832,Lee,703,France,Male,62,8,138995.21,2,0,1,72460.57,1
9834,15609833,Thomas,619,Spain,Female,56,10,166649.03,1,0,1,10182.41,0
9835,15609834,Rodriguez,703,France,Male,50,5,132958.79,1,0,1,181784.65,0
9836,15609835,Thomas,744,France,Male,62,2,157320.4,2,0,1,159130.45,0
9837,15609836,Brown,566,Spain,Male,45,0,0.0,2,1,1,71462.03,0
9838,15609837,Brown,540,France,Male,38,4,182878.23,2,1,0,169781.94,0
9839,15609838,Ramirez,790,Germany,Male,49,3,0.0,3,1,1,128742.35,1
9840,15609839,Jones,644,Spain,Female,45,3,158384.04,1,1,0,158605.42,1
9841,15609840,Williams,681,Spain,Female,68,8,91124.75,2,1,1,193279.92,0
9842,15609841,Jones,737,Spain,Female,62,5,0.0,1,1,0,12681.05,1
9843,15609842,Robinson,557,France,Female,43,7,79333.29,2,1,1,156053.79,0
9844,15609843,Martinez,736,Germany,Female,41,8,134794.05,1,1,0,13175.72,1
9845,15609844,Johnson,711,France,Female,45,0,181009.41,1,1,1,135231.93,0
9846,15609845,Ramirez,791,France,Male,51,6,101545.27,1,0,1,161727.25,0
9847,15609846,Jackson,789,Spain,Male,52,6,72740.16,1,1,1,78756.6,0
9848,15609847,Martin,656,France,Male,45,8,137591.67,1,0,1,46300.14,0
9849,15609848,Clark,722,Germany,Male,55,0,0.0,2,1,1,44861.68,0
9850,15609849,Smith,654,Germany,Male,44,1,106978.54,1,1,1,63277.73,0
9851,15609850,Lopez,663,Germany,Male,75,5,0.0,1,0,1,147500.43,0
9852,15609851,Lee,541,Spain,Male,50,3,0.0,1,0,0,197942.17,0
9853,15609852,Thompson,628,France,Male,63,4,26954.27,2,0,1,196627.56,0
9854,15609853,Anderson,477,Germany,Male,64,4,122165.75,1,1,1,43245.24,1
9855,15609854,Garcia,636,Spain,Male,51,9,72605.17,1,0,0,28088.37,0
9856,15609855,Smith,776,France,Female,46,0,36517.69,1,1,1,32032.29,0
9857,15609856,Taylor,724,France,Male,38,0,0.0,2,0,1,115673.51,0
9858,15609857,Anderson,660,Germany,Female,43,6,45396.72,2,1,1,118400.1,0
9859,15609858,Martin,630,France,Female,50,2,116975.64,1,0,1,180026.35,0
9860,15609859,Moore,598,France,Female,43,4,103448.93,1,0,0,79074.07,1
9861,15609860,Lewis,561,Spain,Female,48,7,74756.16,1,1,1,173143.54,1
9862,15609861,Brown,728,Germany,Female,78,4,92396.89,2,1,0,31827.54,1
9863,15609862,Smith,502,Spain,Male,49,9,145473.55,2,1,1,166304.35,0
9864,15609863,Lee,500,Spain,Female,57,8,0.0,2,1,1,71759.78,0
9865,15609864,Hernandez,736,Germany,Female,64,3,214764.8,2,0,0,169045.44,1
9866,15609865,Harris,669,France,Female,76,6,0.0,3,1,0,62983.02,1
9867,15609866,Williams,654,France,Male,58,7,119436.27,2,1,0,147824.17,0
9868,15609867,Williams,669,France,Female,30,6,16632.75,1,1,1,170984.9,0
9869,15609868,Lee,842,Spain,Female,55,3,236782.99,1,0,1,24244.02,0
9870,15609869,Lopez,655,France,Female,41,7,23376.92,2,1,0,22505.29,1
9871,15609870,Moore,678,France,Female,45,9,102573.42,1,0,0,145769.49,0
9872,15609871,Smith,847,Germany,Male,52,10,160635.47,1,1,1,137720.74,0
9873,15609872,Brown,643,France,Male,64,9,151182.81,1,1,1,35098.6,0
9874,15609873,Lewis,815,France,Male,52,9,150483.95,4,1,1,199827.24,1
9875,15609874,Anderson,447,Germany,Male,42,3,0.0,1,1,1,28126.01,1
9876,15609875,Wilson,538,France,Male,64,9,0.0,2,1,1,99140.67,0
9877,15609876,Lewis,585,France,Male,43,7,0.0,2,1,1,46108.39,0
9878,15609877,Hernandez,706,France,Male,30,7,100446.72,2,0,0,16710.28,0
9879,15609878,Hernandez,820,Germany,Male,45,3,0.0,2,1,1,90044.25,0
9880,15609879,Thompson,593,Germany,Male,43,4,60147.86,2,0,0,199617.3,0
9881,15609880,Miller,743,France,Female,54,4,167850.63,1,1,1,191705.03,0
9882,15609881,Wilson,850,Germany,Female,64,4,170333.92,1,1,1,74948.06,0
9883,15609882,Hernandez,800,France,Female,43,2,0.0,1,1,0,100190.05,0
9884,15609883,Moore,611,Spain,Male,53,1,0.0,1,1,0,180680.24,0
9885,15609884,Jackson,733,France,Female,71,0,0.0,2,1,1,182511.79,0
9886,15609885,Miller,682,Germany,Male,42,10,0.0,2,1,0,155735.17,1
9887,15609886,Rodriguez,586,Spain,Female,54,2,0.0,2,1,0,51658.59,1
9888,15609887,Harris,691,Spain,Female,86,8,0.0,1,1,1,74379.02,0
9889,15609888,Perez,604,France,Female,57,6,0.0,1,1,1,114602.46,0
9890,15609889,Clark,661,France,Female,50,1,95708.31,2,1,0,171026.9,0
9891,15609890,Jackson,517,Germany,Male,59,10,149838.82,2,1,0,88227.79,1
9892,15609891,Thomas,480,France,Male,64,7,115661.42,2,1,1,124818.38,1
9893,15609892,Martinez,622,Spain,Female,54,10,154364.94,1,1,0,82098.59,0
9894,15609893,Perez,680,Germany,Male,78,7,0.0,1,1,0,117804.15,1
9895,15609894,Martinez,541,Germany,Male,48,6,0.0,2,1,0,2883.83,1
9896,15609895,Taylor,700,France,Female,45,10,0.0,2,1,1,74275.53,0
9897,15609896,Smith,654,Germany,Male,57,5,133801.11,2,1,1,153306.1,1
9898,15609897,Lee,712,Germany,Female,50,1,0.0,1,0,0,4950.08,0
9899,15609898,Garcia,740,Spain,Female,69,3,131092.09,2,1,0,163533.38,1
9900,15609899,Rodriguez,778,France,Male,66,0,0.0,2,1,1,197071.02,0
9901,15609900,Brown,707,France,Male,55,6,186865.36,4,1,1,97753.26,1
9902,15609901,Taylor,621,France,Male,59,10,0.0,2,1,1,34355.82,0
9903,15609902,Williams,668,France,Male,48,1,106615.56,1,0,1,170267.51,0
9904,15609903,Williams,850,Germany,Male,55,5,0.0,1,1,1,158659.5,0
9905,15609904,Hernandez,744,Spain,Male,33,8,0.0,1,1,0,195835.86,0
9906,15609905,Sanchez,656,France,Male,71,4,0.0,2,1,1,49176.95,0
9907,15609906,Ramirez,635,Spain,Male,57,4,79153.02,2,1,1,37402.63,0
9908,15609907,Harris,592,France,Female,59,3,0.0,2,1,0,26811.85,0
9909,15609908,Gonzalez,536,France,Female,52,0,0.0,1,1,0,88823.93,0
9910,15609909,Robinson,813,France,Female,54,3,12959.69,1,1,1,145435.72,0
9911,15609910,Clark,695,France,Male,50,8,0.0,2,0,1,28670.69,0
9912,15609911,Perez,528,Spain,Male,59,8,0.0,3,1,0,85273.7,1
9913,15609912,White,637,France,Female,51,6,0.0,2,1,1,49772.26,0
9914,15609913,White,771,Germany,Male,51,3,0.0,1,0,1,79203.07,0
9915,15609914,White,607,France,Male,31,8,0.0,1,0,1,10289.07,0
9916,15609915,Sanchez,571,Spain,Female,56,4,82950.51,1,0,1,77495.34,0
9917,15609916,Johnson,684,France,Male,58,9,83867.89,1,1,0,14565.89,1
9918,15609917,Robinson,713,France,Male,62,1,111162.75,1,0,0,154113.77,1
9919,15609918,Martinez,607,France,Female,59,8,226991.83,2,1,0,8807.54,0
9920,15609919,Martin,592,France,Female,34,5,42406.1,2,0,0,67766.98,0
9921,15609920,Smith,694,France,Male,54,4,0.0,1,1,0,25792.34,0
9922,15609921,Moore,542,Spain,Male,37,10,26537.22,2,1,0,142741.1,0
9923,15609922,Anderson,598,Germany,Female,52,9,110951.08,1,1,1,28457.91,0
9924,15609923,Garcia,638,Germany,Female,47,7,0.0,2,1,0,130427.23,1
9925,15609924,White,720,Germany,Male,66,1,0.0,2,0,1,123185.58,1
9926,15609925,Martin,608,France,Female,55,4,0.0,2,1,1,116949.12,0
9927,15609926,Garcia,704,France,Female,66,9,201934.65,2,1,0,53199.0,1
9928,15609927,Thompson,761,Spain,Male,37,7,56324.09,1,1,0,177564.41,0
9929,15609928,Davis,601,Spain,Female,47,3,0.0,1,1,1,37878.62,0
9930,15609929,Moore,850,Spain,Female,33,9,104087.41,1,1,0,73351.1,1
9931,15609930,Thomas,786,Spain,Male,72,9,82213.13,2,1,0,145555.23,0
9932,15609931,Martin,676,France,Female,66,10,215274.34,2,1,0,45138.71,0
9933,15609932,Anderson,632,France,Male,76,8,17941.05,2,0,1,121405.46,0
9934,15609933,Lewis,596,France,Female,69,6,0.0,1,1,0,143017.3,1
9935,15609934,Thomas,809,France,Female,54,6,49686.9,1,1,0,110170.66,0
9936,15609935,Anderson,670,France,Male,48,8,0.0,1,1,1,64670.28,0
9937,15609936,Thompson,511,France,Female,60,2,0.0,1,0,1,157399.15,0
9938,15609937,Martinez,485,Germany,Female,48,2,184971.35,2,1,0,21542.0,1
9939,15609938,Anderson,660,Spain,Male,60,9,0.0,1,1,0,45743.42,0
9940,15609939,Garcia,662,Germany,Male,48,6,0.0,1,0,1,74242.41,0
9941,15609940,Thomas,561,Spain,Male,63,1,100637.27,1,1,0,92774.81,1
9942,15609941,Perez,504,France,Female,43,9,117084.69,2,1,1,4675.53,0
9943,15609942,Martin,461,France,Female,63,2,142789.09,1,1,0,138642.52,0
9944,15609943,Anderson,577,Germany,Female,40,5,72101.24,2,1,0,35731.08,0
9945,15609944,Ramirez,615,France,Male,49,8,156575.61,1,1,1,178329.0,0
9946,15609945,Jackson,716,France,Male,38,3,0.0,1,1,1,61060.57,0
9947,15609946,Sanchez,637,France,Male,50,4,118251.32,1,1,0,54484.11,0
9948,15609947,Sanchez,752,France,Male,38,5,0.0,2,1,0,24467.96,0
9949,15609948,Thompson,708,Germany,Male,46,2,43995.48,2,1,0,150536.24,0
9950,15609949,Jackson,699,France,Male,58,1,136962.23,1,1,0,186164.67,0
9951,15609950,Martin,744,Germany,Male,48,3,0.0,1,0,1,157441.39,0
9952,15609951,Lopez,516,Germany,Female,46,5,0.0,1,1,1,172481.87,1
9953,15609952,Taylor,598,France,Female,44,3,13337.77,1,1,0,127721.41,0
9954,15609953,Johnson,850,France,Female,42,7,0.0,2,1,0,69076.66,0
9955,15609954,Thompson,467,France,Male,41,8,153203.06,1,1,0,149797.38,1
9956,15609955,Lopez,621,France,Female,62,7,0.0,1,0,0,39343.19,0
9957,15609956,Rodriguez,695,Germany,Female,69,6,96392.44,2,1,1,1462.81,1
9958,15609957,Martin,469,Spain,Female,52,1,99451.38,1,0,1,72238.64,0
9959,15609958,White,577,Germany,Male,66,9,73427.93,1,1,1,117536.53,0
9960,15609959,Brown,841,France,Male,77,1,115853.74,1,1,1,132053.97,0
9961,15609960,Sanchez,666,Germany,Male,50,9,255024.33,1,1,1,86768.67,0
9962,15609961,Robinson,594,Germany,Male,46,4,186105.24,1,1,1,170639.89,0
9963,15609962,Martin,670,France,Female,47,3,0.0,1,1,1,163296.99,0
9964,15609963,Harris,594,Germany,Female,58,3,124191.88,1,1,0,1415.31,1
9965,15609964,Jones,814,France,Male,92,3,85479.3,1,1,0,139799.85,1
9966,15609965,Lee,554,Germany,Male,37,6,63556.64,2,0,1,144113.06,0
9967,15609966,Lee,599,Germany,Female,86,2,178378.45,2,1,0,154176.84,1
9968,15609967,Sanchez,506,France,Male,46,1,96111.05,2,1,0,156248.4,0
9969,15609968,Jones,621,Germany,Female,49,4,97468.63,1,0,0,36006.86,1
9970,15609969,Anderson,633,France,Female,61,5,282405.68,1,0,1,41954.67,1
9971,15609970,Lee,764,France,Male,88,7,136570.94,2,0,1,108902.94,0
9972,15609971,Thomas,552,Spain,Female,28,10,0.0,1,0,0,63762.11,0
9973,15609972,Smith,696,Spain,Female,44,2,0.0,2,0,1,118996.53,0
9974,15609973,Garcia,658,France,Female,79,3,92028.38,2,1,0,93006.06,0
9975,15609974,Jones,468,France,Female,33,3,134752.16,2,1,1,55046.24,0
9976,15609975,Robinson,580,France,Female,40,3,14791.98,1,0,1,136664.73,0
9977,15609976,Williams,576,France,Male,52,6,61811.78,2,0,1,91601.14,0
9978,15609977,Martin,811,Spain,Male,43,3,130444.44,1,1,1,165151.89,0
9979,15609978,Ramirez,702,Spain,Male,53,6,0.0,1,1,0,8778.5,0
9980,15609979,Brown,663,Germany,Male,57,3,110820.93,2,1,1,46379.83,1
9981,15609980,Moore,350,France,Female,51,9,0.0,1,1,1,96.82,0
9982,15609981,White,466,Germany,Male,66,7,115785.48,1,0,0,83744.23,1
9983,15609982,Johnson,719,France,Female,71,4,0.0,1,1,0,41348.68,1
9984,15609983,Brown,725,Spain,Male,71,1,0.0,1,1,0,44155.98,0
9985,15609984,Wilson,578,Spain,Male,42,8,184965.61,2,1,1,138539.0,0
9986,15609985,Robinson,652,Germany,Female,70,8,0.0,1,1,1,157820.27,1
9987,15609986,Gonzalez,645,France,Male,88,0,243446.68,2,1,0,51319.36,1
9988,15609987,Williams,666,France,Female,58,4,72696.89,3,0,1,122949.2,1
9989,15609988,Perez,614,France,Male,52,2,0.0,1,0,1,116021.82,0
9990,15609989,Thomas,728,Spain,Female,53,9,58222.79,2,0,0,885.18,1
9991,15609990,Johnson,756,France,Female,39,10,34400.25,1,1,1,187666.5,0
9992,15609991,Lopez,557,France,Female,60,4,45663.32,1,1,1,68039.0,0
9993,15609992,Thomas,535,France,Male,47,3,0.0,1,0,1,61896.64,0
9994,15609993,Jones,573,Spain,Male,89,2,0.0,1,0,0,117553.2,1
9995,15609994,Moore,654,France,Female,68,6,26809.36,1,1,0,72458.58,1
9996,15609995,Jones,684,Spain,Female,61,4,0.0,1,1,0,59436.64,1
9997,15609996,Clark,725,Spain,Male,57,0,0.0,1,1,0,147193.25,0
9998,15609997,Hernandez,743,Spain,Male,33,3,112831.08,1,1,0,147692.75,0
9999,15609998,Miller,684,France,Male,70,0,151781.05,3,0,1,137090.55,1
10000,15609999,Jones,672,France,Male,25,2,41277.96,1,1,1,171400.3,0
